pmid,doi,pmcid,year,journal,title,search_arm,article_types,is_review_or_secondary,abstract_reports_auc,abstract_reports_sensitivity,abstract_reports_specificity,carries_quantitative_accuracy,database,pmc_fulltext_available
25349172,10.1038/mp.2014.127,,2014,Molecular psychiatry,Prognostic serum miRNA biomarkers associated with Alzheimer's disease shows concordance with neuropsychological and neuroimaging assessment.,AD,"Journal Article; Research Support, Non-U.S. Gov't",no,no,yes,yes,yes,PubMed,no
25589731,10.3233/JAD-142847,,2015,Journal of Alzheimer's disease : JAD,Serum miR-206 and miR-132 as Potential Circulating Biomarkers for Mild Cognitive Impairment.,AD,"Journal Article; Research Support, Non-U.S. Gov't",no,yes,no,no,yes,PubMed,no
25617425,10.1373/clinchem.2014.232165,,2015,Clinical chemistry,MicroRNA in vitro diagnostics using immunoassay analyzers.,AD,"Evaluation Study; Journal Article; Research Support, Non-U.S. Gov't",no,no,no,yes,no,PubMed,no
26484928,10.3233/JAD-150619,,2016,Journal of Alzheimer's disease : JAD,Circulating microRNAs as Biomarkers of Alzheimer's Disease: A Systematic Review.,AD,Journal Article; Systematic Review,yes,no,yes,yes,yes,PubMed,no
26497684,10.18632/oncotarget.6158,PMC4741914,2015,Oncotarget,Altered microRNA profiles in cerebrospinal fluid exosome in Parkinson disease and Alzheimer disease.,AD+PD,"Comparative Study; Journal Article; Research Support, Non-U.S. Gov't",no,no,no,no,no,PubMed,yes
26631952,10.1016/j.parkreldis.2015.11.014,,2015,Parkinsonism & related disorders,Identification of a panel of five serum miRNAs as a biomarker for Parkinson's disease.,AD+PD,"Journal Article; Research Support, Non-U.S. Gov't",no,no,no,no,no,PubMed,no
26973465,10.3389/fncel.2016.00051,PMC4771726,2016,Frontiers in cellular neuroscience,miRNAs Plasma Profiles in Vascular Dementia: Biomolecular Data and Biomedical Implications.,AD,Journal Article,no,yes,yes,yes,yes,PubMed,yes
27027823,10.1002/cbf.3184,,2016,Cell biochemistry and function,Downregulated serum miR-223 servers as biomarker in Alzheimer's disease.,AD,Journal Article,no,yes,yes,yes,yes,PubMed,no
27475403,10.1016/j.gpb.2016.04.005,PMC4996855,2016,"Genomics, proteomics & bioinformatics",Absent MicroRNAs in Different Tissues of Patients with Acquired Cardiomyopathy.,AD,Journal Article,no,no,no,no,no,PubMed,yes
27501295,10.1089/omi.2016.0099,,2016,Omics : a journal of integrative biology,Can Peripheral MicroRNA Expression Data Serve as Epigenomic (Upstream) Biomarkers of Alzheimer's Disease?,AD,Journal Article,no,no,no,yes,no,PubMed,no
27582688,10.3389/fnmol.2016.00069,PMC4987348,2016,Frontiers in molecular neuroscience,Aberration of miRNAs Expression in Leukocytes from Sporadic Amyotrophic Lateral Sclerosis.,PD,Journal Article,no,yes,no,no,yes,PubMed,yes
27631879,10.1007/s12035-016-0088-8,,2016,Molecular neurobiology,Plasma miR-34a-5p and miR-545-3p as Early Biomarkers of Alzheimer's Disease: Potential and Limitations.,AD+PD,"Journal Article; Research Support, Non-U.S. Gov't",no,no,no,no,no,PubMed,no
27709425,10.1007/s10048-016-0497-x,,2016,Neurogenetics,Epigenome-wide DNA methylation analysis in siblings and monozygotic twins discordant for sporadic Parkinson's disease revealed different epigenetic patterns in peripheral blood mononuclear cells.,PD,Journal Article; Twin Study,no,yes,no,no,yes,PubMed,no
27748571,10.1002/cbf.3224,,2016,Cell biochemistry and function,Serum miR-221 serves as a biomarker for Parkinson's disease.,PD,Journal Article,no,no,no,no,no,PubMed,no
27814298,10.3233/JAD-160835,PMC5587208,2017,Journal of Alzheimer's disease : JAD,MicroRNAs in Human Cerebrospinal Fluid as Biomarkers for Alzheimer's Disease.,AD,"Journal Article; Research Support, N.I.H., Extramural",no,yes,no,no,yes,PubMed,yes
27844283,10.1007/s12035-016-0253-0,PMC5684261,2016,Molecular neurobiology,MicroRNAs in Cerebrospinal Fluid as Potential Biomarkers for Parkinson's Disease and Multiple System Atrophy.,PD,Journal Article,no,yes,no,no,yes,PubMed,yes
27909844,10.1007/s10895-016-1988-8,,2016,Journal of fluorescence,Design and Fabrication a Gold Nanoparticle-DNA Based Nanobiosensor for Detection of microRNA Involved in Alzheimer's Disease.,AD,Journal Article,no,no,no,no,no,PubMed,no
27911315,10.3233/JAD-160848,PMC5240577,2017,Journal of Alzheimer's disease : JAD,Decreased Expression of hsa-miR-4274 in Cerebrospinal Fluid of Normal Pressure Hydrocephalus Mimics with Parkinsonian Syndromes.,AD,"Journal Article; Research Support, Non-U.S. Gov't",no,yes,no,no,yes,PubMed,yes
27999671,10.1186/s40364-016-0076-1,PMC5151129,2016,Biomarker research,Plasma microRNA biomarker detection for mild cognitive impairment using differential correlation analysis.,AD,Journal Article,no,yes,no,no,yes,PubMed,yes
28095900,10.1186/s12916-017-0779-7,PMC5241961,2017,BMC medicine,Post-stroke dementia - a comprehensive review.,AD,Journal Article; Review,yes,no,no,no,no,PubMed,yes
28137310,10.1186/s40478-017-0414-z,PMC5282710,2017,Acta neuropathologica communications,Serum microRNA miR-501-3p as a potential biomarker related to the progression of Alzheimer's disease.,AD,Journal Article,no,yes,yes,yes,yes,PubMed,yes
28181066,10.1007/s10072-017-2841-9,,2017,Neurological sciences : official journal of the Italian Neurological Society and of the Italian Society of Clinical Neurophysiology,Plasma levels of miR-137 and miR-124 are associated with Parkinson's disease but not with Parkinson's disease with depression.,PD,Journal Article,no,yes,no,no,yes,PubMed,no
28223160,10.1016/j.neulet.2017.02.045,,2017,Neuroscience letters,MicroRNA biomarkers of Parkinson's disease in serum exosome-like microvesicles.,AD+PD,Journal Article,no,yes,no,no,yes,PubMed,no
28934394,10.1093/hmg/ddx267,PMC6075184,2017,Human molecular genetics,MicroRNA-455-3p as a potential peripheral biomarker for Alzheimer's disease.,AD,"Journal Article; Research Support, Non-U.S. Gov't; Research Support, N.I.H., Extramural",no,yes,no,no,yes,PubMed,yes
29036818,10.3233/JAD-170343,,2017,Journal of Alzheimer's disease : JAD,A 9-microRNA Signature in Serum Serves as a Noninvasive Biomarker in Early Diagnosis of Alzheimer's Disease.,AD,Journal Article; Validation Study,no,yes,yes,yes,yes,PubMed,no
29060554,10.1109/EMBC.2017.8037513,,2017,Annual International Conference of the IEEE Engineering in Medicine and Biology Society. IEEE Engineering in Medicine and Biology Society. Annual International Conference,Ensemble transfer learning for Alzheimer's disease diagnosis.,AD,Journal Article,no,no,no,no,no,PubMed,no
29070791,10.1038/s41598-017-13700-w,PMC5656592,2017,Scientific reports,Identification of molecular alterations in leukocytes from gene expression profiles of peripheral whole blood of Alzheimer's disease.,AD,"Journal Article; Research Support, Non-U.S. Gov't",no,yes,no,no,yes,PubMed,yes
29121998,10.1186/s13195-017-0316-0,PMC5679501,2017,Alzheimer's research & therapy,Circulating brain-enriched microRNAs as novel biomarkers for detection and differentiation of neurodegenerative diseases.,AD+PD,Journal Article,no,yes,no,no,yes,PubMed,yes
29214873,10.1080/21691401.2017.1411930,,2017,"Artificial cells, nanomedicine, and biotechnology",A highly sensitive miR-195 nanobiosensor for early detection of Parkinson's disease.,PD,Journal Article,no,no,no,no,no,PubMed,no
29512080,10.1007/978-1-4939-7704-8_19,,2018,"Methods in molecular biology (Clifton, N.J.)",Analysis of Micro-RNA Expression by qPCR on a Microfluidics Platform for Alzheimer's Disease Biomarker Discovery.,AD,Journal Article,no,no,no,no,no,PubMed,no
29559383,10.1016/j.neuroscience.2018.03.016,,2018,Neuroscience,Serum Exosomal miR-223 Serves as a Potential Diagnostic and Prognostic Biomarker for Dementia.,AD,"Journal Article; Research Support, Non-U.S. Gov't",no,yes,no,no,yes,PubMed,no
29606187,10.3967/bes2018.011,,2018,Biomedical and environmental sciences : BES,"The Serum Exosome Derived MicroRNA-135a, -193b, and -384 Were Potential Alzheimer's Disease Biomarkers.",AD+PD,Journal Article,no,no,no,no,no,PubMed,no
29670823,10.1002/brb3.941,PMC5893342,2018,Brain and behavior,Identification of aberrant circulating miRNAs in Parkinson's disease plasma samples.,PD,"Journal Article; Research Support, Non-U.S. Gov't",no,no,no,no,no,PubMed,yes
29707120,10.18632/oncotarget.24736,PMC5915128,2018,Oncotarget,miRNA-based signatures in cerebrospinal fluid as potential diagnostic tools for early stage Parkinson's disease.,PD,Journal Article,no,no,yes,yes,yes,PubMed,yes
29746584,10.1371/journal.pone.0197329,PMC5945001,2018,PloS one,Specific serum and CSF microRNA profiles distinguish sporadic behavioural variant of frontotemporal dementia compared with Alzheimer patients and cognitively healthy controls.,AD,"Journal Article; Multicenter Study; Research Support, Non-U.S. Gov't",no,no,yes,yes,yes,PubMed,yes
29782966,10.1016/j.nbd.2018.05.007,PMC6240498,2018,Neurobiology of disease,Epilepsy biomarkers - Toward etiology and pathology specificity.,AD,"Journal Article; Research Support, N.I.H., Extramural; Research Support, Non-U.S. Gov't; Review",yes,yes,no,no,yes,PubMed,yes
29800558,10.1016/j.cca.2018.05.039,,2018,Clinica chimica acta; international journal of clinical chemistry,Circulating microRNAs as novel biomarkers of Alzheimer's disease.,AD,Journal Article; Review,yes,no,no,no,no,PubMed,no
29885309,10.1016/j.clinbiochem.2018.05.020,,2018,Clinical biochemistry,Micro RNA as a potential blood-based epigenetic biomarker for Alzheimer's disease.,AD,Journal Article; Review,yes,no,no,no,no,PubMed,no
30178852,10.26355/eurrev_201808_15727,,2018,European review for medical and pharmacological sciences,Circulating exosomal miRNAs as diagnostic biomarkers in Parkinson's disease.,PD,Journal Article,no,no,no,no,no,PubMed,no
30233304,10.3389/fnins.2018.00625,PMC6135037,2018,Frontiers in neuroscience,Circulating miRNAs as Diagnostic Biomarkers for Parkinson's Disease.,PD,Journal Article; Review,yes,no,no,no,no,PubMed,yes
30557454,10.1002/mds.27542,,2018,Movement disorders : official journal of the Movement Disorder Society,The biomarker potential of cell-free microRNA from cerebrospinal fluid in Parkinsonian Syndromes.,PD,"Journal Article; Research Support, Non-U.S. Gov't",no,yes,no,no,yes,PubMed,no
30618559,10.3389/fnins.2018.00930,PMC6297847,2018,Frontiers in neuroscience,Impact of Metabolic Syndrome on Neuroinflammation and the Blood-Brain Barrier.,AD,Journal Article; Review,yes,no,no,no,no,PubMed,yes
31003905,10.1016/j.parkreldis.2019.04.010,,2019,Parkinsonism & related disorders,Combinatory microRNA serum signatures as classifiers of Parkinson's disease.,AD+PD,"Journal Article; Research Support, N.I.H., Extramural; Research Support, Non-U.S. Gov't",no,yes,no,no,yes,PubMed,no
31092279,10.1186/s13195-019-0501-4,PMC6521366,2019,Alzheimer's research & therapy,Altered microRNAs related to synaptic function as potential plasma biomarkers for Alzheimer's disease.,AD,"Journal Article; Research Support, Non-U.S. Gov't",no,no,no,no,no,PubMed,yes
31204500,10.1177/0963689719857085,PMC6728707,2019,Cell transplantation,MicroRNA-101a Regulates Autophagy Phenomenon via the MAPK Pathway to Modulate Alzheimer's-Associated Pathogenesis.,AD,"Journal Article; Research Support, Non-U.S. Gov't",no,no,yes,yes,yes,PubMed,yes
31290435,10.4103/1673-5374.259602,PMC6676865,2019,Neural regeneration research,MicroRNAs as biomarkers of diabetic retinopathy and disease progression.,AD,Journal Article; Review,yes,no,no,no,no,PubMed,yes
31385521,10.2217/bmm-2018-0341,,2019,Biomarkers in medicine,Blood circulating miRNAs as biomarkers of Alzheimer's disease: a systematic review and meta-analysis.,AD,"Journal Article; Meta-Analysis; Research Support, Non-U.S. Gov't; Systematic Review",yes,no,yes,yes,yes,PubMed,no
31420923,10.1002/jcla.23006,PMC6977154,2019,Journal of clinical laboratory analysis,An investigation of microRNA-103 and microRNA-107 as potential blood-based biomarkers for disease risk and progression of Alzheimer's disease.,AD+PD,Journal Article,no,no,no,no,no,PubMed,yes
31450503,10.3233/JAD-190574,,2019,Journal of Alzheimer's disease : JAD,Multivariate Platelet Analysis Differentiates Between Patients with Alzheimer's Disease and Healthy Controls at First Clinical Diagnosis.,AD,Journal Article,no,no,yes,yes,yes,PubMed,no
31551498,10.1038/s41598-019-50256-3,PMC6760236,2019,Scientific reports,"Expression Profiling of Blood microRNAs 885, 361, and 17 in the Patients with the Parkinson's disease: Integrating Interaction Data to Uncover the Possible Triggering Age-Related Mechanisms.",PD,"Journal Article; Research Support, Non-U.S. Gov't",no,yes,no,no,yes,PubMed,yes
31572127,10.3389/fncel.2019.00399,PMC6753175,2019,Frontiers in cellular neuroscience,Upregulated Expression of MicroRNA-204-5p Leads to the Death of Dopaminergic Cells by Targeting DYRK1A-Mediated Apoptotic Signaling Cascade.,PD,Journal Article,no,no,no,no,no,PubMed,yes
31572518,10.3892/etm.2019.7855,PMC6755445,2019,Experimental and therapeutic medicine,miR-133b is a potential diagnostic biomarker for Alzheimer's disease and has a neuroprotective role.,AD,Journal Article,no,yes,yes,yes,yes,PubMed,yes
31591382,10.1038/s41398-019-0579-2,PMC6779890,2019,Translational psychiatry,A combined miRNA-piRNA signature to detect Alzheimer's disease.,AD,"Journal Article; Multicenter Study; Research Support, Non-U.S. Gov't",no,yes,no,no,yes,PubMed,yes
31592314,10.1186/s40035-019-0169-5,PMC6775659,2019,Translational neurodegeneration,Exploratory study on microRNA profiles from plasma-derived extracellular vesicles in Alzheimer's disease and dementia with Lewy bodies.,AD,Journal Article,no,no,no,no,no,PubMed,yes
31598718,10.1093/nar/gkz869,PMC6943056,2020,Nucleic acids research,SEAweb: the small RNA Expression Atlas web application.,PD,"Journal Article; Research Support, Non-U.S. Gov't",no,no,no,no,no,PubMed,yes
31666070,10.1186/s12920-019-0607-3,PMC6822471,2019,BMC medical genomics,A comparison of machine learning classifiers for dementia with Lewy bodies using miRNA expression data.,AD,"Journal Article; Research Support, Non-U.S. Gov't",no,no,no,no,no,PubMed,yes
31691877,10.1007/s10571-019-00751-y,PMC11448951,2019,Cellular and molecular neurobiology,Specific Signatures of Serum miRNAs as Potential Biomarkers to Discriminate Clinically Similar Neurodegenerative and Vascular-Related Diseases.,AD+PD,Journal Article,no,no,no,no,no,PubMed,yes
31809862,10.1016/j.gpb.2019.09.004,PMC6943763,2019,"Genomics, proteomics & bioinformatics",Machine Learning to Detect Alzheimer's Disease from Circulating Non-coding RNAs.,AD,"Journal Article; Research Support, Non-U.S. Gov't",no,yes,no,no,yes,PubMed,yes
31811079,10.1373/jalm.2019.029595,,2020,The journal of applied laboratory medicine,A Machine Learning Approach to Identify a Circulating MicroRNA Signature for Alzheimer Disease.,AD,"Journal Article; Research Support, Non-U.S. Gov't",no,no,yes,yes,yes,PubMed,no
31833555,10.1042/BSR20181404,PMC6911155,2019,Bioscience reports,A nanobiosensor based on graphene oxide and DNA binding dye for multi-microRNAs detection.,AD,"Journal Article; Research Support, Non-U.S. Gov't",no,no,no,no,no,PubMed,yes
31849573,10.3389/fnins.2019.01208,PMC6902042,2019,Frontiers in neuroscience,miR-212 and miR-132 Are Downregulated in Neurally Derived Plasma Exosomes of Alzheimer's Patients.,AD,Journal Article,no,no,no,no,no,PubMed,yes
31857133,10.1016/j.exger.2019.110814,,2019,Experimental gerontology,Diagnostic value of miR-193a-3p in Alzheimer's disease and miR-193a-3p attenuates amyloid-β induced neurotoxicity by targeting PTEN.,AD,Journal Article,no,yes,yes,yes,yes,PubMed,no
32077254,10.1002/mgg3.1189,PMC7196454,2020,Molecular genetics & genomic medicine,MicroRNA-150 serves as a diagnostic biomarker and is involved in the inflammatory pathogenesis of Parkinson's disease.,PD,Journal Article,no,no,no,no,no,PubMed,yes
32133447,10.15386/mpr-1393,PMC7051826,2020,Medicine and pharmacy reports,Diagnostic and prognostic value of microRNAs for Alzheimer's disease: a comprehensive meta-analysis.,AD,Journal Article,yes,no,no,no,no,PubMed,yes
32135232,10.1016/j.neuroscience.2020.02.044,,2020,Neuroscience,Profile of Pathogenic Proteins and MicroRNAs in Plasma-derived Extracellular Vesicles in Alzheimer's Disease: A Pilot Study.,AD,"Journal Article; Research Support, Non-U.S. Gov't",no,no,no,no,no,PubMed,no
32141790,10.1080/13813455.2020.1734842,,2020,Archives of physiology and biochemistry,Downregulation of serum miR-106b: a potential biomarker for Alzheimer disease.,AD,Journal Article,no,no,yes,yes,yes,PubMed,no
32321013,10.1590/0001-3765202020181203,,2020,Anais da Academia Brasileira de Ciencias,Plasma miR-1273g-3p acts as a potential biomarker for early Breast Ductal Cancer diagnosis.,AD,Journal Article,no,no,no,no,no,PubMed,no
32546033,10.1080/00207454.2020.1784165,,2020,The International journal of neuroscience,Serum microRNA expression levels in Turkish patients with Parkinson's disease.,PD,Journal Article,no,yes,yes,yes,yes,PubMed,no
32585840,10.3390/biom10060945,PMC7356527,2020,Biomolecules,Circulating Inflammatory miRNAs Associated with Parkinson's Disease Pathophysiology.,PD,"Journal Article; Research Support, Non-U.S. Gov't",no,yes,no,no,yes,PubMed,yes
32625049,10.3389/fnins.2020.00564,PMC7314926,2020,Frontiers in neuroscience,Therapeutic Effects of Transplanted Exosomes Containing miR-29b to a Rat Model of Alzheimer's Disease.,AD,Journal Article,no,no,no,no,no,PubMed,yes
32649312,10.18632/aging.103458,PMC7377865,2020,Aging,Association of the serum microRNA-29 family with cognitive impairment in Parkinson's disease.,PD,"Journal Article; Observational Study; Research Support, Non-U.S. Gov't",no,yes,no,no,yes,PubMed,yes
32720075,10.1007/s12035-020-02031-z,,2020,Molecular neurobiology,Circulating MicroRNA Profile Associated with Obstructive Sleep Apnea in Alzheimer's Disease.,AD,Journal Article,no,yes,no,no,yes,PubMed,no
32729466,10.1016/j.bios.2020.112278,,2020,Biosensors & bioelectronics,High fluorescence quenching probe-based reverse fluorescence enhancement LFTS coupling with IS-primer amplification reaction for the rapid and sensitive Parkinson Disease-associated MicroRNA detection.,PD,Journal Article,no,no,no,no,no,PubMed,no
32767426,10.1002/med.21718,PMC7589267,2020,Medicinal research reviews,Progress in the molecular pathogenesis and nucleic acid therapeutics for Parkinson's disease in the precision medicine era.,PD,"Journal Article; Research Support, Non-U.S. Gov't; Review",yes,no,no,no,no,PubMed,yes
32860338,10.1002/acn3.51146,PMC7480914,2020,Annals of clinical and translational neurology,Validation of differentially expressed brain-enriched microRNAs in the plasma of PD patients.,PD,"Journal Article; Research Support, Non-U.S. Gov't; Validation Study",no,no,no,no,no,PubMed,yes
32871216,10.1016/j.exger.2020.111080,,2020,Experimental gerontology,Clinical significance of miR-433 in the diagnosis of Alzheimer's disease and its effect on Aβ-induced neurotoxicity by regulating JAK2.,AD,Journal Article,no,no,no,no,no,PubMed,no
32955460,10.3233/JAD-200396,PMC9262405,2020,Journal of Alzheimer's disease : JAD,Performance of Validated MicroRNA Biomarkers for Alzheimer's Disease in Mild Cognitive Impairment.,AD,"Journal Article; Research Support, N.I.H., Extramural",no,yes,no,no,yes,PubMed,yes
32962113,10.3390/jcm9093016,PMC7563988,2020,Journal of clinical medicine,Accurate Blood-Based Diagnostic Biosignatures for Alzheimer's Disease via Automated Machine Learning.,AD,Journal Article,no,yes,no,no,yes,PubMed,yes
33042470,,PMC7540111,2020,American journal of translational research,"Long noncoding RNA MALAT1 and its target microRNA-125b are potential biomarkers for Alzheimer's disease management via interactions with FOXQ1, PTGS2 and CDK5.",AD+PD,Journal Article,no,no,no,no,no,PubMed,yes
33045885,10.1080/00207454.2020.1835899,,2020,The International journal of neuroscience,Differential expression and significance of miRNAs in plasma extracellular vesicles of patients with Parkinson's disease.,PD,Journal Article,no,no,no,no,no,PubMed,no
33076555,10.3390/ijms21207644,PMC7588983,2020,International journal of molecular sciences,Uncharacterized RNAs in Plasma of Alzheimer's Patients Are Associated with Cognitive Impairment and Show a Potential Diagnostic Power.,AD,Journal Article,no,no,no,no,no,PubMed,yes
33093831,10.3389/fnagi.2020.580199,PMC7506134,2020,Frontiers in aging neuroscience,Circulating Exosome microRNAs as Diagnostic Biomarkers of Dementia.,AD+PD,Journal Article; Review,yes,no,no,no,no,PubMed,yes
33094634,10.1177/1533317520951686,PMC10624042,2020,American journal of Alzheimer's disease and other dementias,Circulating MicroRNAs as Diagnostic Biomarkers of Clinical Cognitive Impairment: A Meta-Analysis.,AD,"Journal Article; Meta-Analysis; Research Support, Non-U.S. Gov't",yes,no,yes,yes,yes,PubMed,yes
33129241,10.29252/ibj.25.1.62,PMC7748118,2020,Iranian biomedical journal,The Highlighted Roles of Metabolic and Cellular Response to Stress Pathways Engaged in Circulating hsa-miR-494-3p and hsa-miR-661 in Alzheimer's Disease.,AD,Journal Article,no,yes,no,no,yes,PubMed,yes
33220166,10.1002/mgg3.1548,PMC7963426,2020,Molecular genetics & genomic medicine,MiR-485-3p serves as a biomarker and therapeutic target of Alzheimer's disease via regulating neuronal cell viability and neuroinflammation by targeting AKT3.,AD,Journal Article; Retracted Publication,yes,no,no,no,no,PubMed,yes
33279668,10.1016/j.exger.2020.111187,,2020,Experimental gerontology,Neuroprotective effects of miR-331-3p through improved cell viability and inflammatory marker expression: Correlation of serum miR-331-3p levels with diagnosis and severity of Alzheimer's disease.,AD,"Journal Article; Research Support, Non-U.S. Gov't",no,no,no,no,no,PubMed,no
33416118,10.3892/ijmm.2020.4806,PMC7797475,2020,International journal of molecular medicine,MicroRNA‑34a‑5p expression in the plasma and in its extracellular vesicle fractions in subjects with Parkinson's disease: An exploratory study.,PD,Clinical Trial; Journal Article,no,yes,no,no,yes,PubMed,yes
33424579,10.3389/fnagi.2020.601965,PMC7793744,2020,Frontiers in aging neuroscience,Identification of Circular RNA hsa_Circ_0003391 in Peripheral Blood Is Potentially Associated With Alzheimer's Disease.,AD,Journal Article,no,yes,no,no,yes,PubMed,yes
33428703,10.1590/1678-4685-GMB-2020-0064,PMC7802068,2021,Genetics and molecular biology,MicroRNA-149 is downregulated in Alzheimer's disease and inhibits β-amyloid accumulation and ameliorates neuronal viability through targeting BACE1.,AD,Journal Article,no,no,no,no,no,PubMed,yes
33433033,10.1002/mds.28467,PMC8248110,2021,Movement disorders : official journal of the Movement Disorder Society,Differentially Expressed Circular RNAs in Peripheral Blood Mononuclear Cells of Patients with Parkinson's Disease.,PD,"Journal Article; Research Support, Non-U.S. Gov't",no,yes,no,no,yes,PubMed,yes
33531104,10.3967/bes2021.004,,2021,Biomedical and environmental sciences : BES,MicroRNA-135a in ABCA1-labeled Exosome is a Serum Biomarker Candidate for Alzheimer's Disease.,AD,Journal Article,no,no,no,no,no,PubMed,no
33542630,10.2147/NDT.S290925,PMC7853421,2021,Neuropsychiatric disease and treatment,Serum miR-128 Serves as a Potential Diagnostic Biomarker for Alzheimer's Disease.,AD,Journal Article,no,yes,no,no,yes,PubMed,yes
33548978,,,2020,The Egyptian journal of immunology,MiRNA -483-5p as a Potential Noninvasive Biomarker for Early Detection of Alzheimer's Disease.,AD,Journal Article,no,no,yes,yes,yes,PubMed,no
33629272,10.1007/s12035-021-02323-y,,2021,Molecular neurobiology,Profiling of Serum Exosome MiRNA Reveals the Potential of a MiRNA Panel as Diagnostic Biomarker for Alzheimer's Disease.,AD,Journal Article,no,yes,no,no,yes,PubMed,no
33660812,10.26355/eurrev_202102_25102,,2021,European review for medical and pharmacological sciences,MicroRNA-146a regulates the expression of the Aβ1-42 protein in Alzheimer's disease.,AD,Journal Article,no,yes,no,no,yes,PubMed,no
33732139,10.3389/fnagi.2021.637218,PMC7957006,2021,Frontiers in aging neuroscience,The Diagnostic Value of Exosome-Derived Biomarkers in Alzheimer's Disease and Mild Cognitive Impairment: A Meta-Analysis.,AD,Systematic Review; Journal Article,yes,yes,no,no,yes,PubMed,yes
33800495,10.3390/ijms22052737,PMC7962970,2021,International journal of molecular sciences,Different miRNA Profiles in Plasma Derived Small and Large Extracellular Vesicles from Patients with Neurodegenerative Diseases.,AD+PD,Journal Article,no,no,no,no,no,PubMed,yes
33806691,10.3390/biomedicines9030252,PMC7999537,2021,Biomedicines,News about the Role of Fluid and Imaging Biomarkers in Neurodegenerative Diseases.,AD+PD,Journal Article; Review,yes,no,no,no,no,PubMed,yes
33817253,10.1515/biol-2020-0060,PMC7747498,2020,Open life sciences,Aberrant expression of microRNA-132-3p and microRNA-146a-5p in Parkinson's disease patients.,PD,Journal Article,no,no,no,no,no,PubMed,yes
33871591,10.1093/ajcn/nqab078,,2021,The American journal of clinical nutrition,"Diet quality, gut microbiota, and microRNAs associated with mild cognitive impairment in middle-aged and elderly Chinese population.",AD,"Journal Article; Research Support, Non-U.S. Gov't",no,yes,no,no,yes,PubMed,no
34267687,10.3389/fpsyt.2021.679206,PMC8275879,2021,Frontiers in psychiatry,Increased Expression of Plasma miRNA-320a and let-7b-5p in Heroin-Dependent Patients and Its Clinical Significance.,AD,Journal Article,no,yes,yes,no,yes,PubMed,yes
34279788,10.1007/s12017-021-08676-w,,2021,Neuromolecular medicine,Diagnostic Performance of miR-485-3p in Patients with Parkinson's Disease and its Relationship with Neuroinflammation.,AD+PD,Journal Article,no,no,no,no,no,PubMed,no
34315539,10.1186/s40035-021-00249-y,PMC8317324,2021,Translational neurodegeneration,Several miRNAs derived from serum extracellular vesicles are potential biomarkers for early diagnosis and progression of Parkinson's disease.,PD,"Journal Article; Research Support, Non-U.S. Gov't",no,no,no,no,no,PubMed,yes
34315950,10.1038/s41598-021-94734-z,PMC8316346,2021,Scientific reports,Elevated plasma miR-133b and miR-221-3p as biomarkers for early Parkinson's disease.,PD,"Journal Article; Research Support, Non-U.S. Gov't",no,no,yes,no,no,PubMed,yes
34730175,10.1093/database/baab072,PMC8570227,2021,Database : the journal of biological databases and curation,JAMIR-eQTL: Japanese genome-wide identification of microRNA expression quantitative trait loci across dementia types.,AD,"Journal Article; Research Support, Non-U.S. Gov't",no,no,no,no,no,PubMed,yes
34776924,10.3389/fnagi.2021.700959,PMC8581655,2021,Frontiers in aging neuroscience,Serum miR-214 Serves as a Biomarker for Prodromal Parkinson's Disease.,PD,Journal Article,no,yes,yes,yes,yes,PubMed,yes
34812409,10.1155/2021/8171236,PMC8605920,2021,BioMed research international,Screening of Parkinson's Differential MicroRNA Based on GEO Database and Its Clinical Verification.,PD,Journal Article,no,no,no,no,no,PubMed,yes
34839044,10.1016/j.parkreldis.2021.11.020,,2021,Parkinsonism & related disorders,Exosomal miRNA as peripheral biomarkers in Parkinson's disease and progressive supranuclear palsy: A pilot study.,PD,Journal Article,no,yes,yes,yes,yes,PubMed,no
34870106,10.3233/ADR-210311,PMC8609483,2021,Journal of Alzheimer's disease reports,Altered Cerebrospinal Fluid Exosomal microRNA Levels in Young-Onset Alzheimer's Disease and Frontotemporal Dementia.,AD,Journal Article,no,yes,no,no,yes,PubMed,yes
34890883,10.1016/j.bios.2021.113864,,2021,Biosensors & bioelectronics,Detection of multiplex exosomal miRNAs for clinically accurate diagnosis of Alzheimer's disease using label-free plasmonic biosensor based on DNA-Assembled advanced plasmonic architecture.,AD,Journal Article,no,no,yes,no,no,PubMed,no
34921567,10.1002/jcla.24037,PMC8761463,2021,Journal of clinical laboratory analysis,"Long non-coding RNA ANRIL interacts with microRNA-34a and microRNA-125a, and they all correlate with disease risk and severity of Parkinson's disease.",PD,Journal Article,no,yes,no,no,yes,PubMed,yes
34955516,10.1097/YPG.0000000000000303,,2022,Psychiatric genetics,"Evaluation of hsa-let-7d-5p, hsa-let-7g-5p and hsa-miR-15b-5p plasma levels in patients with Alzheimer's disease.",AD,Journal Article,no,no,yes,no,no,PubMed,no
35006460,10.1186/s43556-021-00040-5,PMC8607397,2021,Molecular biomedicine,Extracellular vesicles (exosomes and ectosomes) play key roles in the pathology of brain diseases.,AD,Journal Article; Review,yes,no,no,no,no,PubMed,yes
35111747,10.3389/fcell.2021.755254,PMC8803123,2022,Frontiers in cell and developmental biology,MicroRNA-409-3p Targeting at ATXN3 Reduces the Apoptosis of Dopamine Neurons Based on the Profile of miRNAs in the Cerebrospinal Fluid of Early Parkinson's Disease.,PD,Journal Article,no,no,no,no,no,PubMed,yes
35141392,10.1002/dad2.12251,PMC8817674,2022,"Alzheimer's & dementia (Amsterdam, Netherlands)",Plasma microRNA vary in association with the progression of Alzheimer's disease.,AD,Journal Article,no,no,no,no,no,PubMed,yes
35199307,10.1007/s12031-022-01984-1,,2022,Journal of molecular neuroscience : MN,"Cytokines, miRNAs, and Antioxidants as Combined Non-invasive Biomarkers for Parkinson's Disease.",PD,Journal Article,no,no,no,no,no,PubMed,no
35222718,10.3892/etm.2022.11166,PMC8815048,2022,Experimental and therapeutic medicine,MicroRNA-4722-5p and microRNA-615-3p serve as potential biomarkers for Alzheimer's disease.,AD,Journal Article,no,no,no,no,no,PubMed,yes
35264731,10.1038/s41380-022-01476-z,,2022,Molecular psychiatry,Differential expression of MicroRNAs in Alzheimer's disease: a systematic review and meta-analysis.,AD,Meta-Analysis; Systematic Review; Journal Article,yes,no,no,no,no,PubMed,no
35432916,10.1155/2022/8683877,PMC9007633,2022,Parkinson's disease,Diagnostic Test to Identify Parkinson's Disease from the Blood Sera of Chinese Population: A Cross-Sectional Study.,PD,Journal Article,no,no,no,no,no,PubMed,yes
35447599,10.1016/j.bios.2022.114279,,2022,Biosensors & bioelectronics,miRNA sensing hydrogels capable of self-signal amplification for early diagnosis of Alzheimer's disease.,AD,Journal Article,no,no,no,no,no,PubMed,no
35449079,10.1186/s40035-022-00296-z,PMC9027827,2022,Translational neurodegeneration,Advances in the development of new biomarkers for Alzheimer's disease.,AD,"Journal Article; Review; Research Support, Non-U.S. Gov't",yes,no,no,no,no,PubMed,yes
35488079,10.1007/s12031-022-02012-y,,2022,Journal of molecular neuroscience : MN,Alteration of miRNAs in Small Neuron-Derived Extracellular Vesicles of Alzheimer's Disease Patients and the Effect of Extracellular Vesicles on Microglial Immune Responses.,AD,Journal Article,no,yes,no,no,yes,PubMed,no
35532940,10.1093/gerona/glac106,,2023,"The journals of gerontology. Series A, Biological sciences and medical sciences",Circulating micro-RNAs Differentially Expressed in Korean Alzheimer's Patients With Brain Aβ Accumulation Activate Amyloidogenesis.,AD+PD,"Journal Article; Research Support, Non-U.S. Gov't",no,no,no,no,no,PubMed,no
35563001,10.3390/ijms23094610,PMC9100918,2022,International journal of molecular sciences,Molecular Biomarkers and Their Implications for the Early Diagnosis of Selected Neurodegenerative Diseases.,AD+PD,Journal Article; Review,yes,no,no,no,no,PubMed,yes
35655754,10.3389/fnins.2022.865139,PMC9152100,2022,Frontiers in neuroscience,Plasma miR-153 and miR-223 Levels as Potential Biomarkers in Parkinson's Disease.,PD,Journal Article,no,yes,no,no,yes,PubMed,yes
35752392,10.1016/j.nbd.2022.105800,,2022,Neurobiology of disease,MicroRNA-29c-3p in dual-labeled exosome is a potential diagnostic marker of subjective cognitive decline.,AD,"Journal Article; Multicenter Study; Observational Study; Research Support, Non-U.S. Gov't",no,no,no,no,no,PubMed,no
35962561,10.1002/mds.29171,PMC9804841,2022,Movement disorders : official journal of the Movement Disorder Society,Serum MicroRNAs Predict Isolated Rapid Eye Movement Sleep Behavior Disorder and Lewy Body Diseases.,PD,"Journal Article; Research Support, Non-U.S. Gov't",no,yes,no,no,yes,PubMed,yes
36016853,10.3389/fnagi.2022.933019,PMC9397504,2022,Frontiers in aging neuroscience,"Analysis of ROQUIN, Tristetraprolin (TTP), and BDNF/miR-16/TTP regulatory axis in late onset Alzheimer's disease.",AD,Journal Article,no,no,no,no,no,PubMed,yes
36029998,10.1016/j.arr.2022.101721,,2022,Ageing research reviews,An integrative machine-learning meta-analysis of high-throughput omics data identifies age-specific hallmarks of Alzheimer's disease.,AD,"Journal Article; Meta-Analysis; Review; Research Support, N.I.H., Extramural; Research Support, Non-U.S. Gov't",yes,no,no,no,no,PubMed,no
36155067,10.1016/j.exger.2022.111961,,2022,Experimental gerontology,"Sera miR-34a, miR-29b and miR-181c as potential novel diagnostic biomarker panel for Alzheimers in the Egyptian population.",AD,"Journal Article; Research Support, Non-U.S. Gov't",no,yes,yes,yes,yes,PubMed,no
36155522,10.3233/JAD-220676,,2022,Journal of Alzheimer's disease : JAD,Inflammation-Related microRNAs-146a and -155 Are Upregulated in Mild Cognitive Impairment Subjects Among Older Age Population in Montenegro.,AD,"Journal Article; Research Support, Non-U.S. Gov't",no,no,yes,yes,yes,PubMed,no
36251230,10.1007/s11033-022-07987-w,,2022,Molecular biology reports,Potential of hsa-miR200a-3p and hsa-miR502-3p as blood-based biomarker for Alzheimer's disease.,AD,Journal Article,no,no,no,no,no,PubMed,no
36293304,10.3390/ijms232012440,PMC9604297,2022,International journal of molecular sciences,Circulating U13 Small Nucleolar RNA as a Potential Biomarker in Huntington's Disease: A Pilot Study.,AD,Journal Article,no,yes,no,no,yes,PubMed,yes
36318963,10.1021/acs.analchem.2c03542,PMC9670028,2022,Analytical chemistry,Printed Electrochemical Strip for the Detection of miRNA-29a: A Possible Biomarker Related to Alzheimer's Disease.,AD,Journal Article,no,no,no,no,no,PubMed,yes
36348717,10.32607/actanaturae.11729,PMC9611861,2022,Acta naturae,MicroRNA Expression Profile Changes in the Leukocytes of Parkinson's Disease Patients.,PD,Journal Article,no,no,no,no,no,PubMed,yes
36446162,10.1016/j.retram.2022.103367,,2022,Current research in translational medicine,Multiomics and artificial intelligence enabled peripheral blood-based prediction of amnestic mild cognitive impairment.,AD,"Journal Article; Research Support, Non-U.S. Gov't",no,no,no,no,no,PubMed,no
36732514,10.1038/s41531-023-00451-x,PMC9894906,2023,NPJ Parkinson's disease,Differential serum microRNAs in premotor LRRK2 G2019S carriers from Parkinson's disease.,PD,Journal Article,no,yes,no,no,yes,PubMed,yes
36848007,10.1007/s13318-023-00816-w,,2023,European journal of drug metabolism and pharmacokinetics,Neurotherapeutic Effects of Quercetin and Its Metabolite Compounds on Cognitive Impairment and Parkinson's Disease: An In Silico Study.,PD,Journal Article,no,no,no,no,no,PubMed,no
36864382,10.1186/s12864-023-09203-w,PMC9983174,2023,BMC genomics,Construct of qualitative diagnostic biomarkers specific for glioma by pairing serum microRNAs.,AD,Journal Article,no,no,yes,yes,yes,PubMed,yes
36951764,10.1021/acsami.2c21379,,2023,ACS applied materials & interfaces,Dumbbell Aptamer Sensor Based on Dual Biomarkers for Early Detection of Alzheimer's Disease.,AD,Journal Article,no,no,no,no,no,PubMed,no
37001292,10.1016/j.bios.2023.115269,,2023,Biosensors & bioelectronics,Precise profiling of exosomal biomarkers via programmable curved plasmonic nanoarchitecture-based biosensor for clinical diagnosis of Alzheimer's disease.,AD,Journal Article,no,no,no,no,no,PubMed,no
37071449,10.1002/alz.13055,PMC11663460,2023,Alzheimer's & dementia : the journal of the Alzheimer's Association,MicroRNA expression in extracellular vesicles as a novel blood-based biomarker for Alzheimer's disease.,AD,"Journal Article; Research Support, N.I.H., Extramural",no,yes,no,no,yes,PubMed,yes
37121335,10.1016/j.exger.2023.112195,,2023,Experimental gerontology,MicroRNA-511-3p regulates Aβinduced decreased cell viability and serves as a candidate biomarker in Alzheimer's disease.,AD,"Journal Article; Research Support, Non-U.S. Gov't",no,no,no,no,no,PubMed,no
37212072,10.3233/JPD-225080,PMC10357140,2023,Journal of Parkinson's disease,Nomogram for Early Prediction of Parkinson's Disease Based on microRNA Profiles and Clinical Variables.,PD,"Journal Article; Research Support, Non-U.S. Gov't",no,yes,no,no,yes,PubMed,yes
37238734,10.3390/biom13050865,PMC10216839,2023,Biomolecules,Serum and Exosomal miR-7-1-5p and miR-223-3p as Possible Biomarkers for Parkinson's Disease.,PD,"Journal Article; Research Support, Non-U.S. Gov't",no,no,no,no,no,PubMed,yes
37258792,10.1007/s00405-023-08034-5,,2023,European archives of oto-rhino-laryngology : official journal of the European Federation of Oto-Rhino-Laryngological Societies (EUFOS) : affiliated with the German Society for Oto-Rhino-Laryngology - Head and Neck Surgery,Identifying the potential role of serum miR-20a as a biomarker for olfactory dysfunction in patients with Parkinson's disease.,PD,Journal Article,no,yes,no,no,yes,PubMed,no
37329382,10.1007/s12035-023-03391-y,,2023,Molecular neurobiology,miR-218-5p and miR-320a-5p as Biomarkers for Brain Disorders: Focus on the Major Depressive Disorder and Parkinson's Disease.,PD,Journal Article,no,yes,no,no,yes,PubMed,no
37355215,10.1016/j.clinbiochem.2023.110603,,2023,Clinical biochemistry,The microRNA-485-3p concentration in salivary exosome-enriched extracellular vesicles is related to amyloid β deposition in the brain of patients with Alzheimer's disease.,AD,Journal Article,no,yes,no,no,yes,PubMed,no
37382573,10.1002/mds.29515,,2023,Movement disorders : official journal of the Movement Disorder Society,Detection of a Parkinson's Disease-Specific MicroRNA Signature in Nasal and Oral Swabs.,PD,"Journal Article; Research Support, Non-U.S. Gov't",no,no,no,no,no,PubMed,no
37758217,10.1210/clinem/dgad562,,2024,The Journal of clinical endocrinology and metabolism,SIRT1 and miR-34a-5p Expression in PBMCs as Potential Biomarkers for Patients With Type 2 Diabetes With Cognitive Impairments.,AD,"Journal Article; Research Support, Non-U.S. Gov't",no,yes,yes,yes,yes,PubMed,no
37770507,10.1038/s41598-023-43096-9,PMC10539377,2023,Scientific reports,MicroRNAs in Parkinson's disease: a systematic review and diagnostic accuracy meta-analysis.,PD,Meta-Analysis; Systematic Review; Journal Article,yes,yes,yes,yes,yes,PubMed,yes
38033547,10.3389/fnins.2023.1174951,PMC10684698,2023,Frontiers in neuroscience,Circulating plasma miR-23b-3p as a biomarker target for idiopathic Parkinson's disease: comparison with small extracellular vesicle miRNA.,PD,Journal Article,no,yes,no,no,yes,PubMed,yes
38190948,10.1016/j.exger.2023.112355,,2024,Experimental gerontology,The plasma derived exosomal miRNA-483-5p/502-5p serve as potential MCI biomarkers in aging.,AD,"Journal Article; Research Support, Non-U.S. Gov't",no,yes,yes,yes,yes,PubMed,no
38200052,10.1038/s41531-023-00628-4,PMC10781790,2024,NPJ Parkinson's disease,Candidate biomarkers of EV-microRNA in detecting REM sleep behavior disorder and Parkinson's disease.,PD,Journal Article,no,yes,no,no,yes,PubMed,yes
38224658,10.1016/j.talanta.2024.125656,,2024,Talanta,Entropy-driven catalysis-based lateral flow assay for sensitive detection of Alzheimer 's-associated MicroRNA.,AD,Journal Article,no,no,yes,no,no,PubMed,no
38229129,10.1186/s13578-023-01190-5,PMC10790437,2024,Cell & bioscience,Exploring small non-coding RNAs as blood-based biomarkers to predict Alzheimer's disease.,AD,Journal Article,no,yes,no,no,yes,PubMed,yes
38364557,10.1016/j.talanta.2024.125747,,2024,Talanta,A dual-signal amplification strategy based on rolling circle amplification and APE1-assisted amplification for highly sensitive and specific miRNA analysis for early diagnosis of alzheimer's disease.,AD,Journal Article,no,no,yes,no,no,PubMed,no
38417780,10.1016/j.cca.2024.117842,,2024,Clinica chimica acta; international journal of clinical chemistry,New approach for early and specific Alzheimer disease diagnosis from different plasma biomarkers.,AD,Journal Article,no,yes,yes,yes,yes,PubMed,no
38460993,10.1016/j.nrleng.2023.12.011,,2024,Neurologia,The potential diagnostic accuracy of circulating microRNAs for Alzheimer's disease: A meta-analysis.,AD,Journal Article; Meta-Analysis,yes,yes,yes,yes,yes,PubMed,no
38533034,10.1016/j.heliyon.2024.e27757,PMC10963233,2024,Heliyon,Colorimetric and fluorescent dual-biosensor based on zirconium and preasodium metal-organic framework (zr/pr MOF) for miRNA-191 detection.,AD,Journal Article,no,no,no,no,no,PubMed,yes
38542526,10.3390/ijms25063554,PMC10970771,2024,International journal of molecular sciences,Plasma miR-203a-3p as a Novel Predictor of Dementia in Patients with Parkinson's Disease.,PD,Journal Article,no,yes,no,no,yes,PubMed,yes
38618193,10.2147/DNND.S444567,PMC11012623,2024,Degenerative neurological and neuromuscular disease,Serum Exosomal miRNA-125b and miRNA-451a are Potential Diagnostic Biomarker for Alzheimer's Diseases.,AD,Case Reports; Clinical Trial; Journal Article,no,yes,yes,yes,yes,PubMed,yes
38670424,10.1016/j.envpol.2024.124035,,2024,"Environmental pollution (Barking, Essex : 1987)",Microglial exosomes in paraquat-induced Parkinson's disease: Neuroprotection and biomarker clues.,PD,Journal Article,no,no,no,no,no,PubMed,no
38784444,10.3389/fnagi.2024.1388655,PMC11112011,2024,Frontiers in aging neuroscience,Integrative analysis of plasma and substantia nigra in Parkinson's disease: unraveling biomarkers and insights from the lncRNA-miRNA-mRNA ceRNA network.,PD,Journal Article,no,no,no,no,no,PubMed,yes
38848197,10.3233/JPD-230408,PMC11307038,2024,Journal of Parkinson's disease,Using Extracellular miRNA Signatures to Identify Patients with LRRK2-Related Parkinson's Disease.,PD,"Journal Article; Research Support, Non-U.S. Gov't",no,no,yes,yes,yes,PubMed,yes
39069524,10.1007/s10142-024-01409-9,,2024,Functional & integrative genomics,Exploring circular RNAs as biomarkers for Parkinson's disease and their expression changes after aerobic exercise rehabilitation.,PD,Journal Article; Review,yes,no,no,no,no,PubMed,no
39076088,10.2174/0115672050319219240711103459,,2025,Current Alzheimer research,"Alzheimer's Disease and Vascular Dementia, Connecting and Differentiating Features.",AD+PD,Journal Article; Review,yes,no,no,no,no,PubMed,no
39273436,10.3390/ijms25179490,PMC11394956,2024,International journal of molecular sciences,A New Strategy for Ultrasensitive Detection Based on Target microRNA-Triggered Rolling Circle Amplification in the Early Diagnosis of Alzheimer's Disease.,AD,Journal Article,no,no,no,no,no,PubMed,yes
39280119,10.1093/braincomms/fcae268,PMC11398878,2024,Brain communications,A microRNA diagnostic biomarker for amyotrophic lateral sclerosis.,PD,Journal Article,no,yes,yes,yes,yes,PubMed,yes
39340541,10.1007/s00415-024-12699-1,PMC11588799,2024,Journal of neurology,"Exploiting the role of CSF NfL, CHIT1, and miR-181b as potential diagnostic and prognostic biomarkers for ALS.",AD,Journal Article; Multicenter Study,no,no,no,no,no,PubMed,yes
39456697,10.3390/ijms252010911,PMC11507237,2024,International journal of molecular sciences,Blood-Based Biomarkers in Alzheimer's Disease: Advancing Non-Invasive Diagnostics and Prognostics.,AD,Journal Article; Review,yes,no,no,no,no,PubMed,yes
39490904,10.1016/j.arr.2024.102556,,2024,Ageing research reviews,Epigenetic biomarkers in Alzheimer's disease: Diagnostic and prognostic relevance.,AD,Journal Article; Review,yes,no,no,no,no,PubMed,no
39552415,10.1080/07853890.2024.2425064,PMC11574951,2024,Annals of medicine,Identification of copper metabolism-related markers in Parkinson's disease.,PD,Journal Article,no,no,no,no,no,PubMed,yes
39589986,10.3390/bios14110527,PMC11592054,2024,Biosensors,Enzyme-Assisted Fluorescence Biosensor Based on Circular Single-Stranded DNA Without Group Modification for MicroRNA Detection.,AD,Journal Article,no,no,yes,no,no,PubMed,yes
39607300,10.1021/acs.analchem.4c05865,,2024,Analytical chemistry,Blood Screening of Femtomole Level Multiple Alzheimer's Disease Biomarkers by Metal Isotopic DNA Walkers.,AD,"Journal Article; Research Support, Non-U.S. Gov't",no,no,no,no,no,PubMed,no
39662006,10.7754/Clin.Lab.2024.240639,,2024,Clinical laboratory,MiR-19b-3p Serves as a Potential Diagnostic Biomarker for Parkinson's Disease.,PD,Journal Article,no,yes,no,no,yes,PubMed,no
39690374,10.1111/dom.16121,,2024,"Diabetes, obesity & metabolism",Identification of adipose tissue-derived exosomal microRNA as a novel causal biomarker for cognitive impairment in type 2 diabetes mellitus: Triangulating evidence from Mendelian randomization and multicentre population studies.,AD,Journal Article; Multicenter Study; Validation Study,no,yes,no,no,yes,PubMed,no
39920860,10.1186/s40001-025-02297-w,PMC11806906,2025,European journal of medical research,Bioinformatics insights into mitochondrial and immune gene regulation in Alzheimer's disease.,AD+PD,Journal Article,no,no,no,no,no,PubMed,yes
40057850,10.1021/acs.analchem.4c02619,PMC11923972,2025,Analytical chemistry,Electrochemical Biosensors for the Detection of Exosomal microRNA Biomarkers for Early Diagnosis of Neurodegenerative Diseases.,AD+PD,"Journal Article; Review; Research Support, Non-U.S. Gov't",yes,no,no,no,no,PubMed,yes
40122399,10.1016/j.arr.2025.102736,,2025,Ageing research reviews,Advanced biomarkers: Beyond amyloid and tau: Emerging non-traditional biomarkers for alzheimer`s diagnosis and progression.,AD,Journal Article; Review,yes,no,no,no,no,PubMed,no
40183359,10.1177/1877718X251331930,PMC13347464,2025,Journal of Parkinson's disease,Identification of a circRNA-miRNA-mRNA interactome associated with Parkinson's disease progression.,PD,Journal Article,no,no,no,no,no,PubMed,yes
40313118,10.4103/NRR.NRR-D-24-01262,PMC12407533,2025,Neural regeneration research,"Brain-derived extracellular vesicles: A promising avenue for Parkinson's disease pathogenesis, diagnosis, and treatment.",PD,Journal Article,yes,no,no,no,no,PubMed,yes
40316481,10.1016/j.tjpad.2025.100193,PMC12321630,2025,The journal of prevention of Alzheimer's disease,Value of blood neural cell-derived small extracellular vesicles in the diagnosis and prediction of Alzheimer's disease: A systematic review.,AD,Journal Article; Systematic Review,yes,no,no,no,no,PubMed,yes
40392273,10.1007/s00702-025-02930-2,,2025,"Journal of neural transmission (Vienna, Austria : 1996)",Fluid biomarkers in atypical Parkinsonism: current state and future perspectives.,AD+PD,Journal Article; Review,yes,no,no,no,no,PubMed,no
40435698,10.1016/j.clineuro.2025.108969,,2025,Clinical neurology and neurosurgery,Circulating miR-425 can be a biomarker for depression in patients with Parkinson's disease.,PD,Journal Article,no,yes,no,no,yes,PubMed,no
40547480,10.3389/fnmol.2025.1588007,PMC12179099,2025,Frontiers in molecular neuroscience,Non-invasive biomarkers for brain aging: the role of autophagy-related microRNAs in plasma exosomes.,AD+PD,Journal Article,no,yes,no,no,yes,PubMed,yes
40581531,10.1016/j.tjpad.2025.100257,PMC12413721,2025,The journal of prevention of Alzheimer's disease,Early detection of Alzheimer's disease using small RNAs. Results from the EPAD cohort.,AD,Journal Article; Multicenter Study,no,yes,no,no,yes,PubMed,yes
40584439,10.22038/ijbms.2025.85350.18446,PMC12203828,2025,Iranian journal of basic medical sciences,Non-coding RNAs as key players in neurodegeneration and brain tumors: Insights into therapeutic strategies.,AD,Journal Article; Review,yes,no,no,no,no,PubMed,yes
40630682,10.1039/d5ra02993g,PMC12235723,2025,RSC advances,Profiling characteristics of plasma exosomal miRNAs across cognitive stages: from normalcy to mild cognitive impairment and Alzheimer's disease.,AD,Journal Article,no,no,no,no,no,PubMed,yes
40661348,10.1101/2025.06.06.656900,PMC12258949,2025,bioRxiv : the preprint server for biology,Brain-derived extracellular vesicle microRNAs in Lewy body and Alzheimer's disease.,AD,Journal Article; Preprint,no,yes,no,no,yes,PubMed,yes
40744011,10.1016/j.crmeth.2025.101116,PMC12461629,2025,Cell reports methods,AAV vectors for specific and efficient gene expression in microglia.,AD,Journal Article,no,no,no,yes,no,PubMed,yes
40783152,10.1016/j.cca.2025.120542,,2025,Clinica chimica acta; international journal of clinical chemistry,Exosomal microRNA biomarkers in Alzheimer's disease: Systematic review and meta-analysis.,AD,Journal Article; Meta-Analysis; Systematic Review,yes,yes,no,no,yes,PubMed,no
40813311,10.1039/d5cc02469b,,2025,"Chemical communications (Cambridge, England)",Recent advances in nanomaterial-based biosensors for Alzheimer's disease diagnosis: a review.,AD,Journal Article; Review,yes,no,no,no,no,PubMed,no
40848338,10.1016/j.bios.2025.117855,,2025,Biosensors & bioelectronics,ECL-CRISPR array for multiplexed detection of miRNAs.,AD,Journal Article,no,no,no,no,no,PubMed,no
41197132,10.1177/13872877251387584,,2025,Journal of Alzheimer's disease : JAD,Mitochondrial energy metabolism and Alzheimer's disease: Identifying key differentially expressed genes in blood.,AD,"Journal Article; Research Support, Non-U.S. Gov't",no,no,no,no,no,PubMed,no
41351434,10.1080/01677063.2025.2591630,,2025,Journal of neurogenetics,Serum LncRNA XIST and miR-133b as non-invasive biomarkers for diagnosis and progression of Parkinson's disease.,PD,Journal Article,no,yes,no,no,yes,PubMed,no
41373032,10.1186/s13104-025-07604-6,PMC12802125,2025,BMC research notes,Plasma expression levels of microRNA-101 are downregulated in patients with Parkinson's disease.,PD,Journal Article,no,yes,yes,yes,yes,PubMed,yes
41373439,10.3390/ijms262311279,PMC12692357,2025,International journal of molecular sciences,Monomeric [CRP] and CRP-Controlled Stress and Pain Hypersensitization as Novel Predictors of Cognitive Disturbance and AD in Chronic Inflammatory Disease.,AD,Journal Article; Review,yes,no,no,no,no,PubMed,yes
41383243,10.3389/fneur.2025.1704976,PMC12689404,2025,Frontiers in neurology,Cross-species validation of a 6-miRNA blood signature for Parkinson's disease: from MPTP mice to human PBMC and serum exosomes.,PD,Journal Article,no,yes,no,no,yes,PubMed,yes
41572495,10.1111/jnc.70323,PMC12828110,2026,Journal of neurochemistry,Extracellular Vesicle-Derived microRNAs as Fluid Biomarkers in Neurodegenerative Diseases: A Systematic Review.,AD+PD,Journal Article; Systematic Review,yes,no,no,no,no,PubMed,yes
41588889,10.2174/0115672050421604251108045622,,2026,Current Alzheimer research,Targeting Non-coding RNAs in Neurodegeneration: Advances in Therapeutic RNA Modalities and Next-Gen Delivery Technologies.,AD+PD,Journal Article; Review,yes,no,no,no,no,PubMed,no
41589493,10.2174/0122115366411857251025004952,,2026,"MicroRNA (Shariqah, United Arab Emirates)","Correlation of miR-214, miR-204, miR-25, miR-15a Expression with IL-33 and Malondialdehyde in Blood Samples from Patients with Alzheimer's Disease.",AD,Journal Article,no,no,no,no,no,PubMed,no
41599691,10.3390/ph19010092,PMC12844880,2026,"Pharmaceuticals (Basel, Switzerland)",The Expanding Role of Non-Coding RNAs in Neurodegenerative Diseases: From Biomarkers to Therapeutic Targets.,AD+PD,Journal Article; Review,yes,no,no,no,no,PubMed,yes
41606222,10.1007/s12035-026-05681-7,,2026,Molecular neurobiology,Up-regulated miR-4443 Holds Diagnostic Significance for Parkinson's Disease and may be Involved in Neuroinflammation.,PD,Journal Article,no,no,no,no,no,PubMed,no
41620770,10.1186/s13195-026-01977-x,PMC12954934,2026,Alzheimer's research & therapy,An RNA biomarker panel for the diagnosis of Alzheimer's disease from whole blood.,AD,Journal Article,no,no,no,yes,no,PubMed,yes
41661182,10.1097/YPG.0000000000000411,,2026,Psychiatric genetics,The clinical significance of miR-484 in depression of older people with Alzheimer's disease and its potential role on depressive behavior.,AD,Journal Article,no,no,no,no,no,PubMed,no
41699353,10.1007/s12035-025-05620-y,PMC12909424,2026,Molecular neurobiology,Deregulation of Synaptic Plasticity-Related MicroRNAs After Repetitive Transcranial Magnetic Stimulation in Alzheimer's Disease.,AD,Journal Article; Randomized Controlled Trial,no,no,no,no,no,PubMed,yes
41773883,10.1097/WAD.0000000000000710,,2026,Alzheimer disease and associated disorders,Serum Expression of miR-106b-3p and Its Diagnostic Significance in Alzheimer Disease.,AD,Journal Article,no,no,no,no,no,PubMed,no
41822037,10.1212/NXG.0000000000200366,PMC12978147,2026,Neurology. Genetics,Plasma isomiRs as Candidate Biomarkers for Amyotrophic Lateral Sclerosis.,AD+PD,Journal Article,no,yes,no,no,yes,PubMed,yes
41836608,10.1038/s44328-026-00086-x,PMC12982126,2026,Npj biosensing,Microfluidic nanomagnetically isolated neuron- and astrocyte-derived extracellular vesicles to differentiate Lewy body and Alzheimer's disease.,AD,Journal Article,no,yes,no,no,yes,PubMed,yes
41977439,10.3390/ijms27073260,PMC13073327,2026,International journal of molecular sciences,Targeting Non-Coding RNAs as a Potential Therapeutic and Delivery Strategy Against Neurodegenerative Diseases.,AD+PD,Journal Article; Review,yes,no,no,no,no,PubMed,yes
42004890,10.1002/trc2.70211,PMC13088148,2026,"Alzheimer's & dementia (New York, N. Y.)",The multifaceted roles of the transcription factorin the pathogenesis of Alzheimer's disease: From molecular regulation to therapeutic targets.,AD,Journal Article; Review,yes,no,no,no,no,PubMed,yes
42010706,10.1186/s13195-026-02048-x,PMC13227807,2026,Alzheimer's research & therapy,Literature-derived serum miRNA signatures associated with cognitive decline in Alzheimer's disease: integrated analysis and machine learning-based diagnostic modeling.,AD,"Journal Article; Research Support, Non-U.S. Gov't",no,yes,yes,yes,yes,PubMed,yes
42023459,10.62641/aep.v54i2.2109,PMC13180692,2026,Actas espanolas de psiquiatria,The Role of Exosome-miRNA as Biomarkers of Alzheimer's Disease: A Systematic Review of Case-Control and Longitudinal Studies.,AD,Journal Article; Systematic Review,yes,no,no,no,no,PubMed,yes
42056645,10.1007/s00604-026-08040-4,,2026,Mikrochimica acta,Electrochemical detection of miRNA-128 in Alzheimer's disease using (3-aminopropyl) triethoxysilane and citrate-capped green-synthesized silver nanoparticles.,AD,"Journal Article; Research Support, Non-U.S. Gov't",no,no,yes,no,no,PubMed,no
42063169,10.1186/s13062-026-00819-y,PMC13274201,2026,Biology direct,Discovering non-linear dynamics of miRNAs in Alzheimer's disease-related cognitive impairment: a cross-species approach with explainable machine learning.,AD,"Journal Article; Validation Study; Research Support, Non-U.S. Gov't",no,yes,no,no,yes,PubMed,yes
42078262,10.7759/cureus.106323,PMC13135322,2026,Cureus,Biomarkers in the Early Detection of Dementia: A Systematic Review.,AD,Journal Article; Review,yes,no,no,no,no,PubMed,yes
42127435,10.1016/j.saa.2026.128045,,2026,"Spectrochimica acta. Part A, Molecular and biomolecular spectroscopy",Quantum dot-enhanced tunable FRET nanosensor for Alzheimer's-associated dual miR-34 detection.,AD,Journal Article,no,no,no,no,no,PubMed,no
42162905,10.1016/j.cca.2026.121094,,2026,Clinica chimica acta; international journal of clinical chemistry,Exosomal miRNA in cerebrospinal fluid as biomarkers for neurodegenerative disease.,AD+PD,Journal Article; Review,yes,no,no,no,no,PubMed,no
42215422,10.1080/17410541.2026.2678221,,2026,Personalized medicine,Association between microRNA 155 gene polymorphism and sporadic Parkinson's disease.,PD,Journal Article,no,no,no,no,no,PubMed,no
42229706,10.1016/j.cca.2026.121130,,2026,Clinica chimica acta; international journal of clinical chemistry,Platelet-derived extracellular vesicles as neurodegenerative disease biomarkers.,AD+PD,Journal Article; Review,yes,no,no,no,no,PubMed,no
42251967,10.1016/j.nbd.2026.107473,,2026,Neurobiology of disease,PBMC DEG/miRNA biomarkers of TDP-43 pathology in ALS.,PD,Journal Article,no,yes,no,no,yes,PubMed,no
42337584,10.1186/s12951-026-04707-5,,2026,Journal of nanobiotechnology,Development of a rapid and simple Xeno Nucleic Acid (XNA) sensor-based microRNA detection platform for Parkinson's disease diagnostics.,PD,Journal Article,no,no,no,no,no,PubMed,no
42346280,10.3390/diseases14060187,PMC13297976,2026,"Diseases (Basel, Switzerland)",Gastric Juice miR-106a-5p as a Non-Invasive Biomarker of Neuroinflammation and Neurodegeneration: A Prospective Observational Study.,AD,Journal Article,no,yes,no,no,yes,PubMed,yes
42389429,10.1515/jtim-2026-0038,PMC13320530,2026,Journal of translational internal medicine,Development of a serum-based microRNA panel for Alzheimer's disease diagnosis.,AD,Journal Article,no,yes,no,no,yes,PubMed,yes
42415371,10.1111/jnc.70519,PMC13342485,2026,Journal of neurochemistry,PBMC circRNA Profiles Distinguish Atypical From Idiopathic Parkinsonism and Track Clinical Severity Across Syndromes.,PD,Journal Article,no,no,no,no,no,PubMed,yes
42446817,10.1007/s12035-026-06045-x,,2026,Molecular neurobiology,Circulating microRNAs as Promising Biomarkers in Parkinson's Disease.,PD,Journal Article,no,no,yes,no,no,PubMed,no
42527713,10.1007/s12017-026-08941-w,,2026,Neuromolecular medicine,LncRNA DLX6-AS1 Regulates the Pathological Process Related to Alzheimer's Disease via miR-204-5p.,AD,Journal Article,no,yes,no,no,yes,PubMed,no
42571753,10.1016/j.talanta.2026.130405,,2026,Talanta,AuNP decorated-Ni-MOF nanosheet based cDNA sensor for detection of miRNA-128 in Alzheimer's disease.,AD,Journal Article,no,yes,yes,no,yes,PubMed,no
42606634,10.1007/s13760-026-03170-1,,2026,Acta neurologica Belgica,miR-584-5p suppresses Aβ-induced apoptosis in Alzheimer's disease cell model via targeting of HDAC1.,AD,Journal Article,no,yes,no,no,yes,PubMed,no
42606643,10.1007/s12035-026-06137-8,,2026,Molecular neurobiology,Elevated MicroRNA-146a in Alzheimer's Disease and Its Diagnostic Potential.,AD,Journal Article,no,yes,yes,yes,yes,PubMed,no
42622974,10.1007/s11011-026-01947-0,,2026,Metabolic brain disease,"Exosome-derived biomarkers as non-invasive tools in stroke, Parkinson's disease, and Alzheimer's disease.",AD+PD,Journal Article; Review,yes,no,no,no,no,PubMed,no
42643339,10.3389/fnagi.2026.1788991,PMC13503333,2026,Frontiers in aging neuroscience,"Plasma multi-miRNA models classify Alzheimer's, Parkinson's, and Lewy body dementia.",AD+PD,Journal Article,no,no,no,no,no,PubMed,yes
42648816,10.1016/j.aca.2026.345938,,2026,Analytica chimica acta,A lyophilized CHA-lateral flow platform for point-of-care detection of miR-106b-5p from L1CAM-Immunocaptured small extracellular vesicles in Alzheimer's disease.,AD,"Journal Article; Research Support, Non-U.S. Gov't",no,yes,yes,yes,yes,PubMed,no
import_AD_10.1002/acn3.51370,10.1002/acn3.51370,,2021,Annals of Clinical and Translational Neurology,Spinocerebellar ataxia clinical trials: opportunities and challenges,AD,Review,yes,no,no,no,no,Scopus,
import_AD_10.1002/adhm.202301010,10.1002/adhm.202301010,,2023,Advanced Healthcare Materials,Clinical Translation of Extracellular Vesicles,AD,Article,no,no,no,no,no,Scopus,
import_AD_10.1002/alz.14420,10.1002/alz.14420,,2025,Alzheimer's and Dementia,Guidelines for the standardization of pre-analytical variables for salivary biomarker studies in Alzheimer's disease research: An updated review and consensus of the Salivary Biomarkers for Dementia Research Working Group,AD,Review,yes,no,no,no,no,Scopus,
import_AD_10.1002/alz.14546,10.1002/alz.14546,,2025,Alzheimer's and Dementia,Circulating small RNAs shed new light on dementia risk,AD,Letter,yes,no,no,no,no,Scopus,
import_AD_10.1002/brb3.70572,10.1002/brb3.70572,,2025,Brain and Behavior,MicroRNA Signatures Predict Brain Amyloidosis and Neurodegeneration in Alzheimer’s Disease: Insights from [18F] AV45 and FDG PET Imaging,AD,Article,no,no,no,no,no,Scopus,
import_AD_10.1002/kjm2.12391,10.1002/kjm2.12391,,2021,Kaohsiung Journal of Medical Sciences,Reduced serum miR-202 may promote the progression of Alzheimer's disease patients via targeting amyloid precursor protein,AD,Article,no,yes,no,no,yes,Scopus,
import_AD_10.1002/med.21764,10.1002/med.21764,,2021,Medicinal Research Reviews,Artificial intelligence and machine learning-aided drug discovery in central nervous system diseases: State-of-the-arts and future directions,AD,Review,yes,no,no,no,no,Scopus,
import_AD_10.1002/wrna.1413,10.1002/wrna.1413,,2017,Wiley Interdisciplinary Reviews: RNA,RNA in extracellular vesicles,AD,Review,yes,no,no,no,no,Scopus,
import_AD_10.1002/wsbm.1310,10.1002/wsbm.1310,,2015,Wiley Interdisciplinary Reviews: Systems Biology and Medicine,Integrative biomarker discovery in neurodegenerative diseases,AD,Article,no,no,no,no,no,Scopus,
import_AD_10.1007/164_2019_220,10.1007/164_2019_220,,2020,Handbook of Experimental Pharmacology,Lipids in exosome biology,AD,Book chapter,no,no,no,no,no,Scopus,
import_AD_10.1007/5584_2023_779,10.1007/5584_2023_779,,2024,Advances in Experimental Medicine and Biology,Extracellular Vesicles in Domestic Animals: Cellular Communication in Health and Disease,AD,Book chapter,no,no,no,no,no,Scopus,
import_AD_10.1007/978-3-031-19564-8_8,10.1007/978-3-031-19564-8_8,,2023,"Advances in Predictive, Preventive and Personalised Medicine","Probiotic Administration for the Prevention and Treatment of Gastrointestinal, Metabolic and Neurological Disorders",AD,Book chapter,yes,no,no,no,no,Scopus,
import_AD_10.1007/978-3-319-75922-7_8,10.1007/978-3-319-75922-7_8,,2023,Handbook of Computational Neurodegeneration,Omic-Based Biomarkers Discovery in Alzheimer’s Disease: High-Throughput Approaches,AD,Book chapter,no,no,no,no,no,Scopus,
import_AD_10.1007/s10571-024-01523-z,10.1007/s10571-024-01523-z,,2025,Cellular and Molecular Neurobiology,Differences in Blood and Cerebrospinal Fluid Between Parkinson’s Disease and Related Diseases,AD,Article,yes,no,no,no,no,Scopus,
import_AD_10.1007/s11011-026-01939-0,10.1007/s11011-026-01939-0,,2026,Metabolic Brain Disease,Neural network-enhanced investigation of ferroptosis and druggability in early-onset alzheimer’s disease,AD,Article,no,yes,no,no,yes,Scopus,
import_AD_10.1007/s11064-022-03563-7,10.1007/s11064-022-03563-7,,2022,Neurochemical Research,CircAXL Knockdown Alleviates Aβ1-42-Induced Neurotoxicity in Alzheimer’s Disease via Repressing PDE4A by Releasing miR-1306-5p,AD,Article,no,no,no,no,no,Scopus,
import_AD_10.1007/s11064-026-04678-x,10.1007/s11064-026-04678-x,,2026,Neurochemical Research,HCG18 is a Potential Pathogenic Factor and Diagnostic Biomarker Alzheimer’s Disease,AD,Article,no,yes,no,no,yes,Scopus,
import_AD_10.1007/s11481-017-9768-z,10.1007/s11481-017-9768-z,,2018,Journal of Neuroimmune Pharmacology,Extracellular Vesicle Biology in Alzheimer’s Disease and Related Tauopathy,AD,Review,yes,no,no,no,no,Scopus,
import_AD_10.1007/s12031-026-02484-2,10.1007/s12031-026-02484-2,,2026,Journal of Molecular Neuroscience,Value of lncRNA LINC00641 as a Potential Biomarker for Diagnosis of Alzheimer’s Disease and Elucidation of its Underlying Molecular Mechanism,AD,Article,no,no,no,no,no,Scopus,
import_AD_10.1007/s12035-014-8944-x,10.1007/s12035-014-8944-x,,2015,Molecular Neurobiology,Circulating MicroRNA as Potential Source for Neurodegenerative Diseases Biomarkers,AD,Article,yes,yes,no,no,yes,Scopus,
import_AD_10.1007/s12035-015-9156-8,10.1007/s12035-015-9156-8,,2016,Molecular Neurobiology,MicroRNA-29a Is a Candidate Biomarker for Alzheimer’s Disease in Cell-Free Cerebrospinal Fluid,AD,Article,no,no,no,no,no,Scopus,
import_AD_10.1007/s12035-015-9484-8,10.1007/s12035-015-9484-8,,2016,Molecular Neurobiology,"Peripheral Blood MicroRNA Expression Profiles in Alzheimer’s Disease: Screening, Validation, Association with Clinical Phenotype and Implications for Molecular Mechanism",AD,Article,no,no,no,no,no,Scopus,
import_AD_10.1007/s12035-016-0316-2,10.1007/s12035-016-0316-2,,2017,Molecular Neurobiology,A Customized Quantitative PCR MicroRNA Panel Provides a Technically Robust Context for Studying Neurodegenerative Disease Biomarkers and Indicates a High Correlation Between Cerebrospinal Fluid and Choroid Plexus MicroRNA Expression,AD,Article,no,no,no,no,no,Scopus,
import_AD_10.1007/s12035-019-1562-x,10.1007/s12035-019-1562-x,,2019,Molecular Neurobiology,Novel miRNA PC-5P-12969 in Ischemic Stroke,AD,Article,no,no,no,no,no,Scopus,
import_AD_10.1007/s12035-020-02101-2,10.1007/s12035-020-02101-2,,2021,Molecular Neurobiology,The Relation of the Brain-Derived Neurotrophic Factor with MicroRNAs in Neurodegenerative Diseases and Ischemic Stroke,AD,Review,yes,no,no,no,no,Scopus,
import_AD_10.1007/s12035-024-03977-0,10.1007/s12035-024-03977-0,,2024,Molecular Neurobiology,The Applications of CircRNA in the Diagnosis and Treatment of Alzheimer’s Disease,AD,Review,yes,no,no,no,no,Scopus,
import_AD_10.1007/s12035-025-05159-y,10.1007/s12035-025-05159-y,,2025,Molecular Neurobiology,Elevated BACE1 mRNA Level is Associated with Lower miR-15a-5p and miR-19b-3p Expressions in Peripheral Blood Mononuclear Cells of Patients with Late-Onset Alzheimer’s Disease: Wet Lab Results and Bioinformatics Analysis,AD,Article,no,no,no,no,no,Scopus,
import_AD_10.1007/s12035-026-05998-3,10.1007/s12035-026-05998-3,,2026,Molecular Neurobiology,Circ_0092222 is Enhanced in Alzheimer’s Disease and Exacerbates Aβ-induced Neurotoxicity Through Sponging miR-331-3p,AD,Article,no,no,no,no,no,Scopus,
import_AD_10.1007/s12035-026-06042-0,10.1007/s12035-026-06042-0,,2026,Molecular Neurobiology,Inhibition of miR-25-3p Alleviates Neuroinflammation in Alzheimer's Disease By Targeting ADAM10,AD,Article,no,no,no,no,no,Scopus,
import_AD_10.1007/s13346-025-02019-z,10.1007/s13346-025-02019-z,,2026,Drug Delivery and Translational Research,Nanocarrier-based intranasal drug delivery for enhanced neurological disorders treatment,AD,Article,yes,no,no,no,no,Scopus,
import_AD_10.1007/s13534-021-00204-w,10.1007/s13534-021-00204-w,,2021,Biomedical Engineering Letters,Technological advances in electrochemical biosensors for the detection of disease biomarkers,AD,Review,yes,no,no,no,no,Scopus,
import_AD_10.1007/s13760-023-02388-7,10.1007/s13760-023-02388-7,,2024,Acta Neurologica Belgica,LncRNA MEG8 ameliorates Parkinson’s disease neuro-inflammation through miR-485-3p/FBXO45 axis,AD,Article,no,no,no,no,no,Scopus,
import_AD_10.1007/s13760-026-03065-1,10.1007/s13760-026-03065-1,,2026,Acta Neurologica Belgica,LINC00926 promotes microglial M1 polarization and neuroinflammation by sponging miR-383-3p in Alzheimer’s disease: a potential diagnostic and therapeutic target,AD,Article,no,no,no,no,no,Scopus,
import_AD_10.1007/s40495-026-00454-1,10.1007/s40495-026-00454-1,,2026,Current Pharmacology Reports,microRNA-124 in Alzheimer’s Disease: Bridging Neuro-regulation and Emerging Therapeutic Strategies,AD,Review,yes,no,no,no,no,Scopus,
import_AD_10.1016/b978-0-12-818000-6.00023-8,10.1016/b978-0-12-818000-6.00023-8,,2021,"Assessments, Treatments and Modeling in Aging and Neurological Disease: The Neuroscience of Aging",ADAM10 as a biomarker for Alzheimer’s disease,AD,Book chapter,no,no,yes,yes,yes,Scopus,
import_AD_10.1016/bs.apha.2026.04.001,10.1016/bs.apha.2026.04.001,,2026,Advances in Pharmacology,Decoding disease progression: Biomarker in Alzheimer’s and Parkinson’s disease,AD,Article,no,no,no,no,no,Scopus,
import_AD_10.1016/bs.irn.2026.08.006,10.1016/bs.irn.2026.08.006,,2026,International Review of Neurobiology,Blood-based biomarkers for Parkinson’s disease towards the biological definition,AD,Book chapter,no,no,no,no,no,Scopus,
import_AD_10.1016/j.apmt.2021.101028,10.1016/j.apmt.2021.101028,,2021,Applied Materials Today,Emerging two-dimensional materials-enabled diagnosis and treatments of Alzheimer's disease: Status and future challenges,AD,Review,yes,no,no,no,no,Scopus,
import_AD_10.1016/j.arr.2025.102904,10.1016/j.arr.2025.102904,,2026,Ageing Research Reviews,Extracellular vesicle-based biosensors for Alzheimer's disease: A new frontier in precision diagnostics,AD,Review,yes,no,no,no,no,Scopus,
import_AD_10.1016/j.bbadis.2016.06.001,10.1016/j.bbadis.2016.06.001,,2016,Biochimica et Biophysica Acta - Molecular Basis of Disease,Are circulating microRNAs peripheral biomarkers for Alzheimer's disease?,AD,Review,yes,no,no,no,no,Scopus,
import_AD_10.1016/j.bbrc.2017.11.122,10.1016/j.bbrc.2017.11.122,,2018,Biochemical and Biophysical Research Communications,Cerebrospinal fluid CD4+ T lymphocyte-derived miRNA-let-7b can enhances the diagnostic performance of Alzheimer's disease biomarkers,AD,Article,no,no,no,no,no,Scopus,
import_AD_10.1016/j.biocel.2020.105747,10.1016/j.biocel.2020.105747,,2020,International Journal of Biochemistry and Cell Biology,Circular RNA expression profile of Alzheimer's disease and its clinical significance as biomarkers for the disease risk and progression,AD,Article,no,no,no,no,no,Scopus,
import_AD_10.1016/j.bioelechem.2023.108553,10.1016/j.bioelechem.2023.108553,,2023,Bioelectrochemistry,Electrochemical miRNA-34a-based biosensor for the diagnosis of Alzheimer's disease,AD,Article,no,no,no,no,no,Scopus,
import_AD_10.1016/j.biopsych.2021.10.010,10.1016/j.biopsych.2021.10.010,,2022,Biological Psychiatry,"Neurochemical Markers of Traumatic Brain Injury: Relevance to Acute Diagnostics, Disease Monitoring, and Neuropsychiatric Outcome Prediction",AD,Review,yes,no,no,no,no,Scopus,
import_AD_10.1016/j.biopsych.2021.12.015,10.1016/j.biopsych.2021.12.015,,2022,Biological Psychiatry,Exosomal MicroRNA-Based Predictive Model for Preclinical Alzheimer's Disease: A Multicenter Study,AD,Article,no,no,no,no,no,Scopus,
import_AD_10.1016/j.bios.2020.112253,10.1016/j.bios.2020.112253,,2020,Biosensors and Bioelectronics,Integrated individually electrochemical array for simultaneously detecting multiple Alzheimer's biomarkers,AD,Article,no,no,no,no,no,Scopus,
import_AD_10.1016/j.bios.2022.114278,10.1016/j.bios.2022.114278,,2022,Biosensors and Bioelectronics,Current trends in blood biomarker detection and imaging for Alzheimer's disease,AD,Article,yes,no,no,no,no,Scopus,
import_AD_10.1016/j.bios.2025.118300,10.1016/j.bios.2025.118300,,2026,Biosensors and Bioelectronics,Self-assembled DNA micelle-GNP for simultaneous detecting miRNAs of Alzheimer's disease via lateral flow assays,AD,Article,no,no,no,no,no,Scopus,
import_AD_10.1016/j.bjane.2025.844690,10.1016/j.bjane.2025.844690,,2025,Brazilian Journal of Anesthesiology (English Edition),Clinical application of CNS injury biomarkers in anesthesia and intensive care,AD,Editorial,yes,no,no,no,no,Scopus,
import_AD_10.1016/j.brainres.2025.150138,10.1016/j.brainres.2025.150138,,2026,Brain Research,Advances in plasma biomarkers for the diagnosis of Alzheimer's disease,AD,Review,yes,no,no,no,no,Scopus,
import_AD_10.1016/j.cca.2019.09.005,10.1016/j.cca.2019.09.005,,2019,Clinica Chimica Acta,Plasma MicroRNA as a novel diagnostic,AD,Review,yes,no,no,no,no,Scopus,
import_AD_10.1016/j.cej.2025.171406,10.1016/j.cej.2025.171406,,2025,Chemical Engineering Journal,High-velocity DNA nanoharvester-enabled ultrasensitive analysis: Decoding extracellular vesicles miRNA Assisted by machine learning for grading of alzheimer's disease,AD,Article,no,no,no,no,no,Scopus,
import_AD_10.1016/j.envpol.2025.127068,10.1016/j.envpol.2025.127068,,2025,Environmental Pollution,From disinfectant to neurodegeneration: Integrating machine learning and mendelian randomization reveals triclosan as a novel environmental risk factor for Alzheimer's disease,AD,Article,no,no,no,no,no,Scopus,
import_AD_10.1016/j.envres.2023.117177,10.1016/j.envres.2023.117177,,2023,Environmental Research,Recent advances in nanobiosensors for sustainable healthcare applications: A systematic literature review,AD,Article,yes,no,no,no,no,Scopus,
import_AD_10.1016/j.humgen.2022.201129,10.1016/j.humgen.2022.201129,,2022,Human Gene,The miR-146a-5p and miR-125b-5p levels as biomarkers for early prediction of Alzheimer's disease,AD,Article,no,no,no,no,no,Scopus,
import_AD_10.1016/j.ijbiomac.2019.05.061,10.1016/j.ijbiomac.2019.05.061,,2019,International Journal of Biological Macromolecules,"Development of a reliable microRNA based electrochemical genosensor for monitoring of miR-146a, as key regulatory agent of neurodegenerative disease",AD,Article,no,no,no,no,no,Scopus,
import_AD_10.1016/j.jalz.2015.12.012,10.1016/j.jalz.2015.12.012,,2016,Alzheimer's and Dementia,Validating Alzheimer's disease micro RNAs using next-generation sequencing,AD,Article,no,no,no,no,no,Scopus,
import_AD_10.1016/j.jddst.2023.105325,10.1016/j.jddst.2023.105325,,2024,Journal of Drug Delivery Science and Technology,Deciphering the role of nanocarrier-based nucleic acid delivery to the brain for the management of neurodegenerative disorders,AD,Review,yes,no,no,no,no,Scopus,
import_AD_10.1016/j.jep.2023.116671,10.1016/j.jep.2023.116671,,2023,Journal of Ethnopharmacology,Five Tibetan patent medicines orally for ischemic stroke: A systematic review and meta-analysis of randomized controlled trials,AD,Review,yes,no,no,no,no,Scopus,
import_AD_10.1016/j.jhazmat.2024.136719,10.1016/j.jhazmat.2024.136719,,2025,Journal of Hazardous Materials,Circular RNA circ_0061183 regulates microglial polarization induced by airborne ultrafine particles in HMC3 cells via sponging miR-98-5p,AD,Article,no,no,no,no,no,Scopus,
import_AD_10.1016/j.jns.2020.116886,10.1016/j.jns.2020.116886,,2020,Journal of the Neurological Sciences,Novel fluid biomarkers to differentiate frontotemporal dementia and dementia with Lewy bodies from Alzheimer's disease: A systematic review,AD,Review,yes,no,no,no,no,Scopus,
import_AD_10.1016/j.mad.2019.111175,10.1016/j.mad.2019.111175,,2019,Mechanisms of Ageing and Development,Extracellular vesicles as an emerging tool for the early detection of Alzheimer's disease,AD,Review,yes,no,no,no,no,Scopus,
import_AD_10.1016/j.mgene.2021.100968,10.1016/j.mgene.2021.100968,,2021,Meta Gene,Exploration of potential circulating micro-RNA as biomarker for Alzheimer's disease,AD,Article,no,no,no,no,no,Scopus,
import_AD_10.1016/j.mito.2021.10.008,10.1016/j.mito.2021.10.008,,2022,Mitochondrion,Blood biomarkers for assessment of mitochondrial dysfunction: An expert review,AD,Review,yes,no,no,no,no,Scopus,
import_AD_10.1016/j.molmet.2024.102014,10.1016/j.molmet.2024.102014,,2024,Molecular Metabolism,"Picalm, a novel regulator of GLUT4-trafficking in adipose tissue",AD,Article,no,no,no,no,no,Scopus,
import_AD_10.1016/j.nbd.2021.105481,10.1016/j.nbd.2021.105481,,2021,Neurobiology of Disease,Small nucleolar RNAs in plasma extracellular vesicles and their discriminatory power as diagnostic biomarkers of Alzheimer's disease,AD,Article,no,no,no,no,no,Scopus,
import_AD_10.1016/j.ncrna.2021.08.001,10.1016/j.ncrna.2021.08.001,,2021,Non-coding RNA Research,Long non-coding RNAs in oncourology,AD,Review,yes,no,no,no,no,Scopus,
import_AD_10.1016/j.neuint.2022.105357,10.1016/j.neuint.2022.105357,,2022,Neurochemistry International,"Emerging roles of extracellular vesicles in polyglutamine diseases: Mutant protein transmission, therapeutic potential, and diagnostics",AD,Article,yes,no,no,no,no,Scopus,
import_AD_10.1016/j.neulet.2021.135953,10.1016/j.neulet.2021.135953,,2021,Neuroscience Letters,Aberrant expression of miR-148a-3p in Alzheimer's disease and its protective role against amyloid-β induced neurotoxicity,AD,Article,no,no,yes,yes,yes,Scopus,
import_AD_10.1016/j.neulet.2024.137765,10.1016/j.neulet.2024.137765,,2024,Neuroscience Letters,Diagnostic value and cognitive regulatory roles of long non-coding RNA UCA1 in Alzheimer's disease,AD,Article,no,no,no,no,no,Scopus,
import_AD_10.1016/j.neuropharm.2022.109260,10.1016/j.neuropharm.2022.109260,,2022,Neuropharmacology,Opioid tolerance and opioid-induced hyperalgesia: Is TrkB modulation a potential pharmacological solution?,AD,Review,yes,no,no,no,no,Scopus,
import_AD_10.1016/j.neuroscience.2017.07.017,10.1016/j.neuroscience.2017.07.017,,2018,Neuroscience,Biomarkers for Alzheimer Disease: Classical and Novel Candidates’ Review,AD,Review,yes,no,no,no,no,Scopus,
import_AD_10.1016/j.neuroscience.2023.01.008,10.1016/j.neuroscience.2023.01.008,,2023,Neuroscience,Exercise Protects Against Cognitive Injury and Inflammation in Alzheimer's Disease Through Elevating miR-148a-3p,AD,Article,no,no,no,no,no,Scopus,
import_AD_10.1016/j.nrl.2021.06.001,10.1016/j.nrl.2021.06.001,,2024,Neurologia,The potential diagnostic accuracy of circulating microRNAs for Alzheimer's disease: A meta-analysis; [La precisión diagnóstica de los microARN circulantes para la enfermedad de Alzheimer: un metaanálisis],AD,Article,yes,yes,yes,yes,yes,Scopus,
import_AD_10.1016/j.nxnano.2026.100707,10.1016/j.nxnano.2026.100707,,2026,Next Nanotechnology,The impact of biomarkers on the pre-diagnosis and treatment of Alzheimer's disease: A comprehensive review,AD,Review,yes,no,no,no,no,Scopus,
import_AD_10.1016/j.omtn.2023.07.016,10.1016/j.omtn.2023.07.016,,2023,Molecular Therapy Nucleic Acids,VWA3A-derived ependyma promoter drives increased therapeutic protein secretion into the CSF,AD,Article,no,no,no,no,no,Scopus,
import_AD_10.1016/j.parkreldis.2025.108149,10.1016/j.parkreldis.2025.108149,,2026,Parkinsonism and Related Disorders,Plasma microRNA predict cognitive decline in Parkinson's disease,AD,Article,no,no,no,no,no,Scopus,
import_AD_10.1016/j.pharmthera.2025.108960,10.1016/j.pharmthera.2025.108960,,2026,Pharmacology and Therapeutics,Next-generation nanocarriers for therapeutic oligonucleotides: Precision targeting and stimuli-responsive cancer therapy,AD,Article,yes,no,no,no,no,Scopus,
import_AD_10.1016/j.phrs.2024.107389,10.1016/j.phrs.2024.107389,,2024,Pharmacological Research,The bioenergetics of traumatic brain injury and its long-term impact for brain plasticity and function,AD,Article,no,no,no,no,no,Scopus,
import_AD_10.1016/j.pneurobio.2016.04.003,10.1016/j.pneurobio.2016.04.003,,2017,Progress in Neurobiology,HIV/neuroAIDS biomarkers,AD,Review,yes,no,no,no,no,Scopus,
import_AD_10.1016/j.redox.2015.08.006,10.1016/j.redox.2015.08.006,,2015,Redox Biology,The role of lipoxygenases in pathophysiology; new insights and future perspectives,AD,Review,yes,no,no,no,no,Scopus,
import_AD_10.1016/j.semcancer.2022.06.011,10.1016/j.semcancer.2022.06.011,,2022,Seminars in Cancer Biology,Benefits and limitations of nanomedicine treatment of brain cancers and age-dependent neurodegenerative disorders,AD,Review,yes,no,no,no,no,Scopus,
import_AD_10.1016/j.snb.2024.137134,10.1016/j.snb.2024.137134,,2025,Sensors and Actuators B: Chemical,Ultrasensitive miRNA-135a-5p biochip for early Alzheimer's disease detection utilizing magneto-optical faraday effect and magnetoplasmonic nanoparticles,AD,Article,no,no,no,no,no,Scopus,
import_AD_10.1016/j.snb.2025.138826,10.1016/j.snb.2025.138826,,2026,Sensors and Actuators B: Chemical,CRISPR-mediated 3D nanostructured surface plasmon resonance imaging biosensor for highly sensitive microRNA detection,AD,Article,no,no,no,no,no,Scopus,
import_AD_10.1016/j.talanta.2026.129510,10.1016/j.talanta.2026.129510,,2026,Talanta,"Recent advances on miRNAs in extracellular vesicles: Molecular mechanisms, detection methods, and clinical applications",AD,Article,yes,no,no,no,no,Scopus,
import_AD_10.1016/s1773-2247(24)01023-2,10.1016/s1773-2247(24)01023-2,,2024,Journal of Drug Delivery Science and Technology,Graphical Abstract TOC,AD,Editorial,yes,no,no,no,no,Scopus,
import_AD_10.1038/s41380-025-03011-2,10.1038/s41380-025-03011-2,,2025,Molecular Psychiatry,Maternal prenatal stress induces sex-dependent changes in tRNA fragment families and cholinergic pathways in newborns,AD,Article,no,yes,no,no,yes,Scopus,
import_AD_10.1038/s41392-022-01073-0,10.1038/s41392-022-01073-0,,2022,Signal Transduction and Targeted Therapy,Trends in insulin resistance: insights into mechanisms and therapeutic strategy,AD,Review,yes,no,no,no,no,Scopus,
import_AD_10.1038/s41392-022-01251-0,10.1038/s41392-022-01251-0,,2022,Signal Transduction and Targeted Therapy,Aging and aging-related diseases: from molecular mechanisms to interventions and treatments,AD,Review,yes,no,no,no,no,Scopus,
import_AD_10.1038/s41392-026-02662-z,10.1038/s41392-026-02662-z,,2026,Signal Transduction and Targeted Therapy,Insights into the therapeutic strategies for aging and aging-associated diseases,AD,Review,yes,no,no,no,no,Scopus,
import_AD_10.1038/s41467-020-17655-x,10.1038/s41467-020-17655-x,,2020,Nature Communications,A blood miRNA signature associates with sporadic Creutzfeldt-Jakob disease diagnosis,AD,Article,no,no,no,no,no,Scopus,
import_AD_10.1038/s41598-019-45687-x,10.1038/s41598-019-45687-x,,2019,Scientific Reports,Circulatory miR-223-3p Discriminates Between Parkinson’s and Alzheimer’s Patients,AD,Article,no,no,no,no,no,Scopus,
import_AD_10.1038/s42003-019-0324-7,10.1038/s42003-019-0324-7,,2019,Communications Biology,Risk prediction models for dementia constructed by supervised principal component analysis using miRNA expression data,AD,Article,no,no,no,no,no,Scopus,
import_AD_10.1038/s43587-025-00851-z,10.1038/s43587-025-00851-z,,2025,Nature Aging,Pre-symptomatic Parkinson’s disease blood test quantifying repetitive sequence motifs in transfer RNA fragments,AD,Article,no,yes,no,no,yes,Scopus,
import_AD_10.1039/c7ra09767k,10.1039/c7ra09767k,,2017,RSC Advances,Early detection of Alzheimer's disease using a biosensor based on electrochemically-reduced graphene oxide and gold nanowires for the quantification of serum microRNA-137,AD,Article,no,no,no,no,no,Scopus,
import_AD_10.1039/d0cs00107d,10.1039/d0cs00107d,,2020,Chemical Society Reviews,Chemical sensing platforms for detecting trace-level Alzheimer's core biomarkers,AD,Review,yes,no,no,no,no,Scopus,
import_AD_10.1080/00032719.2021.2008950,10.1080/00032719.2021.2008950,,2022,Analytical Letters,Early and In-Stage Diagnosis of Alzheimer’s Disease by the Simultaneous Fluorescent Determination of the Biomarkers miR-501-3p and miR-455-3p with Carbon Quantum Dots in Serum,AD,Article,no,no,no,no,no,Scopus,
import_AD_10.1080/01616412.2023.2203616,10.1080/01616412.2023.2203616,,2023,Neurological Research,"Plasma long non-coding RNAs ASMTL-AS1, AP001363.1, AC005730.3 and AL133415.1 as a potential biomarker for Alzheimer’s disease",AD,Article,no,yes,no,no,yes,Scopus,
import_AD_10.1080/07853890.2025.2610559,10.1080/07853890.2025.2610559,,2026,Annals of Medicine,Targeting CXCL8 in post-traumatic stress disorder and Alzheimer’s disease: insights from cross-disorder molecular analysis,AD,Article,no,no,no,no,no,Scopus,
import_AD_10.1080/0886022x.2025.2519834,10.1080/0886022x.2025.2519834,,2025,Renal Failure,Identification and validation of parthanatos-related genes in end-stage renal disease,AD,Article,no,no,no,no,no,Scopus,
import_AD_10.1080/14737159.2019.1627202,10.1080/14737159.2019.1627202,,2019,Expert Review of Molecular Diagnostics,A frontline defense against neurodegenerative diseases:the development of early disease detection methods,AD,Editorial,yes,no,no,no,no,Scopus,
import_AD_10.1089/rej.2025.0013,10.1089/rej.2025.0013,,2025,Rejuvenation Research,Red Blood Cell-Derived Exosomes as Mediators of Age-Related Neurodegeneration,AD,Article,no,no,no,no,no,Scopus,
import_AD_10.1093/nar/gkab987,10.1093/nar/gkab987,,2022,Nucleic Acids Research,BrainBase: A curated knowledgebase for brain diseases,AD,Article,no,no,no,no,no,Scopus,
import_AD_10.1097/cm9.0000000000003579,10.1097/cm9.0000000000003579,,2025,Chinese Medical Journal,Biomarkers in Alzheimera's disease: Emerging trends and clinical implications,AD,Editorial,yes,no,no,no,no,Scopus,
import_AD_10.1109/jbhi.2024.3439713,10.1109/jbhi.2024.3439713,,2024,IEEE Journal of Biomedical and Health Informatics,GREMI: An Explainable Multi-Omics Integration Framework for Enhanced Disease Prediction and Module Identification,AD,Article,no,no,no,no,no,Scopus,
import_AD_10.1111/apm.70148,10.1111/apm.70148,,2026,APMIS,miR-769-5p as a Novel Biomarker and Functional Mediator in Alzheimer's Disease: Targeting CREB5 to Alleviate Oxidative Injury,AD,Article,no,yes,no,no,yes,Scopus,
import_AD_10.1111/cns.13429,10.1111/cns.13429,,2020,CNS Neuroscience and Therapeutics,Development of early diagnosis of Parkinson's disease: Illusion or reality?,AD,Review,yes,no,no,no,no,Scopus,
import_AD_10.1124/pharmrev.122.000788,10.1124/pharmrev.122.000788,,2024,Pharmacological Reviews,Emergence of Extracellular Vesicles as “Liquid Biopsy” for Neurological Disorders: Boom or Bust,AD,Review,yes,no,no,no,no,Scopus,
import_AD_10.1126/science.add7162,10.1126/science.add7162,,2022,Science,Toward preventing Parkinson’s disease,AD,Review,yes,no,no,no,no,Scopus,
import_AD_10.1136/jnnp-2017-317492,10.1136/jnnp-2017-317492,,2018,"Journal of Neurology, Neurosurgery and Psychiatry",Downregulation of exosomal miR-204-5p and miR-632 as a biomarker for FTD: A GENFI study,AD,Article,no,no,no,no,no,Scopus,
import_AD_10.1142/s1793545822300014,10.1142/s1793545822300014,,2022,Journal of Innovative Optical Health Sciences,Cerebrospinal fluid and blood biomarkers in the diagnostic assays of Alzheimer's disease,AD,Article,yes,no,no,no,no,Scopus,
import_AD_10.1152/physrev.00038.2017,10.1152/physrev.00038.2017,,2018,Physiological Reviews,Angiotensin II signal transduction: An update on mechanisms of physiology and pathophysiology,AD,Review,yes,no,no,no,no,Scopus,
import_AD_10.1155/2015/625659,10.1155/2015/625659,,2015,Disease Markers,Serum MicroRNA profiles serve as novel biomarkers for the diagnosis of alzheimer's disease,AD,Article,no,no,no,no,no,Scopus,
import_AD_10.1159/000375236,10.1159/000375236,,2015,Gerontology,Circulating Biomarker Panels in Alzheimer's Disease,AD,Review,yes,no,no,no,no,Scopus,
import_AD_10.1159/000519780,10.1159/000519780,,2022,NeuroImmunoModulation,Differential Expression of miR-381-3p in Alzheimer's Disease Patients and Its Role in Beta-Amyloid-Induced Neurotoxicity and Inflammation,AD,Article,no,yes,yes,yes,yes,Scopus,
import_AD_10.1159/000530795,10.1159/000530795,,2023,Gerontology,Blood Biomarkers for Healthy Aging,AD,Review,yes,no,no,no,no,Scopus,
import_AD_10.1159/000538623,10.1159/000538623,,2024,Neurodegenerative Diseases,"Circulating Biomarkers for Alzheimer's Disease: Unlocking the Diagnostic Potential in Low- and Middle-Income Countries, Focusing on Africa",AD,Review,yes,no,no,no,no,Scopus,
import_AD_10.1177/08919887221141651,10.1177/08919887221141651,,2023,Journal of Geriatric Psychiatry and Neurology,Blood Biomarkers for the Diagnosis of Neurodegenerative Dementia: A Systematic Review,AD,Article,yes,no,no,no,no,Scopus,
import_AD_10.1177/13872877251390836,10.1177/13872877251390836,,2025,Journal of Alzheimer's Disease,MicroRNA biomarkers in cerebrospinal fluid and plasma predicting cognitive decline in Alzheimer's disease,AD,Article,no,no,no,no,no,Scopus,
import_AD_10.1177/13872877261437135,10.1177/13872877261437135,,2026,Journal of Alzheimer's Disease,Inflammation-related miR-155-5p as an APOE ε4-modulated biomarker for amyloid pathology in mild cognitive impairment,AD,Article,no,no,no,no,no,Scopus,
import_AD_10.1177/13872877261454540,10.1177/13872877261454540,,2026,Journal of Alzheimer's Disease,Genetically prioritized druggable targets for amyloid-β pathology highlight ACE as a therapeutic candidate in Alzheimer's disease,AD,Article,no,no,no,no,no,Scopus,
import_AD_10.1177/25168657221135848,10.1177/25168657221135848,,2022,Epigenetics Insights,The Neuroepigenetic Landscape of Vertebrate and Invertebrate Models of Neurodegenerative Diseases,AD,Review,yes,no,no,no,no,Scopus,
import_AD_10.1186/s12645-024-00250-w,10.1186/s12645-024-00250-w,,2024,Cancer Nanotechnology,Mesoporous silica nanotechnology: promising advances in augmenting cancer theranostics,AD,Review,yes,no,no,no,no,Scopus,
import_AD_10.1186/s12935-022-02572-4,10.1186/s12935-022-02572-4,,2022,Cancer Cell International,"Alpha-1-antichymotrypsin as a novel biomarker for diagnosis, prognosis, and therapy prediction in human diseases",AD,Review,yes,no,no,no,no,Scopus,
import_AD_10.1186/s12935-023-02947-1,10.1186/s12935-023-02947-1,,2023,Cancer Cell International,"Recent advances in the detection of glioblastoma, from imaging-based methods to proteomics and biosensors: A narrative review",AD,Review,yes,no,no,no,no,Scopus,
import_AD_10.1186/s12951-021-00814-7,10.1186/s12951-021-00814-7,,2021,Journal of Nanobiotechnology,Advances in the development paradigm of biosample‐based biosensors for early ultrasensitive detection of alzheimer’s disease,AD,Review,yes,no,no,no,no,Scopus,
import_AD_10.1186/s12967-025-06886-5,10.1186/s12967-025-06886-5,,2025,Journal of Translational Medicine,"Bio fluid exosomes: promises, challenges, and future directions in translational medicine",AD,Review,yes,no,no,no,no,Scopus,
import_AD_10.1186/s13045-024-01531-y,10.1186/s13045-024-01531-y,,2024,Journal of Hematology and Oncology,Optical nanomaterial-based detection of biomarkers in liquid biopsy,AD,Review,yes,no,no,no,no,Scopus,
import_AD_10.1186/s13287-025-04374-7,10.1186/s13287-025-04374-7,,2025,Stem Cell Research and Therapy,"Extracellular vesicles in age-related diseases: disease pathogenesis, intervention, and biomarker",AD,Review,yes,no,no,no,no,Scopus,
import_AD_10.1186/s40035-024-00418-9,10.1186/s40035-024-00418-9,,2024,Translational Neurodegeneration,Central nervous system-derived extracellular vesicles: the next generation of neural circulating biomarkers?,AD,Review,yes,no,no,no,no,Scopus,
import_AD_10.1212/nxi.0000000000000267,10.1212/nxi.0000000000000267,,2016,Neurology: Neuroimmunology and NeuroInflammation,Comprehensive evaluation of serum microRNAs as biomarkers in multiple sclerosis,AD,Article,no,no,no,no,no,Scopus,
import_AD_10.1212/wnl.0000000000209505,10.1212/wnl.0000000000209505,,2024,Neurology,What Can Blood Biomarkers Tell Us about Patients with Lewy Body Dementia?,AD,Editorial,yes,no,no,no,no,Scopus,
import_AD_10.1212/wnl.0000000000209836,10.1212/wnl.0000000000209836,,2024,Neurology,The Great Debate in Diagnosing Alzheimer Disease: More Than Just a β Test,AD,Editorial,yes,no,no,no,no,Scopus,
import_AD_10.1242/jcs.243139,10.1242/jcs.243139,,2020,Journal of Cell Science,Extracellular vesicles - Propagators of neuropathology and sources of potential biomarkers and therapeutics for neurodegenerative diseases,AD,Review,yes,no,no,no,no,Scopus,
import_AD_10.12659/msm.924263,10.12659/msm.924263,,2020,Medical Science Monitor,Screening and identification of potential peripheral blood biomarkers for Alzheimer’s disease based on bioinformatics analysis,AD,Article,no,no,no,no,no,Scopus,
import_AD_10.12892/ejgo3184.2016,10.12892/ejgo3184.2016,,2016,European Journal of Gynaecological Oncology,MiRNAs: Regulators of human disease,AD,Review,yes,no,no,no,no,Scopus,
import_AD_10.13705/j.issn.1671-6825.2020.10.041,10.13705/j.issn.1671-6825.2020.10.041,,2021,Journal of Zhengzhou University (Medical Sciences),Expression and diagnostic value of hsa_circ_0000880 in plasma of patients with Alzheimer's disease; [Hsa_circ_0000880在阿尔兹海默病患者血浆中的表达及诊断价值],AD,Article,no,no,no,no,no,Scopus,
import_AD_10.1371/journal.pone.0126423,10.1371/journal.pone.0126423,,2015,PLoS ONE,MicroRNA profiling of CSF reveals potential biomarkers to detect Alzheimer's disease,AD,Article,no,no,no,no,no,Scopus,
import_AD_10.1371/journal.pone.0281784,10.1371/journal.pone.0281784,,2023,PLoS ONE,Circulating long non-coding RNAs as novel diagnostic biomarkers for Alzheimer’s disease (AD): A systematic review and meta-analysis,AD,Article,yes,yes,no,yes,yes,Scopus,
import_AD_10.1371/journal.pone.0333801,10.1371/journal.pone.0333801,,2025,PLOS ONE,Identification and evaluation of potential microRNA markers for diagnostics in neurodegenerative diseases and correlation with other biochemical markers,AD,Article,no,no,no,no,no,Scopus,
import_AD_10.14715/cmb/2021.67.4.24,10.14715/cmb/2021.67.4.24,,2021,Cellular and Molecular Biology,"Study on the correlation between PPARγ, Aβ1-42, miR-155 and the occurrence and development of diabetes",AD,Article,no,no,no,no,no,Scopus,
import_AD_10.1515/tjb-2025-0113,10.1515/tjb-2025-0113,,2026,Turkish Journal of Biochemistry,Dysregulated serum miR-384-5p as a diagnostic biomarker for Alzheimer's disease,AD,Article,no,yes,yes,no,yes,Scopus,
import_AD_10.1586/14737159.2014.973858,10.1586/14737159.2014.973858,,2015,Expert Review of Molecular Diagnostics,Universal screening test based on analysis of circulating organ-enriched microRNAs: A novel approach to diagnostic screening,AD,Review,yes,no,no,no,no,Scopus,
import_AD_10.1590/1516-4446-2020-0013,10.1590/1516-4446-2020-0013,,2020,Brazilian Journal of Psychiatry,Biomarkers in alzheimer disease: Are we there yet?,AD,Editorial,yes,no,no,no,no,Scopus,
import_AD_10.16016/j.2097-0927.202311088,10.16016/j.2097-0927.202311088,,2024,Journal of Army Medical University,Screening of serum exosomal miRNAs as diagnostic biomarkers in Alzheimer' s disease; [阿尔茨海默病血清外泌体 ｍｉＲＮＡ 生物标志物的筛选研究],AD,Article,no,no,no,no,no,Scopus,
import_AD_10.18632/oncotarget.15109,10.18632/oncotarget.15109,,2017,Oncotarget,Profile of 6 microRNA in blood plasma distinguish early stage Alzheimer's disease patients from non-demented subjects,AD,Article,no,no,yes,yes,yes,Scopus,
import_AD_10.2119/molmed.2016.00136,10.2119/molmed.2016.00136,,2016,Molecular Medicine,Pygmy microRNA: Surveillance cops in therapy Kingdom,AD,Article,no,no,no,no,no,Scopus,
import_AD_10.2147/cia.s534015,10.2147/cia.s534015,,2025,Clinical Interventions in Aging,Pathological Mechanisms and Molecular Imaging Advances in Alzheimer’s Disease,AD,Review,yes,no,no,no,no,Scopus,
import_AD_10.2147/ijn.s291956,10.2147/ijn.s291956,,2021,International Journal of Nanomedicine,"A comprehensive review on factors influences biogenesis, functions, therapeutic and clinical implications of Exosomes",AD,Review,yes,no,no,no,no,Scopus,
import_AD_10.2147/ijn.s446224,10.2147/ijn.s446224,,2024,International Journal of Nanomedicine,Extracellular Vesicles: A New Star for Gene Drug Delivery,AD,Review,yes,no,no,no,no,Scopus,
import_AD_10.2174/1381612824666180903113136,10.2174/1381612824666180903113136,,2018,Current Pharmaceutical Design,The mechanism of exosomes function in neurological diseases: A progressive review,AD,Review,yes,no,no,no,no,Scopus,
import_AD_10.2174/1389203721666200615173213,10.2174/1389203721666200615173213,,2020,Current Protein and Peptide Science,Advent of proteomic tools for diagnostic biomarker analysis in alzheimer’s disease,AD,Review,yes,no,no,no,no,Scopus,
import_AD_10.2174/1389450123666220303092324,10.2174/1389450123666220303092324,,2022,Current Drug Targets,Overview on Thioredoxin-interacting Protein (TXNIP): A Potential Target for Diabetes Intervention,AD,Review,yes,no,no,no,no,Scopus,
import_AD_10.2174/1567205016666190517121140,10.2174/1567205016666190517121140,,2019,Current Alzheimer Research,Biomarkers for alzheimer’s disease,AD,Review,yes,no,no,no,no,Scopus,
import_AD_10.2174/1567205018666210218160812,10.2174/1567205018666210218160812,,2020,Current Alzheimer Research,Alzheimer’s disease and its related dementia types: A review on their management via nanotechnology based therapeutic strategies,AD,Review,yes,no,no,no,no,Scopus,
import_AD_10.2174/1570159x18666200503024700,10.2174/1570159x18666200503024700,,2021,Current Neuropharmacology,The effect of melatonin modulation of non-coding rnas on central nervous system disorders: An updated review,AD,Review,yes,no,no,no,no,Scopus,
import_AD_10.2174/1570159x20666211231090659,10.2174/1570159x20666211231090659,,2022,Current Neuropharmacology,Stem Cell-based Therapeutic and Diagnostic Approaches in Alzheimer's Disease,AD,Review,yes,no,no,no,no,Scopus,
import_AD_10.2174/1871527320666210809120621,10.2174/1871527320666210809120621,,2022,CNS and Neurological Disorders - Drug Targets,Drosophila: A Model to Study the Pathogenesis of Parkinson’s Disease,AD,Review,yes,no,no,no,no,Scopus,
import_AD_10.2174/1871527321666220903114559,10.2174/1871527321666220903114559,,2023,CNS and Neurological Disorders - Drug Targets,Microbiome-Based Therapies in Parkinson’s Disease: Can Tuning the Microbiota Become a Viable Therapeutic Strategy?,AD,Article,yes,no,no,no,no,Scopus,
import_AD_10.2174/1871527322666230519113201,10.2174/1871527322666230519113201,,2024,CNS and Neurological Disorders - Drug Targets,"The Role of Non-coding RNAs in Alzheimer’s Disease: Pathogenesis, Novel Biomarkers, and Potential Therapeutic Targets",AD,Review,yes,no,no,no,no,Scopus,
import_AD_10.2174/1871530321666210309112234,10.2174/1871530321666210309112234,,2021,"Endocrine, Metabolic and Immune Disorders - Drug Targets",Dysregulation of sirt-1 signaling in multiple sclerosis and neuroimmune disorders: A systematic review of sirtuin activators as potential immunomodulators and their influences on other dysfunctions,AD,Review,yes,no,no,no,no,Scopus,
import_AD_10.2174/2589977515666230214101808,10.2174/2589977515666230214101808,,2023,Current Drug Research Reviews,Thioredoxin Interacting Protein Inhibitors in Diabetes Mellitus: A Critical Review,AD,Review,yes,no,no,no,no,Scopus,
import_AD_10.22038/ijbms.2023.71915.15627,10.22038/ijbms.2023.71915.15627,,2023,Iranian Journal of Basic Medical Sciences,"Potential role of saffron and its components on miRNA levels in various disorders, a comprehensive review",AD,Article,yes,no,no,no,no,Scopus,
import_AD_10.2217/bmm-2018-0034,10.2217/bmm-2018-0034,,2018,Biomarkers in Medicine,Exosomes as possible spread factor and potential biomarkers in Alzheimer's disease: Current concepts,AD,Review,yes,no,no,no,no,Scopus,
import_AD_10.2217/bmm-2021-0098,10.2217/bmm-2021-0098,,2021,Biomarkers in Medicine,Serum aberrant expression of miR-24-3p and its diagnostic value in Alzheimer's disease,AD,Article,no,no,no,no,no,Scopus,
import_AD_10.29333/ejgm/104620,10.29333/ejgm/104620,,2019,Electronic Journal of General Medicine,Fasting may be an alternative treatment method recommended by physicians,AD,Review,yes,no,no,no,no,Scopus,
import_AD_10.30699/jambr.33.161.261,10.30699/jambr.33.161.261,,2025,Journal of Advances in Medical and Biomedical Research,Beta-Secretase 1 and gamma-Secretase Activating Protein-Related MicroRNAs in Alzheimer's Disease: A Narrative Review,AD,Review,yes,no,no,no,no,Scopus,
import_AD_10.3233/jad-160468,10.3233/jad-160468,,2017,Journal of Alzheimer's Disease,Increased Serum miR-206 Level Predicts Conversion from Amnestic Mild Cognitive Impairment to Alzheimer's Disease: A 5-Year Follow-up Study,AD,Article,no,no,no,no,no,Scopus,
import_AD_10.3233/jad-180364,10.3233/jad-180364,,2018,Journal of Alzheimer's Disease,Circulating miR-127-3p as a potential biomarker for differential diagnosis in frontotemporal dementia,AD,Article,no,yes,no,no,yes,Scopus,
import_AD_10.3233/jad-210307,10.3233/jad-210307,,2021,Journal of Alzheimer's Disease,Novel Plasma miRNAs as Biomarkers and Therapeutic Targets of Alzheimer's Disease at the Prodromal Stage,AD,Article,no,no,no,no,no,Scopus,
import_AD_10.3233/jad-215502,10.3233/jad-215502,,2022,Journal of Alzheimer's Disease,Alzheimer's Disease Diagnostics Using miRNA Biomarkers and Machine Learning,AD,Article,no,no,no,no,no,Scopus,
import_AD_10.3325/cmj.2021.62.387,10.3325/cmj.2021.62.387,,2021,Croatian Medical Journal,Differentiating comorbidities and predicting prognosis in idiopathic normal pressure hydrocephalus using cerebrospinal fluid biomarkers: A review,AD,Review,yes,no,no,no,no,Scopus,
import_AD_10.33263/briac112.86868701,10.33263/briac112.86868701,,2021,Biointerface Research in Applied Chemistry,Genome-wide integrative analysis reveals common molecular signatures in blood and brain of alzheimer’s disease,AD,Article,no,no,no,no,no,Scopus,
import_AD_10.3389/fcell.2026.1764767,10.3389/fcell.2026.1764767,,2026,Frontiers in Cell and Developmental Biology,Association of baPWV and CD34+ progenitor-derived exosomal hsa_circ_0093884 with Alzheimer’s disease: mechanistic insights into the miR-375/SIX4 axis,AD,Article,no,yes,no,no,yes,Scopus,
import_AD_10.3389/fgene.2020.491895,10.3389/fgene.2020.491895,,2020,Frontiers in Genetics,How Can Drug Metabolism and Transporter Genetics Inform Psychotropic Prescribing?,AD,Review,yes,no,no,no,no,Scopus,
import_AD_10.3389/fgene.2023.1138625,10.3389/fgene.2023.1138625,,2023,Frontiers in Genetics,Integrated analysis of circulating cell free nucleic acids for cancer genotyping and immune phenotyping of tumor microenvironment,AD,Review,yes,no,no,no,no,Scopus,
import_AD_10.3389/fnagi.2016.00013,10.3389/fnagi.2016.00013,,2016,Frontiers in Aging Neuroscience,Diagnostic value of microRNA for Alzheimer's disease: A systematic review and meta-analysis,AD,Review,yes,yes,yes,yes,yes,Scopus,
import_AD_10.3389/fnagi.2017.00035,10.3389/fnagi.2017.00035,,2017,Frontiers in Aging Neuroscience,"Corrigendum: Diagnostic Value Of microRNA for Alzheimer's disease: A systematic review and meta-Analysis [Front. Aging Neurosci. 8, (2016), (13)] DOI: 10.3389/fnagi.2016.00013",AD,Erratum,yes,no,no,no,no,Scopus,
import_AD_10.3389/fnagi.2020.598606,10.3389/fnagi.2020.598606,,2021,Frontiers in Aging Neuroscience,A Signature of Five Long Non-Coding RNAs for Predicting the Prognosis of Alzheimer's Disease Based on Competing Endogenous RNA Networks,AD,Article,no,no,no,no,no,Scopus,
import_AD_10.3389/fnagi.2021.647015,10.3389/fnagi.2021.647015,,2021,Frontiers in Aging Neuroscience,Circulating Inflamma-miRs as Potential Biomarkers of Cognitive Impairment in Patients Affected by Alzheimer’s Disease,AD,Article,no,no,no,no,no,Scopus,
import_AD_10.3389/fnagi.2021.720167,10.3389/fnagi.2021.720167,,2021,Frontiers in Aging Neuroscience,Ophthalmic Biomarkers for Alzheimer’s Disease: A Review,AD,Review,yes,no,no,no,no,Scopus,
import_AD_10.3389/fnagi.2022.834775,10.3389/fnagi.2022.834775,,2022,Frontiers in Aging Neuroscience,Exosomes in Age-Related Cognitive Decline: Mechanistic Insights and Improving Outcomes,AD,Review,yes,no,no,no,no,Scopus,
import_AD_10.3389/fnagi.2022.860364,10.3389/fnagi.2022.860364,,2022,Frontiers in Aging Neuroscience,Potential Mechanism Underlying Exercise Upregulated Circulating Blood Exosome miR-215-5p to Prevent Necroptosis of Neuronal Cells and a Model for Early Diagnosis of Alzheimer’s Disease,AD,Article,no,yes,no,no,yes,Scopus,
import_AD_10.3389/fnagi.2022.977999,10.3389/fnagi.2022.977999,,2022,Frontiers in Aging Neuroscience,Is liquid biopsy mature enough for the diagnosis of Alzheimer’s disease?,AD,Review,yes,no,no,no,no,Scopus,
import_AD_10.3389/fnagi.2023.1210191,10.3389/fnagi.2023.1210191,,2023,Frontiers in Aging Neuroscience,Cerebrospinal fluid microRNAs as potential biomarkers in Alzheimer’s disease,AD,Review,yes,no,no,no,no,Scopus,
import_AD_10.3389/fnagi.2025.1566929,10.3389/fnagi.2025.1566929,,2025,Frontiers in Aging Neuroscience,Bioinformatics and experimental validation identify biomarkers for diagnosing Alzheimer’s disease,AD,Article,no,yes,yes,yes,yes,Scopus,
import_AD_10.3389/fnagi.2025.1571783,10.3389/fnagi.2025.1571783,,2025,Frontiers in Aging Neuroscience,Integrative single-cell and cell-free plasma RNA transcriptomics identifies biomarkers for early non-invasive AD screening,AD,Article,no,yes,no,no,yes,Scopus,
import_AD_10.3389/fnagi.2025.1637368,10.3389/fnagi.2025.1637368,,2025,Frontiers in Aging Neuroscience,miR-423-5p and miR-92a-3p in Alzheimer’s disease: relationship with pathology and cognition,AD,Article,no,no,no,no,no,Scopus,
import_AD_10.3389/fnagi.2026.1739935,10.3389/fnagi.2026.1739935,,2026,Frontiers in Aging Neuroscience,Plasma lncRNA signature of upregulated ATP2B1-AS1 and downregulated RPL21P28 correlates with diagnosis and cognitive severity in Alzheimer’s disease,AD,Article,no,yes,no,no,yes,Scopus,
import_AD_10.3389/fncel.2017.00175,10.3389/fncel.2017.00175,,2017,Frontiers in Cellular Neuroscience,Regulatory roles of long non-coding rnas in the central nervous system and associated neurodegenerative diseases,AD,Review,yes,no,no,no,no,Scopus,
import_AD_10.3389/fneur.2020.00663,10.3389/fneur.2020.00663,,2020,Frontiers in Neurology,Extracellular Vesicle Proteins and MicroRNAs as Biomarkers for Traumatic Brain Injury,AD,Review,yes,no,no,no,no,Scopus,
import_AD_10.3389/fneur.2021.662373,10.3389/fneur.2021.662373,,2021,Frontiers in Neurology,Editorial: miRNAs and Neurological Diseases,AD,Editorial,yes,no,no,no,no,Scopus,
import_AD_10.3389/fneur.2023.1244536,10.3389/fneur.2023.1244536,,2023,Frontiers in Neurology,"Editorial: Biomarkers in neurology, volume II",AD,Editorial,yes,no,no,no,no,Scopus,
import_AD_10.3389/fnhum.2025.1614132,10.3389/fnhum.2025.1614132,,2025,Frontiers in Human Neuroscience,Bibliometric analysis of neural injury biomarkers in neurodegenerative diseases: research trends and future perspectives,AD,Article,no,no,no,no,no,Scopus,
import_AD_10.3389/fnins.2024.1347320,10.3389/fnins.2024.1347320,,2024,Frontiers in Neuroscience,Fluid biomarkers in cerebral amyloid angiopathy,AD,Review,yes,no,no,no,no,Scopus,
import_AD_10.3389/fnmol.2021.650372,10.3389/fnmol.2021.650372,,2021,Frontiers in Molecular Neuroscience,MicroRNA Dysregulation in Epilepsy: From Pathogenetic Involvement to Diagnostic Biomarker and Therapeutic Agent Development,AD,Review,yes,no,no,no,no,Scopus,
import_AD_10.3389/fnmol.2021.685143,10.3389/fnmol.2021.685143,,2021,Frontiers in Molecular Neuroscience,Long Noncoding RNAs in Neurodegenerative Diseases: Pathogenesis and Potential Implications as Clinical Biomarkers,AD,Review,yes,no,no,no,no,Scopus,
import_AD_10.3389/fnmol.2021.756499,10.3389/fnmol.2021.756499,,2021,Frontiers in Molecular Neuroscience,A Review of miRNAs as Biomarkers and Effect of Dietary Modulation in Obesity Associated Cognitive Decline and Neurodegenerative Disorders,AD,Review,yes,no,no,no,no,Scopus,
import_AD_10.3389/fnmol.2022.949095,10.3389/fnmol.2022.949095,,2022,Frontiers in Molecular Neuroscience,"Long Non-coding RNA HOTAIR in Central Nervous System Disorders: New Insights in Pathogenesis, Diagnosis, and Therapeutic Potential",AD,Review,yes,no,no,no,no,Scopus,
import_AD_10.3389/fnmol.2022.966139,10.3389/fnmol.2022.966139,,2022,Frontiers in Molecular Neuroscience,Editorial: Blood Biomarkers of Neurodegenerative Diseases,AD,Editorial,yes,no,no,no,no,Scopus,
import_AD_10.3389/fnmol.2023.1127163,10.3389/fnmol.2023.1127163,,2023,Frontiers in Molecular Neuroscience,Identification of miRNAs regulating MAPT expression and their analysis in plasma of patients with dementia,AD,Article,no,no,no,no,no,Scopus,
import_AD_10.3389/fphar.2021.791214,10.3389/fphar.2021.791214,,2022,Frontiers in Pharmacology,"A Review of Pharmacology, Toxicity and Pharmacokinetics of 2,3,5,4′-Tetrahydroxystilbene-2-O-β-D-Glucoside",AD,Review,yes,no,no,no,no,Scopus,
import_AD_10.3389/fpsyt.2025.1589374,10.3389/fpsyt.2025.1589374,,2025,Frontiers in Psychiatry,Exosomal microRNA signatures in youth at clinical high risk for bipolar disorder,AD,Article,no,no,no,no,no,Scopus,
import_AD_10.3390/app16052554,10.3390/app16052554,,2026,Applied Sciences (Switzerland),Molecular Testing in Early Diagnosis and Clinical Assessment of Alzheimer’s Disease: A Narrative Review,AD,Review,yes,no,no,no,no,Scopus,
import_AD_10.3390/biom10091229,10.3390/biom10091229,,2020,Biomolecules,"Thimet oligopeptidase biochemical and biological significances: Past, present, and future directions",AD,Review,yes,no,no,no,no,Scopus,
import_AD_10.3390/biom11020195,10.3390/biom11020195,,2021,Biomolecules,Epigenetics of alzheimer’s disease,AD,Review,yes,no,no,no,no,Scopus,
import_AD_10.3390/biom12020208,10.3390/biom12020208,,2022,Biomolecules,Posttranscriptional Regulation of Insulin Resistance Implications for Metabolic Diseases,AD,Review,yes,no,no,no,no,Scopus,
import_AD_10.3390/biom12020329,10.3390/biom12020329,,2022,Biomolecules,Update on CSF Biomarkers in Parkinson’s Disease,AD,Review,yes,no,no,no,no,Scopus,
import_AD_10.3390/biom13081250,10.3390/biom13081250,,2023,Biomolecules,Mesenchymal Stem Cell-Derived Extracellular Vesicles: An Emerging Diagnostic and Therapeutic Biomolecules for Neurodegenerative Disabilities,AD,Review,yes,no,no,no,no,Scopus,
import_AD_10.3390/biom9110734,10.3390/biom9110734,,2019,Biomolecules,Elevated plasma microRNA-206 levels predict cognitive decline and progression to dementia from mild cognitive impairment,AD,Article,no,no,no,no,no,Scopus,
import_AD_10.3390/biomedicines10010105,10.3390/biomedicines10010105,,2022,Biomedicines,News about Therapies of Alzheimer’s Disease: Extracellular Vesicles from Stem Cells Exhibit Advantages Compared to Other Treatments,AD,Review,yes,no,no,no,no,Scopus,
import_AD_10.3390/biomedicines14010059,10.3390/biomedicines14010059,,2026,Biomedicines,Oxidative Stress as a Central Mechanistic Bridge Between Alzheimer’s and Vascular Pathologies in Mixed Dementia: Emerging Evidence and Therapeutic Perspectives,AD,Note,no,no,no,no,no,Scopus,
import_AD_10.3390/bios10060063,10.3390/bios10060063,,2020,Biosensors,Low-fouling substrates for plasmonic sensing of circulating biomarkers in biological fluids,AD,Review,yes,no,no,no,no,Scopus,
import_AD_10.3390/bios13050515,10.3390/bios13050515,,2023,Biosensors,Fluorescent Sensing Platforms for Detecting and Imaging the Biomarkers of Alzheimer’s Disease,AD,Review,yes,no,no,no,no,Scopus,
import_AD_10.3390/bios13110987,10.3390/bios13110987,,2023,Biosensors,Alzheimer’s Disease Biomarker Detection Using Field Effect Transistor-Based Biosensor,AD,Review,yes,no,no,no,no,Scopus,
import_AD_10.3390/bios15060346,10.3390/bios15060346,,2025,Biosensors,Multiplexed CRISPR Assay for Amplification-Free Detection of miRNAs,AD,Article,no,no,no,no,no,Scopus,
import_AD_10.3390/bios16040190,10.3390/bios16040190,,2026,Biosensors,Recent Advances in Graphene-Based Field-Effect Transistor Biosensors for Disease Biomarker Detection and Clinical Prospects,AD,Review,yes,no,no,no,no,Scopus,
import_AD_10.3390/brainsci14010019,10.3390/brainsci14010019,,2024,Brain Sciences,Neuroinflammation and Neurodegenerative Diseases: How Much Do We Still Not Know?,AD,Review,yes,no,no,no,no,Scopus,
import_AD_10.3390/cells10010113,10.3390/cells10010113,,2021,Cells,Micrornas as early biomarkers of alzheimer’s disease: A synaptic perspective,AD,Article,yes,no,no,no,no,Scopus,
import_AD_10.3390/cells10102697,10.3390/cells10102697,,2021,Cells,Enhanced expression of microrna-1273g-3p contributes to alzheimer’s disease pathogenesis by regulating the expression of mitochondrial genes,AD,Article,no,no,no,no,no,Scopus,
import_AD_10.3390/cells11111732,10.3390/cells11111732,,2022,Cells,Alpha-Synuclein Aggregation Pathway in Parkinson’s Disease: Current Status and Novel Therapeutic Approaches,AD,Review,yes,no,no,no,no,Scopus,
import_AD_10.3390/cells11203215,10.3390/cells11203215,,2022,Cells,PPAR-γ Partial Agonists in Disease-Fate Decision with Special Reference to Cancer,AD,Review,yes,no,no,no,no,Scopus,
import_AD_10.3390/cells12121643,10.3390/cells12121643,,2023,Cells,Cell-Penetrating Peptides as Valuable Tools for Nose-to-Brain Delivery of Biological Drugs,AD,Review,yes,no,no,no,no,Scopus,
import_AD_10.3390/cells12141911,10.3390/cells12141911,,2023,Cells,Liquid Biopsy in Neurological Diseases,AD,Review,yes,no,no,no,no,Scopus,
import_AD_10.3390/diagnostics10050326,10.3390/diagnostics10050326,,2020,Diagnostics,Role of body-fluid biomarkers in Alzheimer's disease diagnosis,AD,Review,yes,no,no,no,no,Scopus,
import_AD_10.3390/diagnostics11030393,10.3390/diagnostics11030393,,2021,Diagnostics,A comprehensive review of computer-aided diagnosis of major mental and neurological disorders and suicide: A biostatistical perspective on data mining,AD,Review,yes,no,no,no,no,Scopus,
import_AD_10.3390/ijms20071728,10.3390/ijms20071728,,2019,International Journal of Molecular Sciences,Extracellular vesicle as a source of alzheimer’s biomarkers: Opportunities and challenges,AD,Review,yes,no,no,no,no,Scopus,
import_AD_10.3390/ijms21093158,10.3390/ijms21093158,,2020,International Journal of Molecular Sciences,"Utility of animal models to understand human alzheimer’s disease, using the mastermind research approach to avoid unnecessary further sacrifices of animals",AD,Article,no,no,no,no,no,Scopus,
import_AD_10.3390/ijms21155407,10.3390/ijms21155407,,2020,International Journal of Molecular Sciences,Dietary gluten and neurodegeneration: A case for preclinical studies,AD,Review,yes,no,no,no,no,Scopus,
import_AD_10.3390/ijms221910794,10.3390/ijms221910794,,2021,International Journal of Molecular Sciences,Exosomes in alzheimer’s disease: From being pathological players to potential diagnostics and therapeutics,AD,Review,yes,no,no,no,no,Scopus,
import_AD_10.3390/ijms26052231,10.3390/ijms26052231,,2025,International Journal of Molecular Sciences,Molecular Biomarkers in Neurological Diseases: Advances in Diagnosis and Prognosis,AD,Review,yes,no,no,no,no,Scopus,
import_AD_10.3390/ijms27135888,10.3390/ijms27135888,,2026,International Journal of Molecular Sciences,Salivary Biomarkers in Alzheimer’s Disease: Emerging Diagnostic Tools and Their Association with Periodontal Disease,AD,Review,yes,no,no,no,no,Scopus,
import_AD_10.3390/ijms27135990,10.3390/ijms27135990,,2026,International Journal of Molecular Sciences,"Peripheral and Central miRNA Signatures in Alzheimer’s Disease: Tissue-Specific Variability, Sex-Associated Differences, and Implications for Blood-Based Biomarkers",AD,Review,yes,no,no,no,no,Scopus,
import_AD_10.3390/jcm8111995,10.3390/jcm8111995,,2019,Journal of Clinical Medicine,Enrichment of exosome-like extracellular vesicles from plasma suitable for clinical vesicular mirna biomarker research,AD,Article,no,no,no,no,no,Scopus,
import_AD_10.3390/pharmaceutics17111480,10.3390/pharmaceutics17111480,,2025,Pharmaceutics,Nanoparticle-Mediated Targeted Drug Delivery Systems,AD,Editorial,yes,no,no,no,no,Scopus,
import_AD_10.3390/pharmaceutics18010070,10.3390/pharmaceutics18010070,,2026,Pharmaceutics,"Extracellular Vesicles in Alzheimer’s Disease: Dual Roles in Pathogenesis, Promising Avenues for Diagnosis and Therapy",AD,Review,yes,no,no,no,no,Scopus,
import_AD_10.3760/cma.j.cn113661-20210131-00061,10.3760/cma.j.cn113661-20210131-00061,,2021,Chinese Journal of Psychiatry,Construction and validation of diagnostic models for Alzheimer's disease based on serum microRNAs; [基于血清小分子核糖核酸的阿尔茨海默病诊断模型构建与验证],AD,Article,no,no,no,no,no,Scopus,
import_AD_10.4088/jcp.13m08812,10.4088/jcp.13m08812,,2015,Journal of Clinical Psychiatry,The feasibility of utilizing plasma MiRNA107 and BACE1 messenger RNA gene expression for clinical diagnosis of amnestic mild cognitive impairment,AD,Article,no,no,yes,yes,yes,Scopus,
import_AD_10.4103/1673-5374.244784,10.4103/1673-5374.244784,,2019,Neural Regeneration Research,MicroRNAs as diagnostic and therapeutic tools for Alzheimer's disease: Advances and limitations,AD,Review,yes,no,no,no,no,Scopus,
import_AD_10.4103/1673-5374.264454,10.4103/1673-5374.264454,,2020,Neural Regeneration Research,Blood extracellular vesicles (EVs) of central nervous system origin: A window into the brain,AD,Review,yes,no,no,no,no,Scopus,
import_AD_10.4103/1673-5374.335832,10.4103/1673-5374.335832,,2022,Neural Regeneration Research,Emerging blood exosome-based biomarkers for preclinical and clinical Alzheimer's disease: A meta-Analysis and systematic review,AD,Review,yes,no,no,no,no,Scopus,
import_AD_10.4103/1673-5374.343882,10.4103/1673-5374.343882,,2023,Neural Regeneration Research,Extracellular vesicles in Alzheimer's disease: from pathology to therapeutic approaches,AD,Review,yes,no,no,no,no,Scopus,
import_AD_10.4103/1673-5374.379036,10.4103/1673-5374.379036,,2024,Neural Regeneration Research,The role of exosomes in adult neurogenesis: Implications for neurodegenerative diseases,AD,Review,yes,no,no,no,no,Scopus,
import_AD_10.4103/nrr.nrr-d-23-01273,10.4103/nrr.nrr-d-23-01273,,2026,Neural Regeneration Research,Long noncoding RNA GAS5 acts as a competitive endogenous RNA to regulate GSK-3β and PTEN expression by sponging miR-23b-3p in Alzheimer's disease,AD,Article,no,no,no,no,no,Scopus,
import_AD_10.4103/nrr.nrr-d-24-01165,10.4103/nrr.nrr-d-24-01165,,2026,Neural Regeneration Research,RBAD: The first database dedicated alterations of blood RNA in individuals with Alzheimer’s disease and their clinical relevance,AD,Article,no,no,no,no,no,Scopus,
import_AD_10.4172/0975-9042.000117,10.4172/0975-9042.000117,,2016,Current Neurobiology,Distinguishing mild cognitive impairment from Alzheimer's disease by increased expression of key circulating microRNAs,AD,Article,no,no,no,no,no,Scopus,
import_AD_10.52711/0974-360x.2025.00495,10.52711/0974-360x.2025.00495,,2025,Research Journal of Pharmacy and Technology,Circulating Micro RNAs as Diagnostic Signatures for Amyloid Beta Toxicity in Alzheimer's Disease,AD,Review,yes,no,no,no,no,Scopus,
import_AD_10.62617/mcb536,10.62617/mcb536,,2024,MCB Molecular and Cellular Biomechanics,Serum miRNA Detection-based Alzheimer’s disease prediction regression model,AD,Article,no,no,no,no,no,Scopus,
import_AD_wos_1,,,2020,INTERNATIONAL JOURNAL OF CLINICAL AND EXPERIMENTAL MEDICINE,MicroRNA-146a expression in the peripheral blood of Alzheimer's disease patients and its correlation with disease severity,AD_wos,Article,no,yes,no,no,yes,Web of Science,
import_AD_wos_10.1007/978-3-319-53889-1_18,10.1007/978-3-319-53889-1_18,,2017,NEUROEPIGENOMICS IN AGING AND DISEASE,Alzheimer's Disease and ncRNAs,AD_wos,Article;  Book Chapter,yes,no,no,no,no,Web of Science,
import_AD_wos_10.1007/s10072-025-08051-8,10.1007/s10072-025-08051-8,,2025,NEUROLOGICAL SCIENCES,miRNAs in neurodegenerative diseases: from target screening to precision therapy,AD_wos,Review,yes,no,no,no,no,Web of Science,
import_AD_wos_10.1007/s12031-019-01364-2,10.1007/s12031-019-01364-2,,2019,JOURNAL OF MOLECULAR NEUROSCIENCE,Long Non-coding RNA BACE1-AS May Serve as an Alzheimer's Disease Blood-Based Biomarker,AD_wos,Article,no,no,yes,yes,yes,Web of Science,
import_AD_wos_10.1016/j.autrev.2021.102942,10.1016/j.autrev.2021.102942,,2021,AUTOIMMUNITY REVIEWS,The myristoylated alanine-rich C-kinase substrates (MARCKS): A membrane-anchored mediator of the cell function,AD_wos,Review,yes,no,no,no,no,Web of Science,
import_AD_wos_10.1016/j.biotechadv.2025.108568,10.1016/j.biotechadv.2025.108568,,2025,BIOTECHNOLOGY ADVANCES,"Application of curcuminoids in inflammatory, neurodegenerative and aging conditions-Pharmacological potential and bioengineering approaches to improve efficiency",AD_wos,Review,yes,no,no,no,no,Web of Science,
import_AD_wos_10.1016/j.heliyon.2022.e09239,10.1016/j.heliyon.2022.e09239,,2022,HELIYON,"Nucleic acid liquid biopsies in Alzheimer's disease: current state, challenges, and opportunities",AD_wos,Review,yes,no,no,no,no,Web of Science,
import_AD_wos_10.1016/j.ijbiomac.2020.05.257,10.1016/j.ijbiomac.2020.05.257,,2020,INTERNATIONAL JOURNAL OF BIOLOGICAL MACROMOLECULES,Biosensing: The best alternative for conventional methods in detection of Alzheimer's disease biomarkers,AD_wos,Review,yes,no,no,no,no,Web of Science,
import_AD_wos_10.1016/j.microc.2025.114944,10.1016/j.microc.2025.114944,,2025,MICROCHEMICAL JOURNAL,An immunobiosensor based on chelate-ring-containing iridium(III) complexes for electrochemiluminescence determination of TNF-α,AD_wos,Article,no,no,no,no,no,Web of Science,
import_AD_wos_10.1016/j.msec.2022.112689,10.1016/j.msec.2022.112689,,2022,BIOMATERIALS ADVANCES,Electrochemical aptamer-based nanobiosensors for diagnosing Alzheimer's disease: A review,AD_wos,Review,yes,no,no,no,no,Web of Science,
import_AD_wos_10.1021/acs.analchem.1c03858,10.1021/acs.analchem.1c03858,,2021,ANALYTICAL CHEMISTRY,Universal Nanoparticle Counting Platform for Tetraplexed Biomarkers by Integrating Immunorecognition and Nucleic Acid Hybridization in One Assay,AD_wos,Article,no,no,no,no,no,Web of Science,
import_AD_wos_10.1038/srep20364,10.1038/srep20364,,2016,SCIENTIFIC REPORTS,Early diagnosis of Alzheimer's disease from elevated olfactory mucosal miR-206 level,AD_wos,Article,no,no,no,no,no,Web of Science,
import_AD_wos_10.1186/s12883-017-1008-x,10.1186/s12883-017-1008-x,,2018,BMC NEUROLOGY,Plasma long non-coding RNA BACE1 as a novel biomarker for diagnosis of Alzheimer disease,AD_wos,Article,no,no,no,yes,no,Web of Science,
import_AD_wos_10.2174/1568026617666170103161233,10.2174/1568026617666170103161233,,2017,CURRENT TOPICS IN MEDICINAL CHEMISTRY,Insulin Resistance in Alzheimer Disease: p53 and MicroRNAs as Important Players,AD_wos,Review,yes,no,no,no,no,Web of Science,
import_AD_wos_10.3389/fnmol.2016.00140,10.3389/fnmol.2016.00140,,2016,FRONTIERS IN MOLECULAR NEUROSCIENCE,The Protective Role of microRNA-200c in Alzheimer's Disease Pathologies Is Induced by Beta Amyloid-Triggered Endoplasmic Reticulum Stress,AD_wos,Article,no,no,no,no,no,Web of Science,
import_AD_wos_10.70594/brain/17.1/36,10.70594/brain/17.1/36,,2026,BRAIN-BROAD RESEARCH IN ARTIFICIAL INTELLIGENCE AND NEUROSCIENCE,Advances in Nanotechnology-Engineered Exosomes for Early Biomarker Detection and Therapy in Alzheimer's Disease,AD_wos,Article,no,no,no,no,no,Web of Science,
import_AD_wos_10.7754/clin.lab.2017.170327,10.7754/clin.lab.2017.170327,,2017,CLINICAL LABORATORY,miRNAs Expressions and Interaction with Biological Systems in Patients with Alzheimer's Disease. Using miRNAs as a Diagnosis and Prognosis Biomarker,AD_wos,Review,yes,no,no,no,no,Web of Science,
import_AD_wos_9,,,2018,2018 IEEE INTERNATIONAL SYMPOSIUM ON MEDICAL MEASUREMENTS AND APPLICATIONS (MEMEA),Diagnostic uncertainty in Alzheimer's disease A bio-metrology perspective addressed to microRNA-based biomarkers,AD_wos,Proceedings Paper,no,no,no,no,no,Web of Science,
import_PD_10.1002/ctm2.357,10.1002/ctm2.357,,2021,Clinical and Translational Medicine,MicroRNAs from extracellular vesicles as a signature for Parkinson's disease,PD,Letter,yes,no,no,no,no,Scopus,
import_PD_10.1002/mds.27935,10.1002/mds.27935,,2020,Movement Disorders,Salivary microR-153 and microR-223 Levels as Potential Diagnostic Biomarkers of Idiopathic Parkinson's Disease,PD,Article,no,no,no,no,no,Scopus,
import_PD_10.1002/mds.29497,10.1002/mds.29497,,2023,Movement Disorders,Extracellular Vesicles for the Diagnosis of Parkinson's Disease: Systematic Review and Meta-Analysis,PD,Review,yes,no,no,no,no,Scopus,
import_PD_10.1002/sim.70211,10.1002/sim.70211,,2025,Statistics in Medicine,A Bayesian Mixture of Exponential Family Factor Models for Uncovering Disease Progression Subtypes,PD,Article,no,no,no,no,no,Scopus,
import_PD_10.1007/978-3-031-32815-2_17,10.1007/978-3-031-32815-2_17,,2023,Contemporary Clinical Neuroscience,Considerations and Advances in Huntington’s Disease Clinical Trial Design,PD,Book chapter,no,no,no,no,no,Scopus,
import_PD_10.1007/s00415-020-09781-9,10.1007/s00415-020-09781-9,,2021,Journal of Neurology,Diagnostic utility of fluid biomarkers in multiple system atrophy: a systematic review and meta-analysis,PD,Review,yes,no,no,no,no,Scopus,
import_PD_10.1007/s10048-026-00918-y,10.1007/s10048-026-00918-y,,2026,Neurogenetics,Association of the miR-146a rs57095329 polymorphism with susceptibility and clinical phenotypes in Parkinson’s disease,PD,Article,no,no,no,no,no,Scopus,
import_PD_10.1007/s10616-026-00978-w,10.1007/s10616-026-00978-w,,2026,Cytotechnology,miR-338-5p exerts neuroprotective effects in Parkinson’s disease via targeting LRP1,PD,Article,no,yes,no,no,yes,Scopus,
import_PD_10.1007/s11064-025-04662-x,10.1007/s11064-025-04662-x,,2026,Neurochemical Research,Serum Aberrant Expression of miR-431-5p and Their Diagnostic Value in Parkinson’s Disease,PD,Article,no,no,no,no,no,Scopus,
import_PD_10.1007/s12035-021-02500-z,10.1007/s12035-021-02500-z,,2021,Molecular Neurobiology,Pursuing Multiple Biomarkers for Early Idiopathic Parkinson’s Disease Diagnosis,PD,Review,yes,no,no,no,no,Scopus,
import_PD_10.1007/s12035-023-03267-1,10.1007/s12035-023-03267-1,,2023,Molecular Neurobiology,Epigenetic Regulation of Ferroptosis in Central Nervous System Diseases,PD,Review,yes,no,no,no,no,Scopus,
import_PD_10.1007/s12035-024-04581-y,10.1007/s12035-024-04581-y,,2025,Molecular Neurobiology,MicroRNA-Targeted Gene Regulation in Salivary Gland Tissue of De Novo Parkinson’s Disease Patients,PD,Article,no,no,no,no,no,Scopus,
import_PD_10.1007/s12035-025-04890-w,10.1007/s12035-025-04890-w,,2025,Molecular Neurobiology,Plasma miRNA Biomarker Signatures in Parkinsonian Syndromes,PD,Article,no,no,no,no,no,Scopus,
import_PD_10.1007/s12035-025-05252-2,10.1007/s12035-025-05252-2,,2025,Molecular Neurobiology,An Exploratory Analysis of Differential Tear Fluid miRNAs in Patients with Parkinson’s Disease and Atypical Parkinsonian Syndromes,PD,Article,no,no,no,no,no,Scopus,
import_PD_10.1007/s12264-019-00433-1,10.1007/s12264-019-00433-1,,2020,Neuroscience Bulletin,Biomarkers for Parkinson’s Disease: How Good Are They?,PD,Review,yes,no,no,no,no,Scopus,
import_PD_10.1007/s13365-025-01286-3,10.1007/s13365-025-01286-3,,2025,Journal of NeuroVirology,LncRNA MCF2L-AS1 inhibits neuronal damage induced by 1-methyl-4-phenylpyridinium (MPP+) via regulating miR-28-5p,PD,Article,no,no,no,no,no,Scopus,
import_PD_10.1007/s13760-025-02870-4,10.1007/s13760-025-02870-4,,2026,Acta Neurologica Belgica,Clinical value of serum miR-451 in early diagnosis of multiple system atrophy from parkinson’s disease and outcomes prediction,PD,Article,no,no,no,no,no,Scopus,
import_PD_10.1016/j.arr.2022.101764,10.1016/j.arr.2022.101764,,2022,Ageing Research Reviews,Identification of exosomal biomarkers and its optimal isolation and detection method for the diagnosis of Parkinson's disease: A systematic review and meta-analysis,PD,Review,yes,no,no,no,no,Scopus,
import_PD_10.1016/j.biopha.2023.115308,10.1016/j.biopha.2023.115308,,2023,Biomedicine and Pharmacotherapy,Potential applications of using tissue-specific EVs in targeted therapy and vaccinology,PD,Review,yes,no,no,no,no,Scopus,
import_PD_10.1016/j.brainres.2022.147814,10.1016/j.brainres.2022.147814,,2022,Brain Research,LINC00943 acts as miR-338-3p sponge to promote MPP+-induced SK-N-SH cell injury by directly targeting SP1 in Parkinson's disease,PD,Article,no,no,no,no,no,Scopus,
import_PD_10.1016/j.clineuro.2026.109558,10.1016/j.clineuro.2026.109558,,2026,Clinical Neurology and Neurosurgery,Serum miR-423–5p discriminates patients with Parkinson's disease from healthy individuals and is associated with severity and the risk of cognitive dysfunction,PD,Article,no,no,yes,yes,yes,Scopus,
import_PD_10.1016/j.ejphar.2021.173914,10.1016/j.ejphar.2021.173914,,2021,European Journal of Pharmacology,Assessment of the role of non-coding RNAs in the pathophysiology of Parkinson's disease,PD,Review,yes,no,no,no,no,Scopus,
import_PD_10.1016/j.mseb.2022.116017,10.1016/j.mseb.2022.116017,,2022,Materials Science and Engineering: B,An innovative biodevice towards monitoring of miR-153 using specific DNA immobilized on the surface of poly(chitosan) decorated AgNPrs/GQDs-CysA conductive nano-ink: Early-stage diagnosis of Parkinson's disease using biosensor technology,PD,Article,no,no,no,no,no,Scopus,
import_PD_10.1016/j.nbd.2015.05.004,10.1016/j.nbd.2015.05.004,,2015,Neurobiology of Disease,Fluid biomarkers in multiple system atrophy: A review of the MSA Biomarker Initiative,PD,Review,yes,no,no,no,no,Scopus,
import_PD_10.1016/j.neuroscience.2022.11.017,10.1016/j.neuroscience.2022.11.017,,2023,Neuroscience,An Update on Peripheral Blood Extracellular Vesicles as Biomarkers for Parkinson's Disease Diagnosis,PD,Review,yes,no,no,no,no,Scopus,
import_PD_10.1016/j.neuroscience.2023.09.001,10.1016/j.neuroscience.2023.09.001,,2023,Neuroscience,"The Biology, Pathological Roles of Exosomes and Their Clinical Application in Parkinson's Disease",PD,Review,yes,no,no,no,no,Scopus,
import_PD_10.1016/j.neuroscience.2025.12.011,10.1016/j.neuroscience.2025.12.011,,2026,Neuroscience,Profiling the Braak progression in Parkinson's disease: a transcriptomics and ML driven identification of progressive biomarker and prognostic ceRNA signature,PD,Article,no,yes,no,no,yes,Scopus,
import_PD_10.1016/j.neuroscience.2026.05.014,10.1016/j.neuroscience.2026.05.014,,2026,Neuroscience,A cross-platform meta-analysis of human brain transcriptomes identifies core and tissue-specific molecular signatures in alcohol use disorder,PD,Article,yes,no,no,no,no,Scopus,
import_PD_10.1016/j.parkreldis.2025.108150,10.1016/j.parkreldis.2025.108150,,2026,Parkinsonism and Related Disorders,Transcriptomic analysis of plasma small extracellular vesicles identifies potential diagnostic biomarkers for Parkinson's disease dementia,PD,Article,no,no,no,no,no,Scopus,
import_PD_10.1016/j.sleep.2020.12.012,10.1016/j.sleep.2020.12.012,,2021,Sleep Medicine,microRNA signatures in prodromal REM sleep behavior disorder and early Parkinson's disease as noninvasive biomarkers,PD,Review,yes,no,no,no,no,Scopus,
import_PD_10.1021/acs.molpharmaceut.0c00195,10.1021/acs.molpharmaceut.0c00195,,2020,Molecular Pharmaceutics,Potential Therapeutic Applications and Developments of Exosomes in Parkinson's Disease,PD,Article,yes,no,no,no,no,Scopus,
import_PD_10.1021/acsbiomaterials.0c01203,10.1021/acsbiomaterials.0c01203,,2021,ACS Biomaterials Science and Engineering,Affinity-Based Nanoarchitectured Biotransducer for Sensitivity Enhancement of Surface Plasmon Resonance Sensors for in Vitro Diagnosis: A Review,PD,Review,yes,no,no,no,no,Scopus,
import_PD_10.1038/s41582-021-00598-2,10.1038/s41582-021-00598-2,,2022,Nature Reviews Neurology,Exosomal microRNAs may aid differential diagnosis of movement disorders,PD,Article,no,no,no,no,no,Scopus,
import_PD_10.1038/s41582-021-00611-8,10.1038/s41582-021-00611-8,,2022,Nature Reviews Neurology,Exosomal microRNA is promising biomarker in PD,PD,Article,no,no,no,no,no,Scopus,
import_PD_10.1080/09537104.2019.1585527,10.1080/09537104.2019.1585527,,2020,Platelets,Circulating microRNAs in patients with immune thrombocytopenia before and after treatment with thrombopoietin-receptor agonists,PD,Article,no,yes,no,no,yes,Scopus,
import_PD_10.1080/15548627.2023.2196889,10.1080/15548627.2023.2196889,,2023,Autophagy,"CircEPS15, as a sponge of MIR24-3p ameliorates neuronal damage in Parkinson disease through boosting PINK1-PRKN-mediated mitophagy",PD,Article,no,no,no,no,no,Scopus,
import_PD_10.1111/jcmm.16612,10.1111/jcmm.16612,,2021,Journal of Cellular and Molecular Medicine,MiR-193b deregulation is associated with Parkinson's disease,PD,Article,no,no,no,no,no,Scopus,
import_PD_10.1111/jcmm.16827,10.1111/jcmm.16827,,2021,Journal of Cellular and Molecular Medicine,Plasma hsa-mir-19b is a potential LevoDopa therapy marker,PD,Article,no,no,no,no,no,Scopus,
import_PD_10.1111/jnc.15288,10.1111/jnc.15288,,2021,Journal of Neurochemistry,Exosomes in Parkinson disease,PD,Review,yes,no,no,no,no,Scopus,
import_PD_10.1111/jnc.70355,10.1111/jnc.70355,,2026,Journal of Neurochemistry,Oxidative Stress—Related Serum Extracellular Vesicle miRNAs Indicate Symptom Severity and Cognitive Decline in Parkinson's Disease,PD,Article,no,no,no,no,no,Scopus,
import_PD_10.1111/nan.12864,10.1111/nan.12864,,2023,Neuropathology and Applied Neurobiology,Dysregulation of miR-543 in Parkinson's disease: Impact on the neuroprotective gene SIRT1,PD,Article,no,no,no,no,no,Scopus,
import_PD_10.1155/2017/5913195,10.1155/2017/5913195,,2017,International Journal of Genomics,Biological Function of MicroRNA193a-3p in Health and Disease,PD,Review,yes,no,no,no,no,Scopus,
import_PD_10.1155/2023/3555418,10.1155/2023/3555418,,2023,Neurology Research International,Salivary Biomarkers: Noninvasive Ways for Diagnosis of Parkinson’s Disease,PD,Review,yes,no,no,no,no,Scopus,
import_PD_10.1155/padi/8731032,10.1155/padi/8731032,,2026,Parkinson's Disease,Identification of Gene Signatures and Molecular Mechanisms for Diagnosing Parkinson’s Disease and Nonalcoholic Fatty Liver Disease Using Machine Learning,PD,Article,no,no,no,no,no,Scopus,
import_PD_10.1159/000502449,10.1159/000502449,,2019,Cerebrovascular Diseases,Candidate Biomarkers for the Diagnosis of Transient Ischemic Attack: A Systematic Review,PD,Review,yes,no,no,no,no,Scopus,
import_PD_10.1159/000515672,10.1159/000515672,,2021,Developmental Neuroscience,Current Approaches and Future Directions for the Treatment of mTORopathies,PD,Review,yes,no,no,no,no,Scopus,
import_PD_10.1159/000518212,10.1159/000518212,,2022,NeuroImmunoModulation,LncRNA RMST Regulates Neuronal Apoptosis and Inflammatory Response via Sponging miR-150-5p in Parkinson's Disease,PD,Article,no,yes,no,no,yes,Scopus,
import_PD_10.1177/00045632251328130,10.1177/00045632251328130,,2025,Annals of Clinical Biochemistry,Paired copy number variation analysis in siblings discordant for familial Parkinson’s disease,PD,Article,no,no,yes,no,no,Scopus,
import_PD_10.1177/0271678x241254772,10.1177/0271678x241254772,,2024,Journal of Cerebral Blood Flow and Metabolism,Role of miRNAs in neurovascular injury and repair,PD,Review,yes,no,no,no,no,Scopus,
import_PD_10.1186/s11658-023-00516-y,10.1186/s11658-023-00516-y,,2024,Cellular and Molecular Biology Letters,The pyroptosis mediated biomarker pattern: an emerging diagnostic approach for Parkinson’s disease,PD,Article,no,yes,no,no,yes,Scopus,
import_PD_10.1186/s40580-025-00523-z,10.1186/s40580-025-00523-z,,2025,Nano Convergence,"Correction: Efficient methods of isolation and purification of extracellular vesicles (Nano Convergence, (2025), 12, 1, (45), 10.1186/s40580-025-00509-x)",PD,Erratum,no,no,no,no,no,Scopus,
import_PD_10.1360/ssc-2024-0181,10.1360/ssc-2024-0181,,2025,Scientia Sinica Chimica,"Surface-enhanced Raman scattering sensor based on Fe3O4@AuNPs enrichment, separation, and enzymatic shearing strategy for the diagnosis of Parkinson’s disease; [基于Fe3O4@AuNPs富集分离和酶剪切策略的表面增强拉曼光谱传感器用于帕金森病诊断]",PD,Article,no,no,no,no,no,Scopus,
import_PD_10.18231/j.ijmmtd.2023.001,10.18231/j.ijmmtd.2023.001,,2023,IP International Journal of Medical Microbiology and Tropical Diseases,Micro-RNA: A potential screening marker for latent tuberculosis,PD,Review,yes,no,no,no,no,Scopus,
import_PD_10.19193/0393-6384_2020_3_291,10.19193/0393-6384_2020_3_291,,2020,Acta Medica Mediterranea,"Serum miR-9a and miR-133b, diagnostic markers for Parkinson's disease, are up-regulated after levodopa treatment",PD,Article,no,yes,yes,yes,yes,Scopus,
import_PD_10.2174/0109298673336756241016063552,10.2174/0109298673336756241016063552,,2025,Current Medicinal Chemistry,"Diagnostic Potential of NEAT1, hsa-let-7a-5p, and miR-506-3p in Early-stage Parkinson's Disease",PD,Article,no,yes,no,no,yes,Scopus,
import_PD_10.2174/1381612826666200102125847,10.2174/1381612826666200102125847,,2020,Current Pharmaceutical Design,Current perspectives on delivery systems using extracellular vesicles in neurological disease,PD,Review,yes,no,no,no,no,Scopus,
import_PD_10.2174/1566523217666170314141931,10.2174/1566523217666170314141931,,2017,Current Gene Therapy,The Adeno-Associated virus - A safe and promising vehicle for liverspecific gene therapy of inherited and non-inherited disorders,PD,Review,yes,no,no,no,no,Scopus,
import_PD_10.2174/1570159x21666221128090025,10.2174/1570159x21666221128090025,,2023,Current Neuropharmacology,Clinical Trials of Non-Coding RNAs as Diagnostic and Therapeutic Biomarkers for Central Nervous System Injuries,PD,Article,no,no,no,no,no,Scopus,
import_PD_10.31083/j.jin.2020.03.163,10.31083/j.jin.2020.03.163,,2020,Journal of Integrative Neuroscience,Identification of microRNAs for the early diagnosis of Parkinson's disease and multiple system atrophy,PD,Article,no,no,no,no,no,Scopus,
import_PD_10.3109/1354750x.2015.1118544,10.3109/1354750x.2015.1118544,,2016,Biomarkers,A panel of four decreased serum microRNAs as a novel biomarker for early Parkinsons disease,PD,Article,no,no,no,no,no,Scopus,
import_PD_10.3389/fmicb.2022.875101,10.3389/fmicb.2022.875101,,2022,Frontiers in Microbiology,"Integrated Microbiome and Host Transcriptome Profiles Link Parkinson’s Disease to Blautia Genus: Evidence From Feces, Blood, and Brain",PD,Article,no,yes,no,no,yes,Scopus,
import_PD_10.3389/fnagi.2021.632891,10.3389/fnagi.2021.632891,,2021,Frontiers in Aging Neuroscience,Serum miR-96-5P and miR-339-5P Are Potential Biomarkers for Multiple System Atrophy and Parkinson's Disease,PD,Article,no,no,no,no,no,Scopus,
import_PD_10.3389/fnagi.2021.684289,10.3389/fnagi.2021.684289,,2021,Frontiers in Aging Neuroscience,Circulating CircRNAs Panel Acts as a Biomarker for the Early Diagnosis and Severity of Parkinson’s Disease,PD,Article,no,no,no,no,no,Scopus,
import_PD_10.3389/fnagi.2024.1458476,10.3389/fnagi.2024.1458476,,2024,Frontiers in Aging Neuroscience,Identification of key genes and diagnostic model associated with circadian rhythms and Parkinson’s disease by bioinformatics analysis,PD,Article,no,no,no,no,no,Scopus,
import_PD_10.3389/fnins.2023.1145923,10.3389/fnins.2023.1145923,,2023,Frontiers in Neuroscience,Neuronally enriched microvesicle RNAs are differentially expressed in the serums of Parkinson’s patients,PD,Article,no,yes,no,no,yes,Scopus,
import_PD_10.3389/fnins.2026.1784013,10.3389/fnins.2026.1784013,,2026,Frontiers in Neuroscience,Retrospective longitudinal analysis of blood microRNA-7-5p as a possible progression biomarker in people with Parkinson’s disease,PD,Article,no,no,no,no,no,Scopus,
import_PD_10.3390/bios13080802,10.3390/bios13080802,,2023,Biosensors,"Biogenesis, Isolation, and Detection of Exosomes and Their Potential in Therapeutics and Diagnostics",PD,Review,yes,no,no,no,no,Scopus,
import_PD_10.3390/cells10040791,10.3390/cells10040791,,2021,Cells,Protein binding partners of dysregulated mirnas in parkinson’s disease serum,PD,Article,no,no,no,no,no,Scopus,
import_PD_10.3390/cimb46090600,10.3390/cimb46090600,,2024,Current Issues in Molecular Biology,Disulfidptosis: A New Target for Parkinson’s Disease and Cancer,PD,Article,no,no,no,no,no,Scopus,
import_PD_10.3390/ijms24010712,10.3390/ijms24010712,,2023,International Journal of Molecular Sciences,Role and Dysregulation of miRNA in Patients with Parkinson’s Disease,PD,Article,no,no,no,no,no,Scopus,
import_PD_10.3390/ijms26104934,10.3390/ijms26104934,,2025,International Journal of Molecular Sciences,"Telomere Length, Oxidative Stress Markers, and Related miRNAs in Non-Invasive Samples of Mild COVID-19 Cases",PD,Article,no,no,no,no,no,Scopus,
import_PD_10.3390/ijms262412164,10.3390/ijms262412164,,2025,International Journal of Molecular Sciences,The Role of miRNAs in Parkinson’s Disease: A Systematic Review,PD,Review,yes,no,no,no,no,Scopus,
import_PD_10.3390/jpm9040051,10.3390/jpm9040051,,2019,Journal of Personalized Medicine,Potential impact of microRNA gene polymorphisms in the pathogenesis of diabetes and atherosclerotic cardiovascular disease,PD,Review,yes,no,no,no,no,Scopus,
import_PD_10.3760/cma.j.cn371468-20200828-01692,10.3760/cma.j.cn371468-20200828-01692,,2021,Chinese Journal of Behavioral Medicine and Brain Science,Expressions and clinical significance of miR-124 and miR-494 in elderly patients with Parkinson disease; [老年帕金森病患者血清miR-124、miR-494表达及其临床意义],PD,Article,no,yes,yes,yes,yes,Scopus,
import_PD_10.3760/cma.j.issn.0254-9026.2024.01.005,10.3760/cma.j.issn.0254-9026.2024.01.005,,2024,Chinese Journal of Geriatrics,Expression and clinical value of miR-124 and miR-1976 in serum of patients with Parkinson's disease; [微小RNA-124和RNA-1976在帕金森病患者血清中的表达及临床价值],PD,Article,no,yes,yes,yes,yes,Scopus,
import_PD_10.3892/mmr.2022.12604,10.3892/mmr.2022.12604,,2022,Molecular Medicine Reports,A cerebrospinal fluid microRNA analysis: Progressive supranuclear palsy,PD,Article,no,no,no,no,no,Scopus,
import_PD_10.4103/aian.aian_440_19,10.4103/aian.aian_440_19,,2020,Annals of Indian Academy of Neurology,Clinical application of circulating microRNAs in Parkinson's disease: The challenges and opportunities as diagnostic biomarker,PD,Review,yes,no,no,no,no,Scopus,
import_PD_10.4103/nrr.nrr-d-23-01677,10.4103/nrr.nrr-d-23-01677,,2024,Neural Regeneration Research,A systematic review of salivary biomarkers in Parkinson's disease,PD,Review,yes,no,no,no,no,Scopus,
import_PD_wos_10.1016/j.brainres.2024.149097,10.1016/j.brainres.2024.149097,,2024,BRAIN RESEARCH,Identification of diagnose related therapeutic targets of Danggui buxue decoction in Parkinson's disease,PD_wos,Article,no,no,no,no,no,Web of Science,
import_PD_wos_10.1021/acsami.3c00103,10.1021/acsami.3c00103,,2023,ACS APPLIED MATERIALS & INTERFACES,LoC-SERS Platform Integrated with the Signal Amplification Strategy toward Parkinson's Disease Diagnosis,PD_wos,Article,no,no,no,no,no,Web of Science,
import_PD_wos_10.1093/nar/gkaa1161,10.1093/nar/gkaa1161,,2021,NUCLEIC ACIDS RESEARCH,Validation of human microRNA target pathways enables evaluation of target prediction tools,PD_wos,Article,no,no,no,no,no,Web of Science,
import_PD_wos_10.1177/1073858421992265,10.1177/1073858421992265,,2022,NEUROSCIENTIST,Inflammatory Mechanisms in Parkinson's Disease: From Pathogenesis to Targeted Therapies,PD_wos,Review,yes,no,no,no,no,Web of Science,
import_PD_wos_10.1371/journal.pone.0320257,10.1371/journal.pone.0320257,,2025,PLOS ONE,Identification of biomarkers associated with inflammatory response in Parkinson's disease by bioinformatics and machine learning,PD_wos,Article,no,no,no,no,no,Web of Science,
import_PD_wos_10.1590/0034-7167-2017-0450,10.1590/0034-7167-2017-0450,,2018,REVISTA BRASILEIRA DE ENFERMAGEM,Diagnostic validity of biomarkers in Parkinson's Disease: systematic review and meta-analysis,PD_wos,Review,yes,no,no,no,no,Web of Science,
import_PD_wos_10.2174/0929867328666211213111812,10.2174/0929867328666211213111812,,2022,CURRENT MEDICINAL CHEMISTRY,New Insights into the Biosensing of Parkinson's Disease Biomarkers: A Concise Review,PD_wos,Review,yes,no,no,no,no,Web of Science,
import_PD_wos_10.3389/fnagi.2016.00036,10.3389/fnagi.2016.00036,,2016,FRONTIERS IN AGING NEUROSCIENCE,microRNA Profiles in Parkinson's Disease Prefrontal Cortex,PD_wos,Article,no,no,yes,yes,yes,Web of Science,
import_PD_wos_10.3934/medsci.2015.1.7,10.3934/medsci.2015.1.7,,2015,AIMS MEDICAL SCIENCE,Parkinson's Disease-related Circulating microRNA Biomarkers - a Validation Study,PD_wos,Article,no,no,yes,no,no,Web of Science,
