record_id,pmid,doi,first_author,year,journal,disease,comparison,comparison_class,biofluid,marker_type,marker,cohort_stage,n_cases,n_controls,auc,auc_ci_low,auc_ci_high,sensitivity,specificity,method,eligible_primary_pool,exclusion_reason,note,verbatim_quote,source
E001,42389429,10.1515/jtim-2026-0038,Qin Q,2026,Journal of translational internal medicine,AD,AD vs healthy controls,case_vs_healthy_control,serum,single_miRNA,let-7i-5p,training,73,53,0.835,0.766,0.905,,,RT-qPCR,yes,,Training cohort (73 AD / 53 HC). 95% CI recovered from the full text in the second pass.,"Among these, let-7i-5p demonstrated the highest diagnostic accuracy, with an AUC of 0.835 (95% CI: 0.766–0.905)",PubMed Central open-access full text
E002,42389429,10.1515/jtim-2026-0038,Qin Q,2026,Journal of translational internal medicine,AD,AD vs healthy controls,case_vs_healthy_control,serum,single_miRNA,miR-92a-3p,validation,99,99,0.778,,,,,RT-qPCR,yes,,,"In a validation cohort comprising 274 participants ... ROC analyses based on qPCR-derived ΔCt values demonstrated that four miRNAs individually discriminated AD patients from HCs with AUCs > 0.7. Among them, miR-92a-3p (AUC = 0.778) and miR-1285-5p (AUC = 0.770) exhibited the highest discriminatory performance",PubMed Central open-access full text
E003,42389429,10.1515/jtim-2026-0038,Qin Q,2026,Journal of translational internal medicine,AD,AD vs healthy controls,case_vs_healthy_control,serum,single_miRNA,miR-1285-5p,validation,99,99,0.77,,,,,RT-qPCR,yes,,,"In a validation cohort comprising 274 participants ... ROC analyses based on qPCR-derived ΔCt values demonstrated that four miRNAs individually discriminated AD patients from HCs with AUCs > 0.7. Among them, miR-92a-3p (AUC = 0.778) and miR-1285-5p (AUC = 0.770) exhibited the highest discriminatory performance",PubMed Central open-access full text
E004,38618193,10.2147/DNND.S444567,Duan X,2024,Degenerative neurological and neuromuscular disease,AD,AD vs non-demented controls,case_vs_healthy_control,serum_exosome,single_miRNA,miR-125b-1-3p,validation,71,71,0.765,,,0.821,0.677,RT-qPCR,yes,,,"The results for miR-125b-1-3p showed modest improvement in distinguishing the AD patients from the healthy controls (, AUC=0.765, sensitivity=82.1% and specificity=67.7%).",PubMed Central open-access full text
E005,38618193,10.2147/DNND.S444567,Duan X,2024,Degenerative neurological and neuromuscular disease,AD,AD vs non-demented controls,case_vs_healthy_control,serum_exosome,single_miRNA,miR-451a,validation,71,71,0.728,,,0.679,0.726,RT-qPCR,yes,,,"However, hsa-miR-451a had an AUC of 0.728 to differentiate the AD group from the ND group, with a sensitivity and specificity of 67.9% and 72.6%, respectively.",PubMed Central open-access full text
E006,33542630,10.2147/NDT.S290925,Zhang M,2021,Neuropsychiatric disease and treatment,AD,AD vs controls,case_vs_healthy_control,serum,single_miRNA,miR-128,single,117,106,0.831,,,0.869,0.821,RT-qPCR,yes,,117 AD patients recruited; control-group size not stated in the retrieved full text.,"The area under the curve was 0.831, the sensitivity was 86.9%, and the specificity was 82.1%, as shown in.",PubMed Central open-access full text
E007,28137310,10.1186/s40478-017-0414-z,Hara N,2017,Acta neuropathologica communications,AD,AD vs controls,case_vs_healthy_control,serum,single_miRNA,miR-501-3p,validation,36,22,0.82,,,0.53,1.0,RT-qPCR,yes,,"Estimate from the NIG validation set (36 AD / 22 CN, clinically diagnosed by NINCDS-ADRDA). Neuropathological confirmation applies only to the separate ROW discovery set, for which no AUC is reported.","To validate the three candidate serum miRNAs, we prepared sample set NIG, which was composed of 36 clinically diagnosed AD patients and 22 age-matched cognitively normal controls ... The receiver-operating characteristic curve of hsa-miR-501-3p showed 53% sensitivity and 100% specificity (area under the curve = 0.82",PubMed Central open-access full text
E008,33129241,10.29252/ibj.25.1.62,Hojati Z,2020,Iranian biomedical journal,AD,AD vs healthy individuals,case_vs_healthy_control,serum,single_miRNA,miR-661,single,18,18,0.75,,,,,RT-qPCR,yes,,"Serum, RT-qPCR. Authors also report SE = 0.08 for this AUC (Hanley-McNeil gives 0.082). Patients were drug-naive. Mean Ct 38 for miR-661 in AD, near the assay detection limit.","The calculations showed AUC = 75%, standard error = 0.08, andvalue = 0.01; thus, hsa-miR-661 possessed the potential to be as a biomarker",PubMed Central open-access full text
E009,34870106,10.3233/ADR-210311,Tan YJ,2021,Journal of Alzheimer's disease reports,AD,AD vs FTD and controls,differential_diagnosis,CSF_exosome,single_miRNA,miR-328-3p,single,28,8,0.702,0.534,0.87,,,RT-qPCR,no,"composite comparator (FTD + controls), not a clean case-vs-healthy-control contrast",,"Notably, lower miR-328-3p levels could differentiate AD from FTD and controls with an AUC of 0.702, 95% CI: 0.534-0.870",PubMed Central open-access full text
E010,42346280,10.3390/diseases14060187,Birsan S,2026,"Diseases (Basel, Switzerland)",mixed_neurodegenerative,neurodegenerative pathology vs healthy controls,case_vs_healthy_control,gastric_juice,single_miRNA,miR-106a-5p,single,22,16,0.701,,,,,RT-qPCR,no,"mixed neurodegenerative population, not AD- or PD-specific",,The ROC analysis demonstrated moderate diagnostic performance of gastric miR-106a-5p for distinguishing patients with neurological abnormalities from controls (AUC = 0.701).,PubMed Central open-access full text
E011,42010706,10.1186/s13195-026-02048-x,Chen Z,2026,Alzheimer's research & therapy,AD,AD vs healthy controls,case_vs_healthy_control,serum,single_miRNA,miR-211-5p,cross-validated,,,0.621,,,,,microarray (biobank re-analysis),no,"cross-validated model output on a re-analysed biobank cohort, not an independent ROC on a defined case-control pair",,The univariate ranking indicates that hsa-miR-211-5p had a five-fold cross-validated AUC of approximately 0.621 (rank 73),PubMed Central open-access full text
E012,37071449,10.1002/alz.13055,Kumar A,2023,Alzheimer's & dementia : the journal of the Alzheimer's Association,AD,AD vs cognitively normal,case_vs_healthy_control,plasma_sEV,single_miRNA,miR-9-5p,single,,,1.0,,,,,RT-qPCR,no,perfect separation (AUC=1.000) in a very small subgroup (6 MCI-AD of 39 participants); unstable estimate,,"Of interest, miR-9-5p expression in sEV strongly predicted overall cognitive impairment (AUC = 0.935), MCI (AUC = 0.931), and AD (AUC = 1.000) (-).",PubMed Central open-access full text
E013,37071449,10.1002/alz.13055,Kumar A,2023,Alzheimer's & dementia : the journal of the Alzheimer's Association,AD,overall cognitive impairment vs cognitively normal,case_vs_healthy_control,plasma_sEV,single_miRNA,miR-125b-5p,single,,,0.753,,,,,RT-qPCR,no,"outcome is pooled cognitive impairment, not AD diagnosis; n per group not stated in sentence",,"The expression of miR-125b-5p in sEV displayed AUC = 0.753 in predicting the overall impairment (), although none of the miRNAs could be noted in predicting MCI ().",PubMed Central open-access full text
E014,32585840,10.3390/biom10060945,Oliveira SR,2020,Biomolecules,PD,idiopathic PD vs healthy controls,case_vs_healthy_control,serum,single_miRNA,miR-146a-5p,discovery,20,20,0.74,,,,,RT-qPCR,yes,,,"As observed in, miR-146a, miR-335-3p, and miR-335-5p showed good sensitivity and specificity to differentiate between iPD and healthy controls (AUC = 0.74, AUC = 0.74, and AUC = 0.71, respectively).",PubMed Central open-access full text
E015,32585840,10.3390/biom10060945,Oliveira SR,2020,Biomolecules,PD,idiopathic PD vs healthy controls,case_vs_healthy_control,serum,single_miRNA,miR-335-3p,discovery,20,20,0.74,,,,,RT-qPCR,yes,,,"As observed in, miR-146a, miR-335-3p, and miR-335-5p showed good sensitivity and specificity to differentiate between iPD and healthy controls (AUC = 0.74, AUC = 0.74, and AUC = 0.71, respectively).",PubMed Central open-access full text
E016,32585840,10.3390/biom10060945,Oliveira SR,2020,Biomolecules,PD,idiopathic PD vs healthy controls,case_vs_healthy_control,serum,single_miRNA,miR-335-5p,discovery,20,20,0.71,,,,,RT-qPCR,yes,,,"As observed in, miR-146a, miR-335-3p, and miR-335-5p showed good sensitivity and specificity to differentiate between iPD and healthy controls (AUC = 0.74, AUC = 0.74, and AUC = 0.71, respectively).",PubMed Central open-access full text
E017,32585840,10.3390/biom10060945,Oliveira SR,2020,Biomolecules,PD,idiopathic PD vs healthy controls,case_vs_healthy_control,serum,single_miRNA,miR-146a-5p,validation,17,14,0.62,,,,,RT-qPCR,yes,,Validation cohort was 20 iPD and 20 controls before exclusion of 3 iPD and 6 controls for haemolysis.,"Moreover, ROC curves showed that miR-146a, miR-335-3p, and miR-335-5p have moderate ability to discriminate between iPD patients and controls in this cohort (AUC = 0.62, AUC = 0.67, and AUC = 0.59, respectively), while miR-155 has great sensitivity and specificity to discriminate between the two groups, with an AUC = 0.85 ().",PubMed Central open-access full text
E018,32585840,10.3390/biom10060945,Oliveira SR,2020,Biomolecules,PD,idiopathic PD vs healthy controls,case_vs_healthy_control,serum,single_miRNA,miR-335-3p,validation,17,14,0.67,,,,,RT-qPCR,yes,,,"Moreover, ROC curves showed that miR-146a, miR-335-3p, and miR-335-5p have moderate ability to discriminate between iPD patients and controls in this cohort (AUC = 0.62, AUC = 0.67, and AUC = 0.59, respectively)",PubMed Central open-access full text
E019,32585840,10.3390/biom10060945,Oliveira SR,2020,Biomolecules,PD,idiopathic PD vs healthy controls,case_vs_healthy_control,serum,single_miRNA,miR-335-5p,validation,17,14,0.59,,,,,RT-qPCR,yes,,,"Moreover, ROC curves showed that miR-146a, miR-335-3p, and miR-335-5p have moderate ability to discriminate between iPD patients and controls in this cohort (AUC = 0.62, AUC = 0.67, and AUC = 0.59, respectively)",PubMed Central open-access full text
E020,35655754,10.3389/fnins.2022.865139,Wu L,2022,Frontiers in neuroscience,PD,PD vs normal controls,case_vs_healthy_control,plasma,single_miRNA,miR-153,single,75,73,0.631,,,0.548,0.747,RT-qPCR,yes,,Second pass: reported sensitivity is integer-consistent only with the control group size (73) and specificity only with the PD group size (75); labels may be swapped. Values kept as published and flagged in results/tables/sens_spec_label_check.csv.,"MiR-153 distinguished patients with PD from NCs with 54.8% sensitivity and 74.7% specificity (AUC = 0.631, cut-off value 0.85;), whereas, miR-223 distinguished patients with PD from NCs with 68.5% sensitivity and 88.0% specificity (AUC = 0.862, cut-off value 0.63;).",PubMed Central open-access full text
E021,35655754,10.3389/fnins.2022.865139,Wu L,2022,Frontiers in neuroscience,PD,PD vs normal controls,case_vs_healthy_control,plasma,single_miRNA,miR-223,single,75,73,0.862,,,0.685,0.88,RT-qPCR,yes,,Second pass: reported sensitivity is integer-consistent only with the control group size (73) and specificity only with the PD group size (75); labels may be swapped. Values kept as published and flagged in results/tables/sens_spec_label_check.csv.,"MiR-153 distinguished patients with PD from NCs with 54.8% sensitivity and 74.7% specificity (AUC = 0.631, cut-off value 0.85;), whereas, miR-223 distinguished patients with PD from NCs with 68.5% sensitivity and 88.0% specificity (AUC = 0.862, cut-off value 0.63;).",PubMed Central open-access full text
E022,38033547,10.3389/fnins.2023.1174951,Rai S,2023,Frontiers in neuroscience,PD,idiopathic PD vs age-matched controls,case_vs_healthy_control,plasma,single_miRNA,miR-23b-3p,single,16,16,0.8086,,,0.9375,0.6875,RT-qPCR,yes,,Group sizes not stated in the sentence carrying the ROC result.,"the comparison with age-matched controls gave better AUC values both in plasma (AUC = 0.8086, 93.75% sensitivity, 68.75% specificity)",PubMed Central open-access full text
E023,41373032,10.1186/s13104-025-07604-6,Omura T,2025,BMC research notes,PD,PD vs healthy controls,case_vs_healthy_control,plasma,single_miRNA,miR-101,single,8,6,0.781,0.547,1.0,0.5,1.0,RT-qPCR,yes,,Commercial biorepository samples; diagnostic criteria not reported. The AUC did not differ significantly from 0.5 (DeLong p = 0.297).,"Using the Youden Index, the optimal cutoff for miR-101 expression was identified as 0.737 relative to the mean healthy value, and the AUC was 0.781 (95% CI = 0.547-1.00)",PubMed Central open-access full text
E024,33416118,10.3892/ijmm.2020.4806,Grossi I,2020,International journal of molecular medicine,PD,PD vs controls,case_vs_healthy_control,plasma_EV,single_miRNA,miR-34a-5p,single,15,14,0.738,0.557,0.919,,,RT-qPCR,yes,,"Pure small-EV fraction of plasma; miR-34a-5p was tested in five fractions and ROC was run only for the one that differed. Raw Ct, no normalizer. All-male cohort; controls from a geriatrics unit.",Peripheral blood was obtained from PD patients (n=15 ...) and control subjects (n=14 ...). The diagnostic significance of miR-34a-5p in pure SEVs was further tested by ROC curve analysis. The calculated Area under ROC curve (AUC) of 0.738 (95% CI=0.557-0.919; P<0.05),PubMed Central open-access full text
E025,32649312,10.18632/aging.103458,Han L,2020,Aging,PD,PD with cognitive impairment vs PD normal cognition,within_disease,serum,single_miRNA,miR-29b,single,98,40,0.726,0.6268,0.8243,,,RT-qPCR,no,"within-disease contrast (cognitive status inside PD), not PD vs healthy control",,"For discriminating between PD-CI and PD-NC, the AUC of miR-29b was moderate, with an average AUC of 0.726 (95% CI=0.6268 to 0.8243) ().",PubMed Central open-access full text
E026,35962561,10.1002/mds.29171,Soto M,2022,Movement disorders : official journal of the Movement Disorder Society,PD,isolated RBD / Lewy body disease vs controls,prodromal_vs_control,serum,single_miRNA,miR-29c-3p,single,,,0.85,,,,,small RNA-seq,no,"prodromal/isolated RBD population, not clinically established PD",,"the topmost discriminant individual miRNAs distinguishing IRBD or LBD were miR-29c-3p, miR-1227-5p, and miR-24-3p, with AUCs of 0.85, 0.76, and 0.76, respectively.",PubMed Central open-access full text
E027,35962561,10.1002/mds.29171,Soto M,2022,Movement disorders : official journal of the Movement Disorder Society,PD,isolated RBD / Lewy body disease vs controls,prodromal_vs_control,serum,single_miRNA,miR-1227-5p,single,,,0.76,,,,,small RNA-seq,no,"prodromal/isolated RBD population, not clinically established PD",,"the topmost discriminant individual miRNAs distinguishing IRBD or LBD were miR-29c-3p, miR-1227-5p, and miR-24-3p, with AUCs of 0.85, 0.76, and 0.76, respectively.",PubMed Central open-access full text
E028,35962561,10.1002/mds.29171,Soto M,2022,Movement disorders : official journal of the Movement Disorder Society,PD,isolated RBD / Lewy body disease vs controls,prodromal_vs_control,serum,single_miRNA,miR-24-3p,single,,,0.76,,,,,small RNA-seq,no,"prodromal/isolated RBD population, not clinically established PD",,"the topmost discriminant individual miRNAs distinguishing IRBD or LBD were miR-29c-3p, miR-1227-5p, and miR-24-3p, with AUCs of 0.85, 0.76, and 0.76, respectively.",PubMed Central open-access full text
E029,38848197,10.3233/JPD-230408,Braunger LJ,2024,Journal of Parkinson's disease,PD,LRRK2-related PD signature,differential_diagnosis,extracellular_miRNA,single_miRNA,miR-29c-3p,single,,,0.86,,,0.9,0.9,RT-qPCR,no,"LRRK2-R1441G carrier stratification, not sporadic PD vs healthy control",,ROC analysis of miR-29c-3p revealed a sensitivity of 90% and specificity of 90% with an AUC of 0.86 (95% CI:,PubMed Central open-access full text
E030,41836608,10.1038/s44328-026-00086-x,Yang SJ,2026,Npj biosensing,AD,AD vs controls (neuron-derived EV),case_vs_healthy_control,plasma_neuronal_EV,single_miRNA,miR-132-3p,single,31,27,0.76,,,,,small RNA-seq,yes,,Duplicate report of the same cohort also indexed as PMID 40661348 (preprint version); counted once.,"ROC analysis of these biomarkers yielded four biomarkers (GluR2+ EV miR-132-3p alongside proteins p-Tau181, Abeta42, and Abeta42/Abeta40) with statistically significant AUCs per Delong's test ... with miR-132-3p having the highest AUC of the group at 0.76",PubMed Central open-access full text
E031,42389429,10.1515/jtim-2026-0038,Qin Q,2026,Journal of translational internal medicine,AD,AD vs healthy controls,case_vs_healthy_control,serum,multi_miRNA_panel,7-miRNA panel,training,73,53,0.97,0.943,0.997,,,RT-qPCR,yes,,,"The 7-miRNA panel demonstrated high diagnostic accuracy between AD patients and HCs, achieving an AUC of 0.970 in the training cohort and 0.928 in the validation cohort.",PubMed Central open-access full text
E032,42389429,10.1515/jtim-2026-0038,Qin Q,2026,Journal of translational internal medicine,AD,AD vs healthy controls,case_vs_healthy_control,serum,multi_miRNA_panel,7-miRNA panel,validation,99,99,0.928,0.892,0.965,,,RT-qPCR,yes,,,The 7-miRNA panel's risk score achieved a high AUC of 0.928 (95% CI = 0.892-0.965) in differentiating AD and HC groups.,PubMed Central open-access full text
E033,32962113,10.3390/jcm9093016,Karaglani M,2020,Journal of clinical medicine,AD,AD vs cognitively healthy individuals,case_vs_healthy_control,blood,multi_miRNA_panel,3-miRNA biosignature,single,48,22,0.975,0.908,1.0,,,miRNA transcriptomics (AutoML),yes,,Secondary re-analysis of a public whole-blood dataset (the Leidinger et al. 506-feature miRNA data). AUC and CI are bootstrap-bias-corrected cross-validation estimates on the full dataset.,"AutoML analysis of the 506-feature miRNA-transcriptomic data from 48 AD patients and 22 cognitively healthy individuals led to one miRNA-based predictive biosignature via a Support Vector Machines model with three miRNA predictors with high AUC (0.975 (0.908, 1.000)).",PubMed Central open-access full text
E034,31591382,10.1038/s41398-019-0579-2,Jain G,2019,Translational psychiatry,AD,AD vs psychiatric/neurological and healthy controls,differential_diagnosis,CSF_exosome,multi_miRNA_panel,3 miRNA + 3 piRNA signature,validation,19,44,0.83,,,,,small RNA-seq,no,mixed small-RNA signature (3 miRNAs + 3 piRNAs) measured in CSF exosomes against a control group that includes psychiatric and neurological patients; not a circulating miRNA-only index test (same rule that excludes E053 and E062),,The miRNA/piRNA signature was able to distinguish AD dementia patients from controls with an AUC of 0.83 that was similar to that of pTau and Abeta42/40 ratio (Fig.).,PubMed Central open-access full text
E035,31809862,10.1016/j.gpb.2019.09.004,Ludwig N,2019,"Genomics, proteomics & bioinformatics",AD,AD vs unaffected controls,case_vs_healthy_control,blood,multi_miRNA_panel,ML model on circulating ncRNAs,single,,,0.876,,,,,RT-qPCR + machine learning,yes,,465 participants analysed by RT-qPCR in total; per-arm sizes for this specific ROC not stated in the sentence.,"The quality of the results is indicated by an AUC of 87.6% for the comparison between AD and unaffected controls, and an AUC of 83.5% for a comparison between AD and a combined group of unaffected controls, MCI patients and patients with OND.",PubMed Central open-access full text
E036,27814298,10.3233/JAD-160835,Lusardi TA,2017,Journal of Alzheimer's disease : JAD,AD,AD vs controls,case_vs_healthy_control,CSF,multi_miRNA_panel,3-miRNA combination,single,50,49,0.8,,,,,TaqMan qPCR array,yes,,,"ApoE alone has an AUC of 0.73 in this group of subjects, and 3 miRNAs had an AUC of 0.80.",PubMed Central open-access full text
E037,32955460,10.3233/JAD-200396,Sandau US,2020,Journal of Alzheimer's disease : JAD,AD,AD vs normal cognition,case_vs_healthy_control,CSF,multi_miRNA_panel,5 trending miRNAs,single,37,65,0.77,,,,,RT-qPCR,yes,,CSF (held out of the circulating pool). 37 AD / 65 NC after exclusion of 32 aberrant samples; 23 AD and 21 NC samples were re-assayed from the group's earlier validation study.,"The trending miRNAs achieved an AUC of 0.705 for predicting MCI and 0.770 for predicting AD, compared to NC (and).",PubMed Central open-access full text
E038,33542630,10.2147/NDT.S290925,Zhang M,2021,Neuropsychiatric disease and treatment,AD,AD vs controls,case_vs_healthy_control,serum,multi_miRNA_panel,miR-128 + clinical variables,single,117,106,0.906,,,0.939,0.875,RT-qPCR,no,composite model combining miRNA with non-miRNA clinical variables,,"The area under the curve of the combined detection of these variables was 0.906, the sensitivity was 93.9%, and the specificity was 87.5%, as shown in.",PubMed Central open-access full text
E039,29707120,10.18632/oncotarget.24736,Dos Santos MCT,2018,Oncotarget,PD,early-stage PD vs controls,case_vs_healthy_control,CSF_exosome,multi_miRNA_panel,miRNA panel (Model A),validation,,,0.82,,,0.9,0.8,RT-qPCR + machine learning,yes,,"CSF exosomes; Model A chosen from 3,200 candidate models; test-split n not reported.","we identified a panel of miRNAs with 90% diagnostic sensitivity, 80% diagnostic specificity and 82% ROC-AUC (Receiver Operating Characteristic-Area under the curve).",PubMed Central open-access full text
E040,27844283,10.1007/s12035-016-0253-0,Marques TM,2016,Molecular neurobiology,PD,PD vs controls,case_vs_healthy_control,CSF,multi_miRNA_panel,miRNA combination,single,28,28,0.96,,,0.96,0.92,RT-qPCR,yes,,"CSF (held out). Controls were neurology referrals found to have no neurological disease, not community volunteers. Seven-miRNA logistic model built and evaluated in the same sample.","The AUC from the ROC analysis increased to 0.96 (value <0.0001, sensitivity of 96% and specificity of 92%, cutoff >-0.44, positive likelihood ratio = 13.5), suggesting that the combination of these miRNAs could improve diagnostic accuracy.",PubMed Central open-access full text
E041,38200052,10.1038/s41531-023-00628-4,Li Y,2024,NPJ Parkinson's disease,PD,PD vs healthy individuals,case_vs_healthy_control,plasma_EV,multi_miRNA_panel,EV-miRNA SVM classifier,training,32,35,0.917,0.913,0.92,,,small RNA-seq + SVM,yes,,"Training set (32 PD / 35 HC). The reported 95% CI is about 20 times narrower than a sampling interval at this n (Hanley-McNeil SE ~0.035), so it cannot describe sampling uncertainty.","The classifier could also identify patients with PD from healthy individuals in both the training (AUC = 0.917; 95% CI, 0.913-0.92) and validation (AUC = 0.916; 95% CI, 0.911-0.921) sets",PubMed Central open-access full text
E042,35962561,10.1002/mds.29171,Soto M,2022,Movement disorders : official journal of the Movement Disorder Society,PD,IRBD/PD/DLB vs controls,prodromal_vs_control,serum,multi_miRNA_panel,12-miRNA biosignature,single,,,0.98,,,,,small RNA-seq,no,mixed prodromal and established Lewy body disease population,,"The identified miRNA biosignature exhibited high diagnostic accuracy for discriminating patients with IRBD and PD or DLB from controls, achieving an AUC of 98%.",PubMed Central open-access full text
E043,34042273,10.1002/kjm2.12391,Dong LH,2021,The Kaohsiung journal of medical sciences,AD,AD vs healthy controls,case_vs_healthy_control,serum,single_miRNA,miR-202,single,121,86,0.892,,,,,RT-qPCR,yes,,Added from the Scopus search arm; not retrieved by the PubMed query.,"Receiver operating characteristic (ROC) curve analysis demonstrated that serum miR-202 could differentiate AD patients from healthy controls, with an AUC of 0.892.",PubMed abstract (PMC11896508 full text available)
E044,34749366,10.1159/000519780,Zhang M,2021,Neuroimmunomodulation,AD,AD vs controls,case_vs_healthy_control,serum,single_miRNA,miR-381-3p,single,,,0.898,,,0.875,0.777,RT-qPCR,yes,,"Added from Scopus. Group sizes are not stated in the abstract and the full text is not open access, so no standard error can be computed and the estimate cannot be weighted.","The ROC curve demonstrated the distinct ability of serum miR-381-3p for AD, with the AUC value of 0.898, with a sensitivity of 87.5%, and a specificity of 77.7%.",PubMed abstract (no open-access full text)
E045,,10.1515/tjb-2025-0113,Miao Y,2026,Turkish Journal of Biochemistry,AD,AD vs controls,case_vs_healthy_control,serum,single_miRNA,miR-384-5p,single,100,96,0.877,,,0.780,0.802,RT-qPCR,yes,,"Added from Scopus; not indexed in PubMed at the search date. Group sizes were not stated in the abstract and were added when the publisher full text was read (Study participants: 'The study enrolled a total of 196 participants, comprising 100 individuals with AD and 96 healthy controls'). AUC, sensitivity, specificity and cutoff (0.582) are unchanged from the abstract and confirmed in the Results and Figure 2 legend.","ROC analysis revealed strong diagnostic efficacy with an AUC of 0.877 at the optimal cutoff value of 0.582, demonstrating 78.0% sensitivity and 80.2% specificity.","Publisher full text (De Gruyter, open access CC BY 4.0), Turk J Biochem 2026;51:137-145, supplied by the author and read 2026-09-28"
E046,33979697,10.1016/j.neulet.2021.135953,Zhang H,2021,Neuroscience letters,AD,AD vs healthy controls,case_vs_healthy_control,serum,single_miRNA,miR-148a-3p,single,,,,,,0.855,0.870,RT-qPCR,no,"no AUC reported and no group sizes, so neither an AUC nor a standard error can be derived",Added from Scopus. Sensitivity and specificity are recorded for completeness.,"Serum miR-148a-3p had the potential to distinguish AD patients from healthy controls, and the diagnostic sensitivity and specificity were respectively 85.5 % and 87.0 % at a cutoff value of 0.827.",PubMed abstract (no open-access full text)
E047,,10.1111/apm.70148,Ma P,2026,APMIS,AD,AD vs mild cognitive impairment,differential_diagnosis,serum,single_miRNA,miR-769-5p,single,,,0.919,,,,,RT-qPCR,no,"comparator is MCI, not a healthy or cognitively normal control group",Added from Scopus; not indexed in PubMed at the search date.,miR-769-5p was downregulated in AD versus MCI and accurately distinguished them (AUC = 0.919).,Scopus record (abstract)
E048,30056425,10.3233/JAD-180364,Piscopo P,2018,Journal of Alzheimer's disease : JAD,AD,"frontotemporal dementia vs AD, and FTD vs healthy controls",differential_diagnosis,plasma,single_miRNA,miR-127-3p,single,54,53,0.8057,,,,,RT-qPCR,no,"index condition is frontotemporal dementia; the AD group (n=20) serves as a comparator, not as the diagnosed population",Added from Scopus. The reported AUC of 0.8057 is FTD versus healthy controls; FTD versus AD was 0.8986.,"A receiver operating characteristic curve was then created for miR-127-3p to discriminate FTD versus AD (AUC: 0.8986), and versus healthy controls (AUC: 0.8057).",PubMed abstract (no open-access full text)
E049,25742200,10.4088/JCP.13m08812,Wang T,2015,The Journal of clinical psychiatry,AD,amnestic mild cognitive impairment vs healthy controls,prodromal_vs_control,plasma,single_miRNA,miR-107,single,116,81,,,,0.983,0.827,RT-qPCR,no,"population is amnestic MCI, not diagnosed AD; classification accuracy reported instead of an AUC",Added from Scopus. Overall classification accuracy was 91.9%.,"The overall classification accuracy of miRNA107 to discriminate between patients with amnestic mild cognitive impairment and healthy controls was 91.9%, with sensitivity of 98.3% and specificity of 82.7%.",PubMed abstract (no open-access full text)
E050,28179587,10.18632/oncotarget.15109,Nagaraj S,2017,Oncotarget,AD,early-stage AD (MCI-AD) vs non-demented controls,prodromal_vs_control,plasma,multi_miRNA_panel,6-miRNA plasma profile,validation,15,15,,,,,,RT-qPCR,no,reports ranges of sensitivity and specificity across six markers rather than a single panel AUC; population is MCI-AD,"Added from Scopus. Specificities 0.78-1 and sensitivities 0.75-1 across the six miRNAs; 15 MCI-AD, 20 AD, 15 controls.","6 miRNAs ... were selected as the most promising biomarker candidates differentiating early AD from controls with the highest fold changes (from 1.32 to 14.72), consistent significance, specificities from 0.78 to 1 and sensitivities from 0.75 to 1.",PubMed abstract (PMC5369952 full text available)
E051,38172670,10.1186/s11658-023-00516-y,Liang J,2024,Cellular and Molecular Biology Letters,PD,Parkinson's disease vs healthy controls,case_vs_healthy_control,serum,single_miRNA,miR-675-5p,single,104,106,0.5896,0.5115,0.6678,0.9327,0.3271,RT-qPCR,yes,,"Added from the Scopus PD arm; full text read in PubMed Central. Published 95% CI, so the standard error is taken from the interval rather than reconstructed. One of the lowest single-miRNA AUCs in the whole table, from one of the largest cohorts.","Receiver-operating characteristic (ROC) analysis suggested that miR-675-5p levels distinguish PD patients from controls with an area below the curve of 58.96% (95% confidence interval [CI] 51.15–66.78). When the cutoff value was 18.38, it showed 93.27% Sensitivity and 32.71% Specificity",PubMed Central open-access full text
E052,38172670,10.1186/s11658-023-00516-y,Liang J,2024,Cellular and Molecular Biology Letters,PD,Parkinson's disease vs healthy controls,case_vs_healthy_control,serum,single_miRNA,miR-1247-5p,single,104,106,0.6201,0.5443,0.6959,0.4712,0.7642,RT-qPCR,yes,,"Added from the Scopus PD arm; full text read in PubMed Central. Published 95% CI. Same cohort as E051, so the two estimates are correlated.","the serum miR-1247-5p cutoff value of 0.09451 had a modest 47.12% Sensitivity and 76.42% Specificity for distinguishing between patients with PD and controls, with an area under the curve of 62.01% (95% confidence interval [CI] 54.43—69.59",PubMed Central open-access full text
E053,38172670,10.1186/s11658-023-00516-y,Liang J,2024,Cellular and Molecular Biology Letters,PD,Parkinson's disease vs healthy controls,case_vs_healthy_control,serum,multi_miRNA_panel,"10-biomarker classifier (miR-675-5p, miR-1247-5p, circSLC8A1, lncH19 + 6 pyroptosis proteins)",single,14,11,0.92,0.86,0.99,,,RT-qPCR + ELISA + random forest,no,"composite model combining miRNAs with a circRNA, a lncRNA and six proteins, not a miRNA-only panel",Added from the Scopus PD arm. Headline figure of the paper. Trained on 56 PD and 43 healthy cases; the quoted accuracy is on 14 PD and 11 healthy cases. circSLC8A1 (AUC 72.67%) and lncH19 (AUC 60.11%) are not miRNAs and are not extracted as rows.,"Of all obtained classifiers from the random forest, the resulting predictive classifier with the optimal accuracy (AUC: 92%, 95% confidence interval [CI] 86–99) has covered ten biomarkers (14 PD and 11 healthy cases",PubMed Central open-access full text
E054,37483339,10.3389/fnins.2023.1145923,Aguilar MA,2023,Frontiers in Neuroscience,PD,Parkinson's disease vs age- and sex-matched controls,case_vs_healthy_control,serum_neuronal_EV,single_miRNA,miR-6073,validation,,,0.781,,,,,small RNA-seq + univariate logistic regression,yes,,"Added from the Scopus PD arm. Univariate logistic-regression AUC from Table 4; 60 PD vs 40 controls, neuronally enriched (CD171+) serum exosomes and microvesicles. Eight single-miRNA estimates come from this one cohort, so they are correlated and are not eight independent studies. The authors themselves caution: ""Due to a lack of a validation set, our logistic regression and random forest models should be considered exploratory to find biological insights instead of a clinically applicable prediction model."" Reported in the table as ""hsa-miR-6,073"" (thousands separator is a typesetting artefact). Second pass: AUC is on a random 40% test split of 45 PD / 28 controls; per-group test n not reported, so the row is not SE-estimable. The 29 smRNAs were selected by differential expression on the whole post-QC set before the split.","Table 4, ""Logistic regression AUC of 29 smRNAs"": hsa-miR-6,073 — 0.781. Caption: ""Area under the curve (AUC) values were used to gauge the ability of the univariate LR models to discriminate between PD and control subjects using the 29 smRNA panel.""",PubMed Central open-access full text
E055,37483339,10.3389/fnins.2023.1145923,Aguilar MA,2023,Frontiers in Neuroscience,PD,Parkinson's disease vs age- and sex-matched controls,case_vs_healthy_control,serum_neuronal_EV,single_miRNA,miR-21-5p,validation,,,0.743,,,,,small RNA-seq + univariate logistic regression,yes,,"Added from the Scopus PD arm. Univariate logistic-regression AUC from Table 4; 60 PD vs 40 controls, neuronally enriched (CD171+) serum exosomes and microvesicles. Eight single-miRNA estimates come from this one cohort, so they are correlated and are not eight independent studies. The authors themselves caution: ""Due to a lack of a validation set, our logistic regression and random forest models should be considered exploratory to find biological insights instead of a clinically applicable prediction model."" Second pass: AUC is on a random 40% test split of 45 PD / 28 controls; per-group test n not reported, so the row is not SE-estimable. The 29 smRNAs were selected by differential expression on the whole post-QC set before the split.","Table 4, ""Logistic regression AUC of 29 smRNAs"": hsa-miR-21-5p — 0.743. Caption: ""Area under the curve (AUC) values were used to gauge the ability of the univariate LR models to discriminate between PD and control subjects using the 29 smRNA panel.""",PubMed Central open-access full text
E056,37483339,10.3389/fnins.2023.1145923,Aguilar MA,2023,Frontiers in Neuroscience,PD,Parkinson's disease vs age- and sex-matched controls,case_vs_healthy_control,serum_neuronal_EV,single_miRNA,miR-26b-5p,validation,,,0.691,,,,,small RNA-seq + univariate logistic regression,yes,,"Added from the Scopus PD arm. Univariate logistic-regression AUC from Table 4; 60 PD vs 40 controls, neuronally enriched (CD171+) serum exosomes and microvesicles. Eight single-miRNA estimates come from this one cohort, so they are correlated and are not eight independent studies. The authors themselves caution: ""Due to a lack of a validation set, our logistic regression and random forest models should be considered exploratory to find biological insights instead of a clinically applicable prediction model."" Second pass: AUC is on a random 40% test split of 45 PD / 28 controls; per-group test n not reported, so the row is not SE-estimable. The 29 smRNAs were selected by differential expression on the whole post-QC set before the split.","Table 4, ""Logistic regression AUC of 29 smRNAs"": hsa-miR-26b-5p — 0.691. Caption: ""Area under the curve (AUC) values were used to gauge the ability of the univariate LR models to discriminate between PD and control subjects using the 29 smRNA panel.""",PubMed Central open-access full text
E057,37483339,10.3389/fnins.2023.1145923,Aguilar MA,2023,Frontiers in Neuroscience,PD,Parkinson's disease vs age- and sex-matched controls,case_vs_healthy_control,serum_neuronal_EV,single_miRNA,miR-191-5p,validation,,,0.637,,,,,small RNA-seq + univariate logistic regression,yes,,"Added from the Scopus PD arm. Univariate logistic-regression AUC from Table 4; 60 PD vs 40 controls, neuronally enriched (CD171+) serum exosomes and microvesicles. Eight single-miRNA estimates come from this one cohort, so they are correlated and are not eight independent studies. The authors themselves caution: ""Due to a lack of a validation set, our logistic regression and random forest models should be considered exploratory to find biological insights instead of a clinically applicable prediction model."" Second pass: AUC is on a random 40% test split of 45 PD / 28 controls; per-group test n not reported, so the row is not SE-estimable. The 29 smRNAs were selected by differential expression on the whole post-QC set before the split.","Table 4, ""Logistic regression AUC of 29 smRNAs"": hsa-miR-191-5p — 0.637. Caption: ""Area under the curve (AUC) values were used to gauge the ability of the univariate LR models to discriminate between PD and control subjects using the 29 smRNA panel.""",PubMed Central open-access full text
E058,37483339,10.3389/fnins.2023.1145923,Aguilar MA,2023,Frontiers in Neuroscience,PD,Parkinson's disease vs age- and sex-matched controls,case_vs_healthy_control,serum_neuronal_EV,single_miRNA,miR-25-3p,validation,,,0.635,,,,,small RNA-seq + univariate logistic regression,yes,,"Added from the Scopus PD arm. Univariate logistic-regression AUC from Table 4; 60 PD vs 40 controls, neuronally enriched (CD171+) serum exosomes and microvesicles. Eight single-miRNA estimates come from this one cohort, so they are correlated and are not eight independent studies. The authors themselves caution: ""Due to a lack of a validation set, our logistic regression and random forest models should be considered exploratory to find biological insights instead of a clinically applicable prediction model."" Second pass: AUC is on a random 40% test split of 45 PD / 28 controls; per-group test n not reported, so the row is not SE-estimable. The 29 smRNAs were selected by differential expression on the whole post-QC set before the split.","Table 4, ""Logistic regression AUC of 29 smRNAs"": hsa-miR-25-3p — 0.635. Caption: ""Area under the curve (AUC) values were used to gauge the ability of the univariate LR models to discriminate between PD and control subjects using the 29 smRNA panel.""",PubMed Central open-access full text
E059,37483339,10.3389/fnins.2023.1145923,Aguilar MA,2023,Frontiers in Neuroscience,PD,Parkinson's disease vs age- and sex-matched controls,case_vs_healthy_control,serum_neuronal_EV,single_miRNA,miR-330,validation,,,0.631,,,,,small RNA-seq + univariate logistic regression,yes,,"Added from the Scopus PD arm. Univariate logistic-regression AUC from Table 4; 60 PD vs 40 controls, neuronally enriched (CD171+) serum exosomes and microvesicles. Eight single-miRNA estimates come from this one cohort, so they are correlated and are not eight independent studies. The authors themselves caution: ""Due to a lack of a validation set, our logistic regression and random forest models should be considered exploratory to find biological insights instead of a clinically applicable prediction model."" Reported in the table as ""p-hsa-miR-330""; the ""p-"" prefix is the authors' annotation and is kept here only in this note. Second pass: AUC is on a random 40% test split of 45 PD / 28 controls; per-group test n not reported, so the row is not SE-estimable. The 29 smRNAs were selected by differential expression on the whole post-QC set before the split.","Table 4, ""Logistic regression AUC of 29 smRNAs"": p-hsa-miR-330 — 0.631. Caption: ""Area under the curve (AUC) values were used to gauge the ability of the univariate LR models to discriminate between PD and control subjects using the 29 smRNA panel.""",PubMed Central open-access full text
E060,37483339,10.3389/fnins.2023.1145923,Aguilar MA,2023,Frontiers in Neuroscience,PD,Parkinson's disease vs age- and sex-matched controls,case_vs_healthy_control,serum_neuronal_EV,single_miRNA,miR-181a-5p,validation,,,0.614,,,,,small RNA-seq + univariate logistic regression,yes,,"Added from the Scopus PD arm. Univariate logistic-regression AUC from Table 4; 60 PD vs 40 controls, neuronally enriched (CD171+) serum exosomes and microvesicles. Eight single-miRNA estimates come from this one cohort, so they are correlated and are not eight independent studies. The authors themselves caution: ""Due to a lack of a validation set, our logistic regression and random forest models should be considered exploratory to find biological insights instead of a clinically applicable prediction model."" Second pass: AUC is on a random 40% test split of 45 PD / 28 controls; per-group test n not reported, so the row is not SE-estimable. The 29 smRNAs were selected by differential expression on the whole post-QC set before the split.","Table 4, ""Logistic regression AUC of 29 smRNAs"": hsa-miR-181a-5p — 0.614. Caption: ""Area under the curve (AUC) values were used to gauge the ability of the univariate LR models to discriminate between PD and control subjects using the 29 smRNA panel.""",PubMed Central open-access full text
E061,37483339,10.3389/fnins.2023.1145923,Aguilar MA,2023,Frontiers in Neuroscience,PD,Parkinson's disease vs age- and sex-matched controls,case_vs_healthy_control,serum_neuronal_EV,single_miRNA,miR-221-3p,validation,,,0.561,,,,,small RNA-seq + univariate logistic regression,yes,,"Added from the Scopus PD arm. Univariate logistic-regression AUC from Table 4; 60 PD vs 40 controls, neuronally enriched (CD171+) serum exosomes and microvesicles. Eight single-miRNA estimates come from this one cohort, so they are correlated and are not eight independent studies. The authors themselves caution: ""Due to a lack of a validation set, our logistic regression and random forest models should be considered exploratory to find biological insights instead of a clinically applicable prediction model."" Second pass: AUC is on a random 40% test split of 45 PD / 28 controls; per-group test n not reported, so the row is not SE-estimable. The 29 smRNAs were selected by differential expression on the whole post-QC set before the split.","Table 4, ""Logistic regression AUC of 29 smRNAs"": hsa-miR-221-3p — 0.561. Caption: ""Area under the curve (AUC) values were used to gauge the ability of the univariate LR models to discriminate between PD and control subjects using the 29 smRNA panel.""",PubMed Central open-access full text
E062,37483339,10.3389/fnins.2023.1145923,Aguilar MA,2023,Frontiers in Neuroscience,PD,Parkinson's disease vs age- and sex-matched controls,case_vs_healthy_control,serum_neuronal_EV,multi_miRNA_panel,29-smRNA random-forest panel,single,60,40,0.942,,,,,small RNA-seq + random forest,no,"mixed small-RNA panel: piRNAs and rRNA pseudogenes alongside miRNAs, not a miRNA-only panel","Added from the Scopus PD arm. Of the 29 small RNAs, only 8 are miRNAs (extracted as E054-E061); the rest are piRNAs, 5S/5.8S rRNA pseudogenes and a U6 pseudogene.",The RF model trained on the 29 smRNAs generated an AUC of 0.942.,PubMed Central open-access full text
E063,,10.3760/cma.j.issn.0254-9026.2024.01.005,Chen T,2024,Chinese Journal of Geriatrics,PD,Parkinson's disease vs healthy physical-examination controls,case_vs_healthy_control,serum,single_miRNA,miR-124,single,58,30,0.832,,,0.741,0.778,RT-qPCR,yes,,"Added from the Scopus PD arm. Chinese-language article, not indexed in MEDLINE; no open-access full text, so extraction rests on the Scopus abstract, which reports the ROC results in full.","The ROC analysis results demonstrated that miR-124 and miR-1976 had area under the curve(AUC)values of 0.832 and 0.797, respectively, in diagnosing PD.The corresponding cutoff values were 1.205 and 1.196, respectively.The sensitivity for miR-124 was 74.1%, while for miR-1976 it was 51.8%.The specificity for miR-124 was 77.8%, and for miR-1976 it was 90.1%.When both miR-124 and miR-1976 were combined in the diagnosis of PD, the AUC was 0.912, with a sensitivity of 76.4% and a specificity of 93.2%.",Scopus record (abstract)
E064,,10.3760/cma.j.issn.0254-9026.2024.01.005,Chen T,2024,Chinese Journal of Geriatrics,PD,Parkinson's disease vs healthy physical-examination controls,case_vs_healthy_control,serum,single_miRNA,miR-1976,single,58,30,0.797,,,0.518,0.901,RT-qPCR,yes,,"Added from the Scopus PD arm. Chinese-language article, not indexed in MEDLINE; no open-access full text, so extraction rests on the Scopus abstract, which reports the ROC results in full.","The ROC analysis results demonstrated that miR-124 and miR-1976 had area under the curve(AUC)values of 0.832 and 0.797, respectively, in diagnosing PD.The corresponding cutoff values were 1.205 and 1.196, respectively.The sensitivity for miR-124 was 74.1%, while for miR-1976 it was 51.8%.The specificity for miR-124 was 77.8%, and for miR-1976 it was 90.1%.When both miR-124 and miR-1976 were combined in the diagnosis of PD, the AUC was 0.912, with a sensitivity of 76.4% and a specificity of 93.2%.",Scopus record (abstract)
E065,,10.3760/cma.j.issn.0254-9026.2024.01.005,Chen T,2024,Chinese Journal of Geriatrics,PD,Parkinson's disease vs healthy physical-examination controls,case_vs_healthy_control,serum,multi_miRNA_panel,miR-124 + miR-1976,single,58,30,0.912,,,0.764,0.932,RT-qPCR,yes,,"Added from the Scopus PD arm. Chinese-language article, not indexed in MEDLINE; no open-access full text, so extraction rests on the Scopus abstract, which reports the ROC results in full.","The ROC analysis results demonstrated that miR-124 and miR-1976 had area under the curve(AUC)values of 0.832 and 0.797, respectively, in diagnosing PD.The corresponding cutoff values were 1.205 and 1.196, respectively.The sensitivity for miR-124 was 74.1%, while for miR-1976 it was 51.8%.The specificity for miR-124 was 77.8%, and for miR-1976 it was 90.1%.When both miR-124 and miR-1976 were combined in the diagnosis of PD, the AUC was 0.912, with a sensitivity of 76.4% and a specificity of 93.2%.",Scopus record (abstract)
E066,,10.3760/cma.j.cn371468-20200828-01692,Li J,2021,Chinese Journal of Behavioral Medicine and Brain Science,PD,elderly Parkinson's disease vs age- and sex-matched non-PD elderly,case_vs_healthy_control,serum,single_miRNA,miR-124,single,90,100,0.847,,,0.8667,0.7503,RT-qPCR,yes,,"Added from the Scopus PD arm. Chinese-language article, not indexed in MEDLINE; extraction rests on the Scopus abstract, which reports the ROC results in full. Reports miR-124 in PD serum independently of E063 (different centre, period and cohort size), so the two are separate studies, not a duplicate publication.","The results of ROC showed that the area under curve (AUC) of serum miR-124 and miR-494 in the diagnosis of PD were 0.847 and 0.760 respectively, the cutoff values were 0.901 and 1.126, respectively, the sensitivities were 86.67% and 61.11% respectively, and the specificities were 75.03% and 79.00% respectively. The AUC of the combined diagnosis of PD was 0.898, and the sensitivity and specificity were 85.56% and 85.00% respectively.",Scopus record (abstract)
E067,,10.3760/cma.j.cn371468-20200828-01692,Li J,2021,Chinese Journal of Behavioral Medicine and Brain Science,PD,elderly Parkinson's disease vs age- and sex-matched non-PD elderly,case_vs_healthy_control,serum,single_miRNA,miR-494,single,90,100,0.760,,,0.6111,0.7900,RT-qPCR,yes,,"Added from the Scopus PD arm. Chinese-language article, not indexed in MEDLINE; extraction rests on the Scopus abstract, which reports the ROC results in full. Reports miR-124 in PD serum independently of E063 (different centre, period and cohort size), so the two are separate studies, not a duplicate publication.","The results of ROC showed that the area under curve (AUC) of serum miR-124 and miR-494 in the diagnosis of PD were 0.847 and 0.760 respectively, the cutoff values were 0.901 and 1.126, respectively, the sensitivities were 86.67% and 61.11% respectively, and the specificities were 75.03% and 79.00% respectively. The AUC of the combined diagnosis of PD was 0.898, and the sensitivity and specificity were 85.56% and 85.00% respectively.",Scopus record (abstract)
E068,,10.3760/cma.j.cn371468-20200828-01692,Li J,2021,Chinese Journal of Behavioral Medicine and Brain Science,PD,elderly Parkinson's disease vs age- and sex-matched non-PD elderly,case_vs_healthy_control,serum,multi_miRNA_panel,miR-124 + miR-494,single,90,100,0.898,,,0.8556,0.8500,RT-qPCR,yes,,"Added from the Scopus PD arm. Chinese-language article, not indexed in MEDLINE; extraction rests on the Scopus abstract, which reports the ROC results in full. Reports miR-124 in PD serum independently of E063 (different centre, period and cohort size), so the two are separate studies, not a duplicate publication.","The results of ROC showed that the area under curve (AUC) of serum miR-124 and miR-494 in the diagnosis of PD were 0.847 and 0.760 respectively, the cutoff values were 0.901 and 1.126, respectively, the sensitivities were 86.67% and 61.11% respectively, and the specificities were 75.03% and 79.00% respectively. The AUC of the combined diagnosis of PD was 0.898, and the sensitivity and specificity were 85.56% and 85.00% respectively.",Scopus record (abstract)
E069,,10.19193/0393-6384_2020_3_291,Wu L,2020,Acta Medica Mediterranea,PD,Parkinson's disease vs healthy individuals,case_vs_healthy_control,serum,single_miRNA,miR-9a,single,85,50,,,,0.9059,0.7000,RT-qPCR,yes,,"Added from the Scopus PD arm. Reports sensitivity and specificity for the case-control contrast but no AUC for it, so the estimate cannot be pooled. Journal is indexed in Scopus but not in MEDLINE. No open-access full text.","The ROC curves showed that the sensitivity and specificity of serum miR-9a for PD diagnosis were 90.59% and 70.00%, respectively, those of serum miR-133b were 83.53% and 82.00%, while those of the combined detection were 89.41% and 88.00%, respectively.",Scopus record (abstract)
E070,,10.19193/0393-6384_2020_3_291,Wu L,2020,Acta Medica Mediterranea,PD,Parkinson's disease vs healthy individuals,case_vs_healthy_control,serum,single_miRNA,miR-133b,single,85,50,,,,0.8353,0.8200,RT-qPCR,yes,,"Added from the Scopus PD arm. Reports sensitivity and specificity for the case-control contrast but no AUC for it, so the estimate cannot be pooled. Journal is indexed in Scopus but not in MEDLINE. No open-access full text.","The ROC curves showed that the sensitivity and specificity of serum miR-9a for PD diagnosis were 90.59% and 70.00%, respectively, those of serum miR-133b were 83.53% and 82.00%, while those of the combined detection were 89.41% and 88.00%, respectively.",Scopus record (abstract)
E071,,10.19193/0393-6384_2020_3_291,Wu L,2020,Acta Medica Mediterranea,PD,Parkinson's disease vs healthy individuals,case_vs_healthy_control,serum,multi_miRNA_panel,miR-9a + miR-133b,single,85,50,,,,0.8941,0.8800,RT-qPCR,yes,,"Added from the Scopus PD arm. Reports sensitivity and specificity for the case-control contrast but no AUC for it, so the estimate cannot be pooled. Journal is indexed in Scopus but not in MEDLINE. No open-access full text.","The ROC curves showed that the sensitivity and specificity of serum miR-9a for PD diagnosis were 90.59% and 70.00%, respectively, those of serum miR-133b were 83.53% and 82.00%, while those of the combined detection were 89.41% and 88.00%, respectively.",Scopus record (abstract)
E072,,10.19193/0393-6384_2020_3_291,Wu L,2020,Acta Medica Mediterranea,PD,Hoehn-Yahr stage pairs inside the PD group,within_disease,serum,single_miRNA,miR-9a,single,,,,,,,,RT-qPCR,no,"within-disease contrast (Hoehn-Yahr stage pairs), not PD vs healthy control","Added from the Scopus PD arm. Staging AUCs: 0.855 (stage I vs II), 0.957 (I vs III), 0.872 (II vs III). Recorded so the paper's AUCs are not mistaken for case-control values.","The AUC of miR-9a and miR-133b in distinguishing Hoehn-Yahr stages I and II were 0.855 and 0.839, respectively, that in distinguishing stages I and III were 0.957 and 0.973, and that in distinguishing stages II and III were 0.872 and 0.795 respectively.",Scopus record (abstract)
E073,,10.19193/0393-6384_2020_3_291,Wu L,2020,Acta Medica Mediterranea,PD,Hoehn-Yahr stage pairs inside the PD group,within_disease,serum,single_miRNA,miR-133b,single,,,,,,,,RT-qPCR,no,"within-disease contrast (Hoehn-Yahr stage pairs), not PD vs healthy control","Added from the Scopus PD arm. Staging AUCs: 0.839 (stage I vs II), 0.973 (I vs III), 0.795 (II vs III).","The AUC of miR-9a and miR-133b in distinguishing Hoehn-Yahr stages I and II were 0.855 and 0.839, respectively, that in distinguishing stages I and III were 0.957 and 0.973, and that in distinguishing stages II and III were 0.872 and 0.795 respectively.",Scopus record (abstract)
E074,42492311,10.1016/j.clineuro.2026.109558,Chen P,2026,Clinical Neurology and Neurosurgery,PD,Parkinson's disease vs healthy controls,case_vs_healthy_control,serum,single_miRNA,miR-423-5p,single,83,56,,,,0.8434,0.7679,RT-qPCR,yes,,"Added from the Scopus PD arm. The abstract gives sensitivity and specificity but no AUC, and the full text is access-restricted (checked in PubMed Central and via DOI), so no AUC could be read. Eligible, but not poolable.","A significant downregulation of miR-423–5p was observed in patients with PD compared to healthy controls, which effectively discriminated patients with PD (sensitivity of 84.34% and specificity of 76.79%) from healthy individuals.",PubMed abstract (no open-access full text)
E075,39484776,10.2174/0109298673336756241016063552,Samareh A,2025,Current Medicinal Chemistry,PD,early-stage Parkinson's disease vs healthy individuals,case_vs_healthy_control,blood,multi_miRNA_panel,NEAT1 + let-7a-5p + miR-506-3p,single,24,29,0.9501,0.8978,1.000,,,RT-qPCR,no,"composite model combining two miRNAs with the lncRNA NEAT1, not a miRNA-only panel","Added from the Scopus PD arm. Full text access-restricted, so no separate AUC for let-7a-5p or miR-506-3p alone could be read. The upper confidence bound reaches 1.000 in a 24-versus-29 sample, which is itself a sign of an unstable estimate.","Integration of NEAT1, hsa-let-7a-5p, and miR-506-3p levels significantly enhanced diagnostic capabilities and increased the AUC to 0.9501 (95% confidence interval: 0.8978-1.000, p < .0001).",PubMed abstract (no open-access full text)
E076,,10.1007/s10616-026-00978-w,Zhang N,2026,Cytotechnology,PD,Parkinson's disease vs healthy controls,case_vs_healthy_control,serum,multi_miRNA_panel,miR-338-5p + multi-parameter MRI,single,62,84,0.919,,,,,RT-qPCR + MRI,no,composite model combining miRNA with non-miRNA clinical variables (MRI parameters),"Added from the Scopus PD arm. Full text not retrievable, so no AUC for serum miR-338-5p on its own could be read; only the miRNA-plus-MRI combination is reported in the abstract.","The combination of miR‑338‑5p and multi‑parameter MRI improved diagnostic performance, with an area under the receiver operating characteristic curve (AUC) of 0.919.",Scopus record (abstract)
E077,,10.1007/s12031-019-01364-2,Fotuhi SN,2019,Journal of Molecular Neuroscience,AD,full-AD vs healthy controls,case_vs_healthy_control,plasma,non_miRNA_marker,BACE1-AS (lncRNA),single,45,36,,,,0.68,1.00,RT-qPCR,no,"index test is a long non-coding RNA (BACE1-AS), not a microRNA, so it falls outside the review's index test","Added from the Web of Science AD arm; the only record of the three new candidates that contrasts established disease against healthy controls in a biofluid. Excluded on the index test, not on the design. Recorded rather than dropped because a reader checking the WoS arm must be able to see why it did not enter.","ROC curve analysis revealed that lncRNA BACE1-AS may discriminate pre-AD and healthy control (75% sensitivity and 100% specificity), full-AD and healthy control (68% sensitivity and 100% specificity), and pre-AD and full-AD subgroups (78% sensitivity and 100% specificity)",Web of Science record (abstract)
E078,,10.3389/fnagi.2016.00036,Hoss AG,2016,Frontiers in Aging Neuroscience,PD,PD prefrontal cortex vs non-diseased brain,case_vs_healthy_control,brain tissue (prefrontal cortex),multi_miRNA_panel,29-miRNA classifier,single,29,33,,,,0.966,0.939,small RNA sequencing,no,"specimen is post-mortem prefrontal cortex tissue, not a circulating biofluid; the review's index test is a circulating miRNA","Added from the Web of Science PD arm. The article itself draws the same boundary, concluding that testing these alterations in peripheral biofluids is still warranted. Its accuracy is also a within-sample classifier trained by weighted voting, not an independent ROC.","A set of 29 miRNAs classified PD from non-diseased brain (93.9% specificity, 96.6% sensitivity).",Web of Science record (abstract)
E079,,,Ling YC,2020,International Journal of Clinical and Experimental Medicine,AD,Alzheimer's disease vs healthy controls,case_vs_healthy_control,peripheral blood,single_miRNA,miR-146a,single,122,122,,,,,,RT-qPCR,no,"the abstract states the AUC only as an inequality (AUC>0.90), which is not a value that can be weighted or pooled, and the full text is not retrievable to confirm one","Added from the Web of Science AD arm (WOS:000576526000089). This is the one new record that matches the PICO on population, biofluid and index test. It carries no DOI and no PubMed ID, and the journal stopped depositing in PubMed Central after 2015, so no full text could be reached to read an actual AUC. Kept and flagged rather than dropped: the review's rule is that a number which cannot be confirmed against a source sentence is not extracted.","Furthermore, the receiver operating characteristic curve analysis demonstrated that miRNA-146a and TLR4 are of great clinical value (AUC>0.90), and CRP and PCT are of certain clinical value for screening of AD (AUC>0.70).",Web of Science record (abstract)
E086,42389429,10.1515/jtim-2026-0038,Qin Q,2026,Journal of translational internal medicine,AD,AD vs vascular cognitive impairment,differential_diagnosis,serum,multi_miRNA_panel,7-miRNA panel,validation,99,36,0.951,0.916,0.986,,,RT-qPCR,no,"differential-diagnosis comparator (vascular cognitive impairment), not a healthy-control group",Added in the second pass. One of the few differential-diagnosis estimates in the corpus; reported narratively.,"The panel also effectively differentiated AD from other cognitive impairments, yielding AUC of 0.951 (95% CI = 0.916–0.986) for AD vs. VCI and 0.851 (95% CI = 0.787–0.916) for AD vs. DLB",PubMed Central open-access full text
E087,42389429,10.1515/jtim-2026-0038,Qin Q,2026,Journal of translational internal medicine,AD,AD vs dementia with Lewy bodies,differential_diagnosis,serum,multi_miRNA_panel,7-miRNA panel,validation,99,40,0.851,0.787,0.916,,,RT-qPCR,no,"differential-diagnosis comparator (dementia with Lewy bodies), not a healthy-control group",Added in the second pass. One of the few differential-diagnosis estimates in the corpus; reported narratively.,"The panel also effectively differentiated AD from other cognitive impairments, yielding AUC of 0.951 (95% CI = 0.916–0.986) for AD vs. VCI and 0.851 (95% CI = 0.787–0.916) for AD vs. DLB",PubMed Central open-access full text
E085,38033547,10.3389/fnins.2023.1174951,Rai S,2023,Frontiers in neuroscience,PD,PD vs age-matched controls,case_vs_healthy_control,plasma_sEV,single_miRNA,miR-23b-3p,single,,,0.7278,,,0.8462,0.6923,RT-qPCR,yes,,"Added in the second pass. Plasma-derived small EVs from the same participants as E022. Per-group n is ambiguous (Table 4 says 12; 84.62% and 69.23% imply 13 per group), so no n is recorded and the row is not SE-estimable.","the comparison with age-matched controls gave better AUC values both in plasma (AUC = 0.8086, 93.75% sensitivity, 68.75% specificity, p = 0.0029) and plasma-derived sEVs (AUC = 0.7278, 84.62% sensitivity, 69.23% specificity, p = 0.0483)",PubMed Central open-access full text
E080,32962113,10.3390/jcm9093016,Karaglani M,2020,Journal of clinical medicine,AD,AD vs cognitively healthy individuals,case_vs_healthy_control,serum,multi_miRNA_panel,25-miRNA ridge biosignature (dataset 2),cross-validated,301,288,0.797,0.746,0.845,,,miRNA transcriptomics (AutoML),yes,,"Added in the second pass. Second public miRNA dataset analysed in the same paper (section 3.2.2 'miRNA Biosignatures'); the paper's phrase 'mRNA predictors' contradicts its own section heading and Discussion. BBC-CV estimate on the full dataset. Biofluid recoded from blood to serum: the paper identifies this dataset as GSE120584 (transcriptomic 2) and the Shigemizu et al. dataset (Commun Biol 2019;2:77, doi 10.1038/s42003-019-0324-7), whose abstract states serum miRNA expression.","AutoML analysis of the 2566-feature miRNA-transcriptomic data from 301 AD patients and 288 cognitively healthy individuals led to an mRNA-based predictive biosignature via a Ridge Logistic Regression model with 25 mRNA predictors with AUC 0.797 (0.746, 0.845).",PubMed Central open-access full text
E081,32962113,10.3390/jcm9093016,Karaglani M,2020,Journal of clinical medicine,AD,AD vs cognitively healthy individuals (held-out 30% split),case_vs_healthy_control,serum,multi_miRNA_panel,"25-miRNA ridge biosignature (dataset 2, test split)",validation,84,73,0.807,,,,,miRNA transcriptomics (AutoML),yes,,"Added in the second pass. Model trained on a random 70% split and evaluated on the held-out 30%; no CI reported, so the SE is reconstructed. Biofluid recoded from blood to serum: the paper identifies this dataset as GSE120584 (transcriptomic 2) and the Shigemizu et al. dataset (Commun Biol 2019;2:77, doi 10.1038/s42003-019-0324-7), whose abstract states serum miRNA expression.","While validated in the test 2566-feature mRNA-transcriptomic data from 84 AD patients and 73 cognitively healthy individuals, this biosignature showed AUC 0.807, verifying the stability of model's performance.",PubMed Central open-access full text
E088,27844283,10.1007/s12035-016-0253-0,Marques TM,2016,Molecular neurobiology,PD,PD vs multiple system atrophy,differential_diagnosis,CSF,multi_miRNA_panel,miR-133b + miR-148b,single,28,17,0.77,,,0.82,0.67,RT-qPCR,no,differential-diagnosis comparator (MSA) and CSF,Added in the second pass for the clinical-applicability narrative.,"by using the combination of miR-133b and miR-148b, PD and MSA could be discriminated (Fig.b); the ROC analysis showed a moderate value with an AUC of 0.77 (value = 0.001, sensitivity of 82% and specificity of 67%",PubMed Central open-access full text
E082,38200052,10.1038/s41531-023-00628-4,Li Y,2024,NPJ Parkinson's disease,PD,PD vs healthy individuals (validation set),case_vs_healthy_control,plasma_EV,multi_miRNA_panel,EV-miRNA SVM classifier,validation,21,25,0.916,0.911,0.921,,,small RNA-seq + SVM,yes,,"Added in the second pass: the first pass truncated the sentence before these values. Random 40% hold-out of a single-centre cohort. Reported CI is implausibly narrow for n = 46. Reported sensitivity/specificity (92% / 85.71%) are integer-consistent only with the control and PD group sizes respectively (23/25, 18/21), i.e. labels appear swapped, so they are not entered.","The classifier could also identify patients with PD from healthy individuals in both the training (AUC = 0.917; 95% CI, 0.913-0.92) and validation (AUC = 0.916; 95% CI, 0.911-0.921) sets ... 92% sensitivity, 85.71% specificity and 89.13% accuracy in the validation data set (25 healthy controls and 21 patients with PD)",PubMed Central open-access full text
E083,32585840,10.3390/biom10060945,Oliveira SR,2020,Biomolecules,PD,iPD vs healthy controls (validation cohort),case_vs_healthy_control,serum,single_miRNA,miR-155-5p,validation,17,14,0.85,,,,,RT-qPCR,yes,,Added in the second pass. miR-155 did not differ between groups in the discovery cohort.,"Moreover, ROC curves showed that miR-146a, miR-335-3p, and miR-335-5p have moderate ability to discriminate between iPD patients and controls in this cohort (AUC = 0.62, AUC = 0.67, and AUC = 0.59, respectively), while miR-155 has great sensitivity and specificity to discriminate between the two groups, with an AUC = 0.85",PubMed Central open-access full text
E084,32585840,10.3390/biom10060945,Oliveira SR,2020,Biomolecules,PD,iPD vs healthy controls (discovery + validation combined),case_vs_healthy_control,serum,multi_miRNA_panel,miR-146a + miR-335-3p + miR-335-5p,single,37,34,0.72,,,,,RT-qPCR,yes,,Added in the second pass. Logistic model fit and evaluated on the pooled discovery and validation cohorts.,"We created a model in which miRNAs found differentially expressed between iPD patients and controls (miR-146a, miR-335-3p, and miR-335-5p) were combined. We observed a slight increase in AUC value (AUC = 0.72)",PubMed Central open-access full text
E089,31809862,10.1016/j.gpb.2019.09.004,Ludwig N,2019,"Genomics, proteomics & bioinformatics",AD,"AD vs HC, MCI and other neurological diseases combined",differential_diagnosis,blood,multi_miRNA_panel,ML model on circulating ncRNAs,cross-validated,,,0.835,,,,,RT-qPCR + machine learning,no,composite comparator (healthy controls + MCI + other neurological diseases),Added in the second pass for the clinical-applicability narrative.,"For the second and more complex case, an AUC of 83.5% was reached",PubMed Central open-access full text
E090,29670823,10.1002/brb3.941,Chen L,2018,Brain and Behavior,PD,PD vs healthy controls,case_vs_healthy_control,plasma,single_miRNA,let-7a,single,25,25,0.895,,,,,"RT-qPCR (91-miRNA custom panel, SYBR Green)",yes,,Added in the third pass (recall check). Sens/spec not reported. No CI. ROC run only on miRNAs already significant in the same 25 vs 25 samples (optimistic).,"Furthermore, both let‐7a and let‐7f showed high sensitivity and specificity to detect PD with AUC values 0.895 and 0.848, respectively (Figure).","PubMed Central full text PMC5893342 via NCBI, read 2026-09-28 (recall check)"
E091,29670823,10.1002/brb3.941,Chen L,2018,Brain and Behavior,PD,PD vs healthy controls,case_vs_healthy_control,plasma,single_miRNA,let-7f,single,25,25,0.848,,,,,"RT-qPCR (91-miRNA custom panel, SYBR Green)",yes,,Added in the third pass (recall check). Sens/spec not reported. No CI. Same-sample selection.,"Furthermore, both let‐7a and let‐7f showed high sensitivity and specificity to detect PD with AUC values 0.895 and 0.848, respectively (Figure).","PubMed Central full text PMC5893342 via NCBI, read 2026-09-28 (recall check)"
E092,29670823,10.1002/brb3.941,Chen L,2018,Brain and Behavior,PD,PD vs healthy controls,case_vs_healthy_control,plasma,single_miRNA,miR-27a,single,25,25,0.803,,,,,"RT-qPCR (91-miRNA custom panel, SYBR Green)",yes,,"Added in the third pass (recall check). Figure 2 legend; the word 'AUC' is lost in the retrieved text ('with the value 0.803'), read as AUC because Results state miR-27a AUC >0.8. Up-regulated in PD. No CI, no sens/spec.","Receiver operating characteristic curves () of miR‐27a were generated using MedCalc Software, with the value 0.803","PubMed Central full text PMC5893342 via NCBI, read 2026-09-28 (recall check)"
E093,29670823,10.1002/brb3.941,Chen L,2018,Brain and Behavior,PD,PD vs healthy controls,case_vs_healthy_control,plasma,single_miRNA,miR-142-3p,single,25,25,,,,,,"RT-qPCR (91-miRNA custom panel, SYBR Green)",no,Exact AUC not stated in text (only 'more than 0.8'); value would have to be read from Figure 4.,Added in the third pass (recall check). Threshold statement only; nothing extracted.,"As shown in Figureand, upregulation of miR‐27a and downregulation of let‐7a, let‐7f, miR‐142‐3p, and miR‐222 in PD‐diagnosed patients showed AUC values more than 0.8, indicating high sensitivity and specificity to predict PD.","PubMed Central full text PMC5893342 via NCBI, read 2026-09-28 (recall check)"
E094,29670823,10.1002/brb3.941,Chen L,2018,Brain and Behavior,PD,PD vs healthy controls,case_vs_healthy_control,plasma,single_miRNA,miR-222,single,25,25,,,,,,"RT-qPCR (91-miRNA custom panel, SYBR Green)",no,Exact AUC not stated in text (only 'more than 0.8'); value would have to be read from Figure 4.,Added in the third pass (recall check). Threshold statement only; nothing extracted.,"As shown in Figureand, upregulation of miR‐27a and downregulation of let‐7a, let‐7f, miR‐142‐3p, and miR‐222 in PD‐diagnosed patients showed AUC values more than 0.8, indicating high sensitivity and specificity to predict PD.","PubMed Central full text PMC5893342 via NCBI, read 2026-09-28 (recall check)"
E095,32077254,10.1002/mgg3.1189,Li H,2020,Molecular Genetics & Genomic Medicine,PD,PD vs healthy controls,case_vs_healthy_control,serum,single_miRNA,miR-150,single,80,60,0.88,,,0.775,0.883,"RT-qPCR (SYBR green, U6)",yes,,"Added in the third pass (recall check). No CI reported. Cut-off 0.550 derived from the ROC itself (Youden-type, not pre-specified). n from Methods/Table 1.","The area under the curve (AUC) shown in Figureb was 0.880, indicating the high diagnostic accuracy for miR‐150 to screen PD patients from the healthy controls. At an optimal cutoff value of 0.550, serum miR‐150 could be used to distinguish PD patients from healthy individuals with relatively high sensitivity (77.5%) and specificity (88.3%).","PubMed Central full text PMC7196454 via NCBI, read 2026-09-28 (recall check)"
E096,34315539,10.1186/s40035-021-00249-y,He S,2021,Translational Neurodegeneration,PD,PD H&Y stage II vs healthy controls,case_vs_healthy_control,serum_exosome,single_miRNA,hsa-miR-374a-5p,single,8,31,0.758,0.5721,0.994,,,small RNA-seq (Illumina) of ultracentrifuged serum EVs,yes,,"Added in the third pass (recall check). n from group sizes in Methods (31 controls, 8 stage II, 42 stage III, 22 stage IV), not restated in the ROC paragraph. CI printed on a 0-100 scale as in the paper (e.g. '57.21–99.40'). Assignment of the listed AUCs to contrasts follows the order of the contrasts in the sentence. Stage-specific subgroups share the same 31 controls; no whole-PD vs control AUC reported. The paper prints the CI as percentages (for example 57.21-99.40); stored as proportions.","Among them, 2 miRNAs (hsa-miR-374a-5p and hsa-miR-374b-5p) distinguished stages II, III and IV from control. The AUCs of hsa-miR-374a-5p were 0.758 (95% CI: 57.21–99.40,= 0.026), 0.780 (95% CI: 67.33–88.58,< 0.0001) and 0.763 (95% CI: 62.13–90.36,= 0.0012) and the AUCs of hsa-miR-374b-5p were 0.798 (95% CI: 60.84–98.84,= 0.0101), 0.742 (95% CI: 62.40–85.98,= 0.0004) and 0.761 (95% CI: 61.82–90.38,= 0.0013)","PubMed Central full text PMC8317324 via NCBI, read 2026-09-28 (recall check)"
E097,34315539,10.1186/s40035-021-00249-y,He S,2021,Translational Neurodegeneration,PD,PD H&Y stage III vs healthy controls,case_vs_healthy_control,serum_exosome,single_miRNA,hsa-miR-374a-5p,single,42,31,0.78,0.6733,0.8858,,,small RNA-seq (Illumina) of ultracentrifuged serum EVs,yes,,"Added in the third pass (recall check). n from group sizes in Methods (31 controls, 8 stage II, 42 stage III, 22 stage IV), not restated in the ROC paragraph. CI printed on a 0-100 scale as in the paper (e.g. '57.21–99.40'). Assignment of the listed AUCs to contrasts follows the order of the contrasts in the sentence. Stage-specific subgroups share the same 31 controls; no whole-PD vs control AUC reported. The paper prints the CI as percentages (for example 57.21-99.40); stored as proportions.","Among them, 2 miRNAs (hsa-miR-374a-5p and hsa-miR-374b-5p) distinguished stages II, III and IV from control. The AUCs of hsa-miR-374a-5p were 0.758 (95% CI: 57.21–99.40,= 0.026), 0.780 (95% CI: 67.33–88.58,< 0.0001) and 0.763 (95% CI: 62.13–90.36,= 0.0012) and the AUCs of hsa-miR-374b-5p were 0.798 (95% CI: 60.84–98.84,= 0.0101), 0.742 (95% CI: 62.40–85.98,= 0.0004) and 0.761 (95% CI: 61.82–90.38,= 0.0013)","PubMed Central full text PMC8317324 via NCBI, read 2026-09-28 (recall check)"
E098,34315539,10.1186/s40035-021-00249-y,He S,2021,Translational Neurodegeneration,PD,PD H&Y stage IV vs healthy controls,case_vs_healthy_control,serum_exosome,single_miRNA,hsa-miR-374a-5p,single,22,31,0.763,0.6213,0.9036,,,small RNA-seq (Illumina) of ultracentrifuged serum EVs,yes,,"Added in the third pass (recall check). n from group sizes in Methods (31 controls, 8 stage II, 42 stage III, 22 stage IV), not restated in the ROC paragraph. CI printed on a 0-100 scale as in the paper (e.g. '57.21–99.40'). Assignment of the listed AUCs to contrasts follows the order of the contrasts in the sentence. Stage-specific subgroups share the same 31 controls; no whole-PD vs control AUC reported. The paper prints the CI as percentages (for example 57.21-99.40); stored as proportions.","Among them, 2 miRNAs (hsa-miR-374a-5p and hsa-miR-374b-5p) distinguished stages II, III and IV from control. The AUCs of hsa-miR-374a-5p were 0.758 (95% CI: 57.21–99.40,= 0.026), 0.780 (95% CI: 67.33–88.58,< 0.0001) and 0.763 (95% CI: 62.13–90.36,= 0.0012) and the AUCs of hsa-miR-374b-5p were 0.798 (95% CI: 60.84–98.84,= 0.0101), 0.742 (95% CI: 62.40–85.98,= 0.0004) and 0.761 (95% CI: 61.82–90.38,= 0.0013)","PubMed Central full text PMC8317324 via NCBI, read 2026-09-28 (recall check)"
E099,34315539,10.1186/s40035-021-00249-y,He S,2021,Translational Neurodegeneration,PD,PD H&Y stage II vs healthy controls,case_vs_healthy_control,serum_exosome,single_miRNA,hsa-miR-374b-5p,single,8,31,0.798,0.6084,0.9884,,,small RNA-seq (Illumina) of ultracentrifuged serum EVs,yes,,"Added in the third pass (recall check). n from group sizes in Methods (31 controls, 8 stage II, 42 stage III, 22 stage IV), not restated in the ROC paragraph. CI printed on a 0-100 scale as in the paper (e.g. '57.21–99.40'). Assignment of the listed AUCs to contrasts follows the order of the contrasts in the sentence. Stage-specific subgroups share the same 31 controls; no whole-PD vs control AUC reported. The paper prints the CI as percentages (for example 57.21-99.40); stored as proportions.","Among them, 2 miRNAs (hsa-miR-374a-5p and hsa-miR-374b-5p) distinguished stages II, III and IV from control. The AUCs of hsa-miR-374a-5p were 0.758 (95% CI: 57.21–99.40,= 0.026), 0.780 (95% CI: 67.33–88.58,< 0.0001) and 0.763 (95% CI: 62.13–90.36,= 0.0012) and the AUCs of hsa-miR-374b-5p were 0.798 (95% CI: 60.84–98.84,= 0.0101), 0.742 (95% CI: 62.40–85.98,= 0.0004) and 0.761 (95% CI: 61.82–90.38,= 0.0013)","PubMed Central full text PMC8317324 via NCBI, read 2026-09-28 (recall check)"
E100,34315539,10.1186/s40035-021-00249-y,He S,2021,Translational Neurodegeneration,PD,PD H&Y stage III vs healthy controls,case_vs_healthy_control,serum_exosome,single_miRNA,hsa-miR-374b-5p,single,42,31,0.742,0.624,0.8598,,,small RNA-seq (Illumina) of ultracentrifuged serum EVs,yes,,"Added in the third pass (recall check). n from group sizes in Methods (31 controls, 8 stage II, 42 stage III, 22 stage IV), not restated in the ROC paragraph. CI printed on a 0-100 scale as in the paper (e.g. '57.21–99.40'). Assignment of the listed AUCs to contrasts follows the order of the contrasts in the sentence. Stage-specific subgroups share the same 31 controls; no whole-PD vs control AUC reported. The paper prints the CI as percentages (for example 57.21-99.40); stored as proportions.","Among them, 2 miRNAs (hsa-miR-374a-5p and hsa-miR-374b-5p) distinguished stages II, III and IV from control. The AUCs of hsa-miR-374a-5p were 0.758 (95% CI: 57.21–99.40,= 0.026), 0.780 (95% CI: 67.33–88.58,< 0.0001) and 0.763 (95% CI: 62.13–90.36,= 0.0012) and the AUCs of hsa-miR-374b-5p were 0.798 (95% CI: 60.84–98.84,= 0.0101), 0.742 (95% CI: 62.40–85.98,= 0.0004) and 0.761 (95% CI: 61.82–90.38,= 0.0013)","PubMed Central full text PMC8317324 via NCBI, read 2026-09-28 (recall check)"
E101,34315539,10.1186/s40035-021-00249-y,He S,2021,Translational Neurodegeneration,PD,PD H&Y stage IV vs healthy controls,case_vs_healthy_control,serum_exosome,single_miRNA,hsa-miR-374b-5p,single,22,31,0.761,0.6182,0.9038,,,small RNA-seq (Illumina) of ultracentrifuged serum EVs,yes,,"Added in the third pass (recall check). n from group sizes in Methods (31 controls, 8 stage II, 42 stage III, 22 stage IV), not restated in the ROC paragraph. CI printed on a 0-100 scale as in the paper (e.g. '57.21–99.40'). Assignment of the listed AUCs to contrasts follows the order of the contrasts in the sentence. Stage-specific subgroups share the same 31 controls; no whole-PD vs control AUC reported. The paper prints the CI as percentages (for example 57.21-99.40); stored as proportions.","Among them, 2 miRNAs (hsa-miR-374a-5p and hsa-miR-374b-5p) distinguished stages II, III and IV from control. The AUCs of hsa-miR-374a-5p were 0.758 (95% CI: 57.21–99.40,= 0.026), 0.780 (95% CI: 67.33–88.58,< 0.0001) and 0.763 (95% CI: 62.13–90.36,= 0.0012) and the AUCs of hsa-miR-374b-5p were 0.798 (95% CI: 60.84–98.84,= 0.0101), 0.742 (95% CI: 62.40–85.98,= 0.0004) and 0.761 (95% CI: 61.82–90.38,= 0.0013)","PubMed Central full text PMC8317324 via NCBI, read 2026-09-28 (recall check)"
E102,34315539,10.1186/s40035-021-00249-y,He S,2021,Translational Neurodegeneration,PD,PD H&Y stage II vs healthy controls,case_vs_healthy_control,serum_exosome,single_miRNA,hsa-miR-199a-3p,single,8,31,0.738,0.5597,0.9161,,,small RNA-seq (Illumina) of ultracentrifuged serum EVs,yes,,"Added in the third pass (recall check). n from group sizes in Methods (31 controls, 8 stage II, 42 stage III, 22 stage IV), not restated in the ROC paragraph. CI printed on a 0-100 scale as in the paper (e.g. '57.21–99.40'). Assignment of the listed AUCs to contrasts follows the order of the contrasts in the sentence. Stage-specific subgroups share the same 31 controls; no whole-PD vs control AUC reported. The paper prints the CI as percentages (for example 57.21-99.40); stored as proportions.","One miRNA (hsa-miR-199a-3p) distinguished stage II from control, stage III and stage IV with AUCs of 0.738 (95% CI: 55.97–91.61,= 0.0402), 0.729 (95% CI: 54.93–90.91,= 0.0416) and 0.756 (95% CI: 55.97–95.17,= 0.0348)","PubMed Central full text PMC8317324 via NCBI, read 2026-09-28 (recall check)"
E103,34315539,10.1186/s40035-021-00249-y,He S,2021,Translational Neurodegeneration,PD,PD stage II vs stage III,within_disease,serum_exosome,single_miRNA,hsa-miR-199a-3p,single,8,42,0.729,0.5493,0.9091,,,small RNA-seq (Illumina) of ultracentrifuged serum EVs,no,"Within-disease contrast (PD stage vs PD stage), not versus healthy controls.","Added in the third pass (recall check). n from group sizes in Methods (31 controls, 8 stage II, 42 stage III, 22 stage IV), not restated in the ROC paragraph. CI printed on a 0-100 scale as in the paper (e.g. '57.21–99.40'). Assignment of the listed AUCs to contrasts follows the order of the contrasts in the sentence. Stage-specific subgroups share the same 31 controls; no whole-PD vs control AUC reported. Case/control roles arbitrary (stage II vs III). The paper prints the CI as percentages (for example 57.21-99.40); stored as proportions.","One miRNA (hsa-miR-199a-3p) distinguished stage II from control, stage III and stage IV with AUCs of 0.738 (95% CI: 55.97–91.61,= 0.0402), 0.729 (95% CI: 54.93–90.91,= 0.0416) and 0.756 (95% CI: 55.97–95.17,= 0.0348)","PubMed Central full text PMC8317324 via NCBI, read 2026-09-28 (recall check)"
E104,34315539,10.1186/s40035-021-00249-y,He S,2021,Translational Neurodegeneration,PD,PD stage II vs stage IV,within_disease,serum_exosome,single_miRNA,hsa-miR-199a-3p,single,8,22,0.756,0.5597,0.9517,,,small RNA-seq (Illumina) of ultracentrifuged serum EVs,no,"Within-disease contrast (PD stage vs PD stage), not versus healthy controls.","Added in the third pass (recall check). n from group sizes in Methods (31 controls, 8 stage II, 42 stage III, 22 stage IV), not restated in the ROC paragraph. CI printed on a 0-100 scale as in the paper (e.g. '57.21–99.40'). Assignment of the listed AUCs to contrasts follows the order of the contrasts in the sentence. Stage-specific subgroups share the same 31 controls; no whole-PD vs control AUC reported. Case/control roles arbitrary. The paper prints the CI as percentages (for example 57.21-99.40); stored as proportions.","One miRNA (hsa-miR-199a-3p) distinguished stage II from control, stage III and stage IV with AUCs of 0.738 (95% CI: 55.97–91.61,= 0.0402), 0.729 (95% CI: 54.93–90.91,= 0.0416) and 0.756 (95% CI: 55.97–95.17,= 0.0348)","PubMed Central full text PMC8317324 via NCBI, read 2026-09-28 (recall check)"
E105,34315539,10.1186/s40035-021-00249-y,He S,2021,Translational Neurodegeneration,PD,PD H&Y stage III vs healthy controls,case_vs_healthy_control,serum_exosome,single_miRNA,hsa-miR-28-5p,single,42,31,0.746,0.6347,0.8568,,,small RNA-seq (Illumina) of ultracentrifuged serum EVs,yes,,"Added in the third pass (recall check). n from group sizes in Methods (31 controls, 8 stage II, 42 stage III, 22 stage IV), not restated in the ROC paragraph. CI printed on a 0-100 scale as in the paper (e.g. '57.21–99.40'). Assignment of the listed AUCs to contrasts follows the order of the contrasts in the sentence. Stage-specific subgroups share the same 31 controls; no whole-PD vs control AUC reported. The paper prints the CI as percentages (for example 57.21-99.40); stored as proportions.","One miRNA (hsa-miR-28-5p) distinguished stage III from control, stage II and stage IV with AUCs of 0.746 (95% CI: 63.47–85.68,= 0.0004), 0.789 (95% CI: 64.07–93.67,= 0.0103) and 0.738 (95% CI: 61.69–85.93,= 0.0019)","PubMed Central full text PMC8317324 via NCBI, read 2026-09-28 (recall check)"
E106,34315539,10.1186/s40035-021-00249-y,He S,2021,Translational Neurodegeneration,PD,PD stage III vs stage II,within_disease,serum_exosome,single_miRNA,hsa-miR-28-5p,single,42,8,0.789,0.6407,0.9367,,,small RNA-seq (Illumina) of ultracentrifuged serum EVs,no,"Within-disease contrast (PD stage vs PD stage), not versus healthy controls.","Added in the third pass (recall check). n from group sizes in Methods (31 controls, 8 stage II, 42 stage III, 22 stage IV), not restated in the ROC paragraph. CI printed on a 0-100 scale as in the paper (e.g. '57.21–99.40'). Assignment of the listed AUCs to contrasts follows the order of the contrasts in the sentence. Stage-specific subgroups share the same 31 controls; no whole-PD vs control AUC reported. The paper prints the CI as percentages (for example 57.21-99.40); stored as proportions.","One miRNA (hsa-miR-28-5p) distinguished stage III from control, stage II and stage IV with AUCs of 0.746 (95% CI: 63.47–85.68,= 0.0004), 0.789 (95% CI: 64.07–93.67,= 0.0103) and 0.738 (95% CI: 61.69–85.93,= 0.0019)","PubMed Central full text PMC8317324 via NCBI, read 2026-09-28 (recall check)"
E107,34315539,10.1186/s40035-021-00249-y,He S,2021,Translational Neurodegeneration,PD,PD stage III vs stage IV,within_disease,serum_exosome,single_miRNA,hsa-miR-28-5p,single,42,22,0.738,0.6169,0.8593,,,small RNA-seq (Illumina) of ultracentrifuged serum EVs,no,"Within-disease contrast (PD stage vs PD stage), not versus healthy controls.","Added in the third pass (recall check). n from group sizes in Methods (31 controls, 8 stage II, 42 stage III, 22 stage IV), not restated in the ROC paragraph. CI printed on a 0-100 scale as in the paper (e.g. '57.21–99.40'). Assignment of the listed AUCs to contrasts follows the order of the contrasts in the sentence. Stage-specific subgroups share the same 31 controls; no whole-PD vs control AUC reported. The paper prints the CI as percentages (for example 57.21-99.40); stored as proportions.","One miRNA (hsa-miR-28-5p) distinguished stage III from control, stage II and stage IV with AUCs of 0.746 (95% CI: 63.47–85.68,= 0.0004), 0.789 (95% CI: 64.07–93.67,= 0.0103) and 0.738 (95% CI: 61.69–85.93,= 0.0019)","PubMed Central full text PMC8317324 via NCBI, read 2026-09-28 (recall check)"
E108,34315539,10.1186/s40035-021-00249-y,He S,2021,Translational Neurodegeneration,PD,PD H&Y stage IV vs healthy controls,case_vs_healthy_control,serum_exosome,single_miRNA,hsa-miR-22-5p,single,22,31,0.817,0.7023,0.9312,,,small RNA-seq (Illumina) of ultracentrifuged serum EVs,yes,,"Added in the third pass (recall check). n from group sizes in Methods (31 controls, 8 stage II, 42 stage III, 22 stage IV), not restated in the ROC paragraph. CI printed on a 0-100 scale as in the paper (e.g. '57.21–99.40'). Assignment of the listed AUCs to contrasts follows the order of the contrasts in the sentence. Stage-specific subgroups share the same 31 controls; no whole-PD vs control AUC reported. The paper prints the CI as percentages (for example 57.21-99.40); stored as proportions.","Three miRNAs (hsa-miR-22-5p, hsa-miR-151a-5p and hsa-miR-29a-3p) distinguished stage IV from control, stage II and stage III. The AUCs of hsa-miR-22-5p were 0.817 (95% CI: 70.23–93.12,< 0.0001), 0.773 (95% CI: 54.95–99.59,= 0.0244) and 0.700 (95% CI: 57.13–82.91,= 0.0089). The AUCs of hsa-miR-151a-5p were 0.741 (95% CI: 60.65–87.44,= 0.0031), 0.796 (95% CI: 60.0–99.09,= 0.0147) and 0.708 (95% CI: 58.12–83.44,= 0.0066) and the AUCs of hsa-miR-29a-3p were 0.743 (95% CI: 60.89–87.79,= 0.0027), 0.813 (95% CI: 65.22–97.28,= 0.0099) and 0.712 (95% CI: 57.82–84.60,= 0.0056)","PubMed Central full text PMC8317324 via NCBI, read 2026-09-28 (recall check)"
E109,34315539,10.1186/s40035-021-00249-y,He S,2021,Translational Neurodegeneration,PD,PD stage IV vs stage II,within_disease,serum_exosome,single_miRNA,hsa-miR-22-5p,single,22,8,0.773,0.5495,0.9959,,,small RNA-seq (Illumina) of ultracentrifuged serum EVs,no,"Within-disease contrast (PD stage vs PD stage), not versus healthy controls.","Added in the third pass (recall check). n from group sizes in Methods (31 controls, 8 stage II, 42 stage III, 22 stage IV), not restated in the ROC paragraph. CI printed on a 0-100 scale as in the paper (e.g. '57.21–99.40'). Assignment of the listed AUCs to contrasts follows the order of the contrasts in the sentence. Stage-specific subgroups share the same 31 controls; no whole-PD vs control AUC reported. The paper prints the CI as percentages (for example 57.21-99.40); stored as proportions.","Three miRNAs (hsa-miR-22-5p, hsa-miR-151a-5p and hsa-miR-29a-3p) distinguished stage IV from control, stage II and stage III. The AUCs of hsa-miR-22-5p were 0.817 (95% CI: 70.23–93.12,< 0.0001), 0.773 (95% CI: 54.95–99.59,= 0.0244) and 0.700 (95% CI: 57.13–82.91,= 0.0089). The AUCs of hsa-miR-151a-5p were 0.741 (95% CI: 60.65–87.44,= 0.0031), 0.796 (95% CI: 60.0–99.09,= 0.0147) and 0.708 (95% CI: 58.12–83.44,= 0.0066) and the AUCs of hsa-miR-29a-3p were 0.743 (95% CI: 60.89–87.79,= 0.0027), 0.813 (95% CI: 65.22–97.28,= 0.0099) and 0.712 (95% CI: 57.82–84.60,= 0.0056)","PubMed Central full text PMC8317324 via NCBI, read 2026-09-28 (recall check)"
E110,34315539,10.1186/s40035-021-00249-y,He S,2021,Translational Neurodegeneration,PD,PD stage IV vs stage III,within_disease,serum_exosome,single_miRNA,hsa-miR-22-5p,single,22,42,0.7,0.5713,0.8291,,,small RNA-seq (Illumina) of ultracentrifuged serum EVs,no,"Within-disease contrast (PD stage vs PD stage), not versus healthy controls.","Added in the third pass (recall check). n from group sizes in Methods (31 controls, 8 stage II, 42 stage III, 22 stage IV), not restated in the ROC paragraph. CI printed on a 0-100 scale as in the paper (e.g. '57.21–99.40'). Assignment of the listed AUCs to contrasts follows the order of the contrasts in the sentence. Stage-specific subgroups share the same 31 controls; no whole-PD vs control AUC reported. The paper prints the CI as percentages (for example 57.21-99.40); stored as proportions.","Three miRNAs (hsa-miR-22-5p, hsa-miR-151a-5p and hsa-miR-29a-3p) distinguished stage IV from control, stage II and stage III. The AUCs of hsa-miR-22-5p were 0.817 (95% CI: 70.23–93.12,< 0.0001), 0.773 (95% CI: 54.95–99.59,= 0.0244) and 0.700 (95% CI: 57.13–82.91,= 0.0089). The AUCs of hsa-miR-151a-5p were 0.741 (95% CI: 60.65–87.44,= 0.0031), 0.796 (95% CI: 60.0–99.09,= 0.0147) and 0.708 (95% CI: 58.12–83.44,= 0.0066) and the AUCs of hsa-miR-29a-3p were 0.743 (95% CI: 60.89–87.79,= 0.0027), 0.813 (95% CI: 65.22–97.28,= 0.0099) and 0.712 (95% CI: 57.82–84.60,= 0.0056)","PubMed Central full text PMC8317324 via NCBI, read 2026-09-28 (recall check)"
E111,34315539,10.1186/s40035-021-00249-y,He S,2021,Translational Neurodegeneration,PD,PD H&Y stage IV vs healthy controls,case_vs_healthy_control,serum_exosome,single_miRNA,hsa-miR-151a-5p,single,22,31,0.741,0.6065,0.8744,,,small RNA-seq (Illumina) of ultracentrifuged serum EVs,yes,,"Added in the third pass (recall check). n from group sizes in Methods (31 controls, 8 stage II, 42 stage III, 22 stage IV), not restated in the ROC paragraph. CI printed on a 0-100 scale as in the paper (e.g. '57.21–99.40'). Assignment of the listed AUCs to contrasts follows the order of the contrasts in the sentence. Stage-specific subgroups share the same 31 controls; no whole-PD vs control AUC reported. The paper prints the CI as percentages (for example 57.21-99.40); stored as proportions.","Three miRNAs (hsa-miR-22-5p, hsa-miR-151a-5p and hsa-miR-29a-3p) distinguished stage IV from control, stage II and stage III. The AUCs of hsa-miR-22-5p were 0.817 (95% CI: 70.23–93.12,< 0.0001), 0.773 (95% CI: 54.95–99.59,= 0.0244) and 0.700 (95% CI: 57.13–82.91,= 0.0089). The AUCs of hsa-miR-151a-5p were 0.741 (95% CI: 60.65–87.44,= 0.0031), 0.796 (95% CI: 60.0–99.09,= 0.0147) and 0.708 (95% CI: 58.12–83.44,= 0.0066) and the AUCs of hsa-miR-29a-3p were 0.743 (95% CI: 60.89–87.79,= 0.0027), 0.813 (95% CI: 65.22–97.28,= 0.0099) and 0.712 (95% CI: 57.82–84.60,= 0.0056)","PubMed Central full text PMC8317324 via NCBI, read 2026-09-28 (recall check)"
E112,34315539,10.1186/s40035-021-00249-y,He S,2021,Translational Neurodegeneration,PD,PD stage IV vs stage II,within_disease,serum_exosome,single_miRNA,hsa-miR-151a-5p,single,22,8,0.796,0.6,0.9909,,,small RNA-seq (Illumina) of ultracentrifuged serum EVs,no,"Within-disease contrast (PD stage vs PD stage), not versus healthy controls.","Added in the third pass (recall check). n from group sizes in Methods (31 controls, 8 stage II, 42 stage III, 22 stage IV), not restated in the ROC paragraph. CI printed on a 0-100 scale as in the paper (e.g. '57.21–99.40'). Assignment of the listed AUCs to contrasts follows the order of the contrasts in the sentence. Stage-specific subgroups share the same 31 controls; no whole-PD vs control AUC reported. The paper prints the CI as percentages (for example 57.21-99.40); stored as proportions.","Three miRNAs (hsa-miR-22-5p, hsa-miR-151a-5p and hsa-miR-29a-3p) distinguished stage IV from control, stage II and stage III. The AUCs of hsa-miR-22-5p were 0.817 (95% CI: 70.23–93.12,< 0.0001), 0.773 (95% CI: 54.95–99.59,= 0.0244) and 0.700 (95% CI: 57.13–82.91,= 0.0089). The AUCs of hsa-miR-151a-5p were 0.741 (95% CI: 60.65–87.44,= 0.0031), 0.796 (95% CI: 60.0–99.09,= 0.0147) and 0.708 (95% CI: 58.12–83.44,= 0.0066) and the AUCs of hsa-miR-29a-3p were 0.743 (95% CI: 60.89–87.79,= 0.0027), 0.813 (95% CI: 65.22–97.28,= 0.0099) and 0.712 (95% CI: 57.82–84.60,= 0.0056)","PubMed Central full text PMC8317324 via NCBI, read 2026-09-28 (recall check)"
E113,34315539,10.1186/s40035-021-00249-y,He S,2021,Translational Neurodegeneration,PD,PD stage IV vs stage III,within_disease,serum_exosome,single_miRNA,hsa-miR-151a-5p,single,22,42,0.708,0.5812,0.8344,,,small RNA-seq (Illumina) of ultracentrifuged serum EVs,no,"Within-disease contrast (PD stage vs PD stage), not versus healthy controls.","Added in the third pass (recall check). n from group sizes in Methods (31 controls, 8 stage II, 42 stage III, 22 stage IV), not restated in the ROC paragraph. CI printed on a 0-100 scale as in the paper (e.g. '57.21–99.40'). Assignment of the listed AUCs to contrasts follows the order of the contrasts in the sentence. Stage-specific subgroups share the same 31 controls; no whole-PD vs control AUC reported. The paper prints the CI as percentages (for example 57.21-99.40); stored as proportions.","Three miRNAs (hsa-miR-22-5p, hsa-miR-151a-5p and hsa-miR-29a-3p) distinguished stage IV from control, stage II and stage III. The AUCs of hsa-miR-22-5p were 0.817 (95% CI: 70.23–93.12,< 0.0001), 0.773 (95% CI: 54.95–99.59,= 0.0244) and 0.700 (95% CI: 57.13–82.91,= 0.0089). The AUCs of hsa-miR-151a-5p were 0.741 (95% CI: 60.65–87.44,= 0.0031), 0.796 (95% CI: 60.0–99.09,= 0.0147) and 0.708 (95% CI: 58.12–83.44,= 0.0066) and the AUCs of hsa-miR-29a-3p were 0.743 (95% CI: 60.89–87.79,= 0.0027), 0.813 (95% CI: 65.22–97.28,= 0.0099) and 0.712 (95% CI: 57.82–84.60,= 0.0056)","PubMed Central full text PMC8317324 via NCBI, read 2026-09-28 (recall check)"
E114,34315539,10.1186/s40035-021-00249-y,He S,2021,Translational Neurodegeneration,PD,PD H&Y stage IV vs healthy controls,case_vs_healthy_control,serum_exosome,single_miRNA,hsa-miR-29a-3p,single,22,31,0.743,0.6089,0.8779,,,small RNA-seq (Illumina) of ultracentrifuged serum EVs,yes,,"Added in the third pass (recall check). n from group sizes in Methods (31 controls, 8 stage II, 42 stage III, 22 stage IV), not restated in the ROC paragraph. CI printed on a 0-100 scale as in the paper (e.g. '57.21–99.40'). Assignment of the listed AUCs to contrasts follows the order of the contrasts in the sentence. Stage-specific subgroups share the same 31 controls; no whole-PD vs control AUC reported. The paper prints the CI as percentages (for example 57.21-99.40); stored as proportions.","Three miRNAs (hsa-miR-22-5p, hsa-miR-151a-5p and hsa-miR-29a-3p) distinguished stage IV from control, stage II and stage III. The AUCs of hsa-miR-22-5p were 0.817 (95% CI: 70.23–93.12,< 0.0001), 0.773 (95% CI: 54.95–99.59,= 0.0244) and 0.700 (95% CI: 57.13–82.91,= 0.0089). The AUCs of hsa-miR-151a-5p were 0.741 (95% CI: 60.65–87.44,= 0.0031), 0.796 (95% CI: 60.0–99.09,= 0.0147) and 0.708 (95% CI: 58.12–83.44,= 0.0066) and the AUCs of hsa-miR-29a-3p were 0.743 (95% CI: 60.89–87.79,= 0.0027), 0.813 (95% CI: 65.22–97.28,= 0.0099) and 0.712 (95% CI: 57.82–84.60,= 0.0056)","PubMed Central full text PMC8317324 via NCBI, read 2026-09-28 (recall check)"
E115,34315539,10.1186/s40035-021-00249-y,He S,2021,Translational Neurodegeneration,PD,PD stage IV vs stage II,within_disease,serum_exosome,single_miRNA,hsa-miR-29a-3p,single,22,8,0.813,0.6522,0.9728,,,small RNA-seq (Illumina) of ultracentrifuged serum EVs,no,"Within-disease contrast (PD stage vs PD stage), not versus healthy controls.","Added in the third pass (recall check). n from group sizes in Methods (31 controls, 8 stage II, 42 stage III, 22 stage IV), not restated in the ROC paragraph. CI printed on a 0-100 scale as in the paper (e.g. '57.21–99.40'). Assignment of the listed AUCs to contrasts follows the order of the contrasts in the sentence. Stage-specific subgroups share the same 31 controls; no whole-PD vs control AUC reported. The paper prints the CI as percentages (for example 57.21-99.40); stored as proportions.","Three miRNAs (hsa-miR-22-5p, hsa-miR-151a-5p and hsa-miR-29a-3p) distinguished stage IV from control, stage II and stage III. The AUCs of hsa-miR-22-5p were 0.817 (95% CI: 70.23–93.12,< 0.0001), 0.773 (95% CI: 54.95–99.59,= 0.0244) and 0.700 (95% CI: 57.13–82.91,= 0.0089). The AUCs of hsa-miR-151a-5p were 0.741 (95% CI: 60.65–87.44,= 0.0031), 0.796 (95% CI: 60.0–99.09,= 0.0147) and 0.708 (95% CI: 58.12–83.44,= 0.0066) and the AUCs of hsa-miR-29a-3p were 0.743 (95% CI: 60.89–87.79,= 0.0027), 0.813 (95% CI: 65.22–97.28,= 0.0099) and 0.712 (95% CI: 57.82–84.60,= 0.0056)","PubMed Central full text PMC8317324 via NCBI, read 2026-09-28 (recall check)"
E116,34315539,10.1186/s40035-021-00249-y,He S,2021,Translational Neurodegeneration,PD,PD stage IV vs stage III,within_disease,serum_exosome,single_miRNA,hsa-miR-29a-3p,single,22,42,0.712,0.5782,0.846,,,small RNA-seq (Illumina) of ultracentrifuged serum EVs,no,"Within-disease contrast (PD stage vs PD stage), not versus healthy controls.","Added in the third pass (recall check). n from group sizes in Methods (31 controls, 8 stage II, 42 stage III, 22 stage IV), not restated in the ROC paragraph. CI printed on a 0-100 scale as in the paper (e.g. '57.21–99.40'). Assignment of the listed AUCs to contrasts follows the order of the contrasts in the sentence. Stage-specific subgroups share the same 31 controls; no whole-PD vs control AUC reported. The paper prints the CI as percentages (for example 57.21-99.40); stored as proportions.","Three miRNAs (hsa-miR-22-5p, hsa-miR-151a-5p and hsa-miR-29a-3p) distinguished stage IV from control, stage II and stage III. The AUCs of hsa-miR-22-5p were 0.817 (95% CI: 70.23–93.12,< 0.0001), 0.773 (95% CI: 54.95–99.59,= 0.0244) and 0.700 (95% CI: 57.13–82.91,= 0.0089). The AUCs of hsa-miR-151a-5p were 0.741 (95% CI: 60.65–87.44,= 0.0031), 0.796 (95% CI: 60.0–99.09,= 0.0147) and 0.708 (95% CI: 58.12–83.44,= 0.0066) and the AUCs of hsa-miR-29a-3p were 0.743 (95% CI: 60.89–87.79,= 0.0027), 0.813 (95% CI: 65.22–97.28,= 0.0099) and 0.712 (95% CI: 57.82–84.60,= 0.0056)","PubMed Central full text PMC8317324 via NCBI, read 2026-09-28 (recall check)"
E117,40630682,10.1039/d5ra02993g,Chen X,2025,RSC Advances,AD,"Not specified: ROC of 10 miRNAs 'among the three groups' (NC, MCI, AD; comparisons NC vs MCI, MCI vs AD, NC vs AD)",within_disease,serum_exosome,single_miRNA,miR-210-3p,single,,,,,,,,small RNA-seq of serum exosomes,no,"ROC contrast is not defined in the text (across NC/MCI/AD, includes MCI); no AD-vs-normal-control-only AUC stated; exact AUC for best markers given only as a threshold (>0.8/>0.9) or in Fig. 5.","Added in the third pass (recall check). Text: AUC 'higher than 0.9'; exact value not in text (Fig. 5 not read). n not stated for this analysis (cohort AD 10, MCI 9, NC 10).","For example, miR-151-3p, miR-4433b-5p, miR-628-3p, and miR-210-3p all showed ROC curve area under the curve (AUC) greater than 0.8 among the three groups (). Notably, the AUC values of miR-210-3p and miR-151-3p were higher than 0.9, respectively, showing high sensitivity and specificity, which demonstrated their excellent potential in identifying NC, MCI and AD patients. The AUC values of miR-10b-5p and miR-144-5p reached 0.79, close to 0.8, respectively, showing moderate predictive efficacy.","PubMed Central full text PMC12235723 via NCBI, read 2026-09-28 (recall check)"
E118,40630682,10.1039/d5ra02993g,Chen X,2025,RSC Advances,AD,"Not specified: ROC of 10 miRNAs 'among the three groups' (NC, MCI, AD; comparisons NC vs MCI, MCI vs AD, NC vs AD)",within_disease,serum_exosome,single_miRNA,miR-151-3p,single,,,,,,,,small RNA-seq of serum exosomes,no,"ROC contrast is not defined in the text (across NC/MCI/AD, includes MCI); no AD-vs-normal-control-only AUC stated; exact AUC for best markers given only as a threshold (>0.8/>0.9) or in Fig. 5.",Added in the third pass (recall check). Text: AUC 'higher than 0.9'; exact value not in text. Abstract calls it miR-151a-3p.,"For example, miR-151-3p, miR-4433b-5p, miR-628-3p, and miR-210-3p all showed ROC curve area under the curve (AUC) greater than 0.8 among the three groups (). Notably, the AUC values of miR-210-3p and miR-151-3p were higher than 0.9, respectively, showing high sensitivity and specificity, which demonstrated their excellent potential in identifying NC, MCI and AD patients. The AUC values of miR-10b-5p and miR-144-5p reached 0.79, close to 0.8, respectively, showing moderate predictive efficacy.","PubMed Central full text PMC12235723 via NCBI, read 2026-09-28 (recall check)"
E119,40630682,10.1039/d5ra02993g,Chen X,2025,RSC Advances,AD,"Not specified: ROC of 10 miRNAs 'among the three groups' (NC, MCI, AD; comparisons NC vs MCI, MCI vs AD, NC vs AD)",within_disease,serum_exosome,single_miRNA,miR-4433b-5p,single,,,,,,,,small RNA-seq of serum exosomes,no,"ROC contrast is not defined in the text (across NC/MCI/AD, includes MCI); no AD-vs-normal-control-only AUC stated; exact AUC for best markers given only as a threshold (>0.8/>0.9) or in Fig. 5.",Added in the third pass (recall check). Text: AUC 'greater than 0.8'; exact value not in text.,"For example, miR-151-3p, miR-4433b-5p, miR-628-3p, and miR-210-3p all showed ROC curve area under the curve (AUC) greater than 0.8 among the three groups (). Notably, the AUC values of miR-210-3p and miR-151-3p were higher than 0.9, respectively, showing high sensitivity and specificity, which demonstrated their excellent potential in identifying NC, MCI and AD patients. The AUC values of miR-10b-5p and miR-144-5p reached 0.79, close to 0.8, respectively, showing moderate predictive efficacy.","PubMed Central full text PMC12235723 via NCBI, read 2026-09-28 (recall check)"
E120,40630682,10.1039/d5ra02993g,Chen X,2025,RSC Advances,AD,"Not specified: ROC of 10 miRNAs 'among the three groups' (NC, MCI, AD; comparisons NC vs MCI, MCI vs AD, NC vs AD)",within_disease,serum_exosome,single_miRNA,miR-628-3p,single,,,,,,,,small RNA-seq of serum exosomes,no,"ROC contrast is not defined in the text (across NC/MCI/AD, includes MCI); no AD-vs-normal-control-only AUC stated; exact AUC for best markers given only as a threshold (>0.8/>0.9) or in Fig. 5.",Added in the third pass (recall check). Text: AUC 'greater than 0.8'; exact value not in text.,"For example, miR-151-3p, miR-4433b-5p, miR-628-3p, and miR-210-3p all showed ROC curve area under the curve (AUC) greater than 0.8 among the three groups (). Notably, the AUC values of miR-210-3p and miR-151-3p were higher than 0.9, respectively, showing high sensitivity and specificity, which demonstrated their excellent potential in identifying NC, MCI and AD patients. The AUC values of miR-10b-5p and miR-144-5p reached 0.79, close to 0.8, respectively, showing moderate predictive efficacy.","PubMed Central full text PMC12235723 via NCBI, read 2026-09-28 (recall check)"
E121,40630682,10.1039/d5ra02993g,Chen X,2025,RSC Advances,AD,"Not specified: ROC of 10 miRNAs 'among the three groups' (NC, MCI, AD; comparisons NC vs MCI, MCI vs AD, NC vs AD)",within_disease,serum_exosome,single_miRNA,miR-10b-5p,single,,,0.79,,,,,small RNA-seq of serum exosomes,no,"ROC contrast is not defined in the text (across NC/MCI/AD, includes MCI); no AD-vs-normal-control-only AUC stated; exact AUC for best markers given only as a threshold (>0.8/>0.9) or in Fig. 5.",Added in the third pass (recall check). Stated 'reached 0.79'; contrast unspecified.,"For example, miR-151-3p, miR-4433b-5p, miR-628-3p, and miR-210-3p all showed ROC curve area under the curve (AUC) greater than 0.8 among the three groups (). Notably, the AUC values of miR-210-3p and miR-151-3p were higher than 0.9, respectively, showing high sensitivity and specificity, which demonstrated their excellent potential in identifying NC, MCI and AD patients. The AUC values of miR-10b-5p and miR-144-5p reached 0.79, close to 0.8, respectively, showing moderate predictive efficacy.","PubMed Central full text PMC12235723 via NCBI, read 2026-09-28 (recall check)"
E122,40630682,10.1039/d5ra02993g,Chen X,2025,RSC Advances,AD,"Not specified: ROC of 10 miRNAs 'among the three groups' (NC, MCI, AD; comparisons NC vs MCI, MCI vs AD, NC vs AD)",within_disease,serum_exosome,single_miRNA,miR-144-5p,single,,,0.79,,,,,small RNA-seq of serum exosomes,no,"ROC contrast is not defined in the text (across NC/MCI/AD, includes MCI); no AD-vs-normal-control-only AUC stated; exact AUC for best markers given only as a threshold (>0.8/>0.9) or in Fig. 5.",Added in the third pass (recall check). Stated 'reached 0.79'; contrast unspecified.,"For example, miR-151-3p, miR-4433b-5p, miR-628-3p, and miR-210-3p all showed ROC curve area under the curve (AUC) greater than 0.8 among the three groups (). Notably, the AUC values of miR-210-3p and miR-151-3p were higher than 0.9, respectively, showing high sensitivity and specificity, which demonstrated their excellent potential in identifying NC, MCI and AD patients. The AUC values of miR-10b-5p and miR-144-5p reached 0.79, close to 0.8, respectively, showing moderate predictive efficacy.","PubMed Central full text PMC12235723 via NCBI, read 2026-09-28 (recall check)"
E123,26078483,10.1155/2015/625659,Dong H,2015,Disease Markers,AD,AD vs non-dementia controls,case_vs_healthy_control,serum,single_miRNA,miR-31,training,48,48,0.717,0.615,0.818,,,"RT-qPCR (TaqMan hydrolysis probes), absolute quantification",yes,,"Added in the third pass (recall check). Training set (48 AD, 48 controls) is where the 4 miRNAs were selected from 16 candidates. Sens/spec not in text.","The areas under the curve (AUC) of the four miRNAs in the training set were as follows: miR-31, 0.717 (95% CI, 0.615–0.818); miR-93, 0.755 (95% CI, 0.660–0.850); miR-143, 0.808 (95% CI, 0.723–0.892); and miR-146a, 0.757 (95% CI, 0.663–0.851)","PubMed Central full text PMC4452867 via NCBI, read 2026-09-28 (recall check)"
E124,26078483,10.1155/2015/625659,Dong H,2015,Disease Markers,AD,AD vs non-dementia controls,case_vs_healthy_control,serum,single_miRNA,miR-31,validation,79,75,0.72,0.639,0.801,,,"RT-qPCR (TaqMan hydrolysis probes), absolute quantification",yes,,"Added in the third pass (recall check). Independent validation set (79 AD, 75 controls). Sens/spec not in text.","For the serum samples in the validation set, the AUC for the four miRNA were as follows: miR-31, 0.720 (95% CI, 0.639–0.801); miR-93, 0.693 (95% CI, 0.611–0.776); miR-143, 0.706 (95% CI, 0.624–0.788); and miR-146a, 0.707 (95% CI, 0.625–0.788)","PubMed Central full text PMC4452867 via NCBI, read 2026-09-28 (recall check)"
E125,26078483,10.1155/2015/625659,Dong H,2015,Disease Markers,AD,AD vs non-dementia controls,case_vs_healthy_control,serum,single_miRNA,miR-93,training,48,48,0.755,0.66,0.85,,,"RT-qPCR (TaqMan hydrolysis probes), absolute quantification",yes,,"Added in the third pass (recall check). Training set (48 AD, 48 controls) is where the 4 miRNAs were selected from 16 candidates. Sens/spec not in text.","The areas under the curve (AUC) of the four miRNAs in the training set were as follows: miR-31, 0.717 (95% CI, 0.615–0.818); miR-93, 0.755 (95% CI, 0.660–0.850); miR-143, 0.808 (95% CI, 0.723–0.892); and miR-146a, 0.757 (95% CI, 0.663–0.851)","PubMed Central full text PMC4452867 via NCBI, read 2026-09-28 (recall check)"
E126,26078483,10.1155/2015/625659,Dong H,2015,Disease Markers,AD,AD vs non-dementia controls,case_vs_healthy_control,serum,single_miRNA,miR-93,validation,79,75,0.693,0.611,0.776,,,"RT-qPCR (TaqMan hydrolysis probes), absolute quantification",yes,,"Added in the third pass (recall check). Independent validation set (79 AD, 75 controls). Sens/spec not in text.","For the serum samples in the validation set, the AUC for the four miRNA were as follows: miR-31, 0.720 (95% CI, 0.639–0.801); miR-93, 0.693 (95% CI, 0.611–0.776); miR-143, 0.706 (95% CI, 0.624–0.788); and miR-146a, 0.707 (95% CI, 0.625–0.788)","PubMed Central full text PMC4452867 via NCBI, read 2026-09-28 (recall check)"
E127,26078483,10.1155/2015/625659,Dong H,2015,Disease Markers,AD,AD vs non-dementia controls,case_vs_healthy_control,serum,single_miRNA,miR-143,training,48,48,0.808,0.723,0.892,,,"RT-qPCR (TaqMan hydrolysis probes), absolute quantification",yes,,"Added in the third pass (recall check). Training set (48 AD, 48 controls) is where the 4 miRNAs were selected from 16 candidates. Sens/spec not in text.","The areas under the curve (AUC) of the four miRNAs in the training set were as follows: miR-31, 0.717 (95% CI, 0.615–0.818); miR-93, 0.755 (95% CI, 0.660–0.850); miR-143, 0.808 (95% CI, 0.723–0.892); and miR-146a, 0.757 (95% CI, 0.663–0.851)","PubMed Central full text PMC4452867 via NCBI, read 2026-09-28 (recall check)"
E128,26078483,10.1155/2015/625659,Dong H,2015,Disease Markers,AD,AD vs non-dementia controls,case_vs_healthy_control,serum,single_miRNA,miR-143,validation,79,75,0.706,0.624,0.788,,,"RT-qPCR (TaqMan hydrolysis probes), absolute quantification",yes,,"Added in the third pass (recall check). Independent validation set (79 AD, 75 controls). Sens/spec not in text.","For the serum samples in the validation set, the AUC for the four miRNA were as follows: miR-31, 0.720 (95% CI, 0.639–0.801); miR-93, 0.693 (95% CI, 0.611–0.776); miR-143, 0.706 (95% CI, 0.624–0.788); and miR-146a, 0.707 (95% CI, 0.625–0.788)","PubMed Central full text PMC4452867 via NCBI, read 2026-09-28 (recall check)"
E129,26078483,10.1155/2015/625659,Dong H,2015,Disease Markers,AD,AD vs non-dementia controls,case_vs_healthy_control,serum,single_miRNA,miR-146a,training,48,48,0.757,0.663,0.851,,,"RT-qPCR (TaqMan hydrolysis probes), absolute quantification",yes,,"Added in the third pass (recall check). Training set (48 AD, 48 controls) is where the 4 miRNAs were selected from 16 candidates. Sens/spec not in text.","The areas under the curve (AUC) of the four miRNAs in the training set were as follows: miR-31, 0.717 (95% CI, 0.615–0.818); miR-93, 0.755 (95% CI, 0.660–0.850); miR-143, 0.808 (95% CI, 0.723–0.892); and miR-146a, 0.757 (95% CI, 0.663–0.851)","PubMed Central full text PMC4452867 via NCBI, read 2026-09-28 (recall check)"
E130,26078483,10.1155/2015/625659,Dong H,2015,Disease Markers,AD,AD vs non-dementia controls,case_vs_healthy_control,serum,single_miRNA,miR-146a,validation,79,75,0.707,0.625,0.788,,,"RT-qPCR (TaqMan hydrolysis probes), absolute quantification",yes,,"Added in the third pass (recall check). Independent validation set (79 AD, 75 controls). Sens/spec not in text.","For the serum samples in the validation set, the AUC for the four miRNA were as follows: miR-31, 0.720 (95% CI, 0.639–0.801); miR-93, 0.693 (95% CI, 0.611–0.776); miR-143, 0.706 (95% CI, 0.624–0.788); and miR-146a, 0.707 (95% CI, 0.625–0.788)","PubMed Central full text PMC4452867 via NCBI, read 2026-09-28 (recall check)"
E131,26078483,10.1155/2015/625659,Dong H,2015,Disease Markers,AD,AD vs non-dementia controls,case_vs_healthy_control,serum,multi_miRNA_panel,"4-miRNA panel (miR-31 + miR-93 + miR-143 + miR-146a), risk score",training,48,48,0.746,0.647,0.846,,,RT-qPCR; risk score from regression-coefficient-weighted linear combination,yes,,Added in the third pass (recall check). Unclear whether coefficients fitted in training and locked for validation ('as previously described'). Sens/spec not in text.,"The AUC for the combination of the four miRNAs was 0.746 (95% CI, 0.647–0.846) and 0.709 (95% CI, 0.628–0.791) for AD in the training and in validation sets, respectively","PubMed Central full text PMC4452867 via NCBI, read 2026-09-28 (recall check)"
E132,26078483,10.1155/2015/625659,Dong H,2015,Disease Markers,AD,AD vs non-dementia controls,case_vs_healthy_control,serum,multi_miRNA_panel,"4-miRNA panel (miR-31 + miR-93 + miR-143 + miR-146a), risk score",validation,79,75,0.709,0.628,0.791,,,RT-qPCR; risk score,yes,,Added in the third pass (recall check). See training row for coefficient ambiguity. Sens/spec not in text.,"The AUC for the combination of the four miRNAs was 0.746 (95% CI, 0.647–0.846) and 0.709 (95% CI, 0.628–0.791) for AD in the training and in validation sets, respectively","PubMed Central full text PMC4452867 via NCBI, read 2026-09-28 (recall check)"
E133,31092279,10.1186/s13195-019-0501-4,Siedlecki-Wullich D,2019,Alzheimers Res Ther,AD,AD dementia vs healthy controls,case_vs_healthy_control,plasma,single_miRNA,miR-92a-3p,single,56,14,0.7,,,0.4737,0.9286,RT-qPCR (TaqMan Advanced miRNA),yes,,"Added in the third pass (recall check). n from cohort description (14 HC, 26 MCI and 56 sporadic AD subjects); n per ROC analysis is not restated. No AUC CI in text. Text gives 56 AD; printed sensitivities of single markers imply 57, so the paper is internally inconsistent.","AUC values for miR-92a-3p, miR-181c-5p and miR-210-3p when AD subjects were compared to HC were 0.70, 0.77 and 0.80, respectively. Whereas miR-92a-3p has 47.37% of sensitivity and 92.86% of specificity, miR-181c-5p has 70.18% of sensitivity and 85.71% of specificity and miR-210-3p has 80.70% of sensitivity and 71.43% of specificity (Table).","PubMed Central full text PMC6521366 via NCBI, read 2026-09-28 (recall check)"
E134,31092279,10.1186/s13195-019-0501-4,Siedlecki-Wullich D,2019,Alzheimers Res Ther,AD,AD dementia vs healthy controls,case_vs_healthy_control,plasma,single_miRNA,miR-181c-5p,single,56,14,0.77,,,0.7018,0.8571,RT-qPCR (TaqMan Advanced miRNA),yes,,"Added in the third pass (recall check). n from cohort description. Text gives 56 AD; printed sensitivities of single markers imply 57, so the paper is internally inconsistent.","AUC values for miR-92a-3p, miR-181c-5p and miR-210-3p when AD subjects were compared to HC were 0.70, 0.77 and 0.80, respectively. Whereas miR-92a-3p has 47.37% of sensitivity and 92.86% of specificity, miR-181c-5p has 70.18% of sensitivity and 85.71% of specificity and miR-210-3p has 80.70% of sensitivity and 71.43% of specificity (Table).","PubMed Central full text PMC6521366 via NCBI, read 2026-09-28 (recall check)"
E135,31092279,10.1186/s13195-019-0501-4,Siedlecki-Wullich D,2019,Alzheimers Res Ther,AD,AD dementia vs healthy controls,case_vs_healthy_control,plasma,single_miRNA,miR-210-3p,single,56,14,0.8,,,0.807,0.7143,RT-qPCR (TaqMan Advanced miRNA),yes,,"Added in the third pass (recall check). n from cohort description. Text gives 56 AD; printed sensitivities of single markers imply 57, so the paper is internally inconsistent.","AUC values for miR-92a-3p, miR-181c-5p and miR-210-3p when AD subjects were compared to HC were 0.70, 0.77 and 0.80, respectively. Whereas miR-92a-3p has 47.37% of sensitivity and 92.86% of specificity, miR-181c-5p has 70.18% of sensitivity and 85.71% of specificity and miR-210-3p has 80.70% of sensitivity and 71.43% of specificity (Table).","PubMed Central full text PMC6521366 via NCBI, read 2026-09-28 (recall check)"
E136,31092279,10.1186/s13195-019-0501-4,Siedlecki-Wullich D,2019,Alzheimers Res Ther,AD,AD dementia vs healthy controls,case_vs_healthy_control,plasma,multi_miRNA_panel,miR-92a-3p + miR-181c-5p + miR-210-3p (logistic regression),single,56,14,0.855,,,0.9286,0.7143,RT-qPCR + logistic regression,yes,,"Added in the third pass (recall check). Panel members were the three miRNAs found significant in the same cohort and the logistic model was fitted and evaluated in the same participants (no external validation), so performance is likely optimistic. Sex-stratified panel AUCs (women 0.82, men 0.94 for AD vs HC) also reported but not recorded as rows. Text gives 56 AD; printed sensitivities of single markers imply 57, so the paper is internally inconsistent.","This molecular miRNA signature provided an AUC value of 0.855, a sensitivity of 92.86% and a specificity of 71.43% when AD samples were compared to HC (Fig.b and Table).","PubMed Central full text PMC6521366 via NCBI, read 2026-09-28 (recall check)"
E137,31092279,10.1186/s13195-019-0501-4,Siedlecki-Wullich D,2019,Alzheimers Res Ther,AD,MCI vs healthy controls,prodromal_vs_control,plasma,single_miRNA,miR-92a-3p,single,26,14,0.67,,,0.5,0.9286,RT-qPCR (TaqMan Advanced miRNA),no,"MCI cases, not clinically diagnosed AD",Added in the third pass (recall check). n from cohort description.,"The values obtained for miR-92a-3p, miR-181c-5p and miR-210-3p when HC were compared with MCI subjects were as follows: AUC values of 0.67, 0.84 and 0.74, respectively; 50.00%, 84.62% and 76.92% of sensitivity, respectively; and 92.86%, 85.71% and 71.43% of specificity, respectively (Table).","PubMed Central full text PMC6521366 via NCBI, read 2026-09-28 (recall check)"
E138,31092279,10.1186/s13195-019-0501-4,Siedlecki-Wullich D,2019,Alzheimers Res Ther,AD,MCI vs healthy controls,prodromal_vs_control,plasma,single_miRNA,miR-181c-5p,single,26,14,0.84,,,0.8462,0.8571,RT-qPCR (TaqMan Advanced miRNA),no,"MCI cases, not clinically diagnosed AD",Added in the third pass (recall check). n from cohort description.,"The values obtained for miR-92a-3p, miR-181c-5p and miR-210-3p when HC were compared with MCI subjects were as follows: AUC values of 0.67, 0.84 and 0.74, respectively; 50.00%, 84.62% and 76.92% of sensitivity, respectively; and 92.86%, 85.71% and 71.43% of specificity, respectively (Table).","PubMed Central full text PMC6521366 via NCBI, read 2026-09-28 (recall check)"
E139,31092279,10.1186/s13195-019-0501-4,Siedlecki-Wullich D,2019,Alzheimers Res Ther,AD,MCI vs healthy controls,prodromal_vs_control,plasma,single_miRNA,miR-210-3p,single,26,14,0.74,,,0.7692,0.7143,RT-qPCR (TaqMan Advanced miRNA),no,"MCI cases, not clinically diagnosed AD",Added in the third pass (recall check). n from cohort description.,"The values obtained for miR-92a-3p, miR-181c-5p and miR-210-3p when HC were compared with MCI subjects were as follows: AUC values of 0.67, 0.84 and 0.74, respectively; 50.00%, 84.62% and 76.92% of sensitivity, respectively; and 92.86%, 85.71% and 71.43% of specificity, respectively (Table).","PubMed Central full text PMC6521366 via NCBI, read 2026-09-28 (recall check)"
E140,31092279,10.1186/s13195-019-0501-4,Siedlecki-Wullich D,2019,Alzheimers Res Ther,AD,MCI vs healthy controls,prodromal_vs_control,plasma,multi_miRNA_panel,miR-92a-3p + miR-181c-5p + miR-210-3p (logistic regression),single,26,14,0.893,,,0.8462,0.8571,RT-qPCR + logistic regression,no,"MCI cases, not clinically diagnosed AD",Added in the third pass (recall check). n from cohort description.,"We determined an AUC value of 0.893, a sensitivity of 84.62% and a specificity of 85.71% for distinguishing MCI from HC (Fig.a and Table).","PubMed Central full text PMC6521366 via NCBI, read 2026-09-28 (recall check)"
E141,32860338,10.1002/acn3.51146,Ravanidis S,2020,Ann Clin Transl Neurol,PD,idiopathic PD vs healthy controls (pooled two studies),case_vs_healthy_control,plasma,multi_miRNA_panel,miR-7-5p + miR-136-3p + miR-409-3p (age and sex taken into account),single,208,193,0.736,,,0.72,0.67,RT-qPCR + logistic regression,no,Panel model includes age and sex covariates (not miRNAs alone) and ROC is on data pooled with a previous study; panel chosen by stepwise removal in the same data.,"Added in the third pass (recall check). n (193 HC, 208 iPD) taken from the Table 2 header for pooled data; the ROC paragraph does not restate n. Methods: 'miRNA selection was based on the stepwise removal approach.' Abstract says 108 iPD, text/table say 109. No single-miRNA AUC reported.","To evaluate the utility of plasma miRNA levels in discriminating subjects with PD from healthy controls, ROC curve analysis was performed after merging the data from both studies. The diagnostic sensitivity and specificity of a three‐miRNA panel (miR‐7‐5p, miR‐136‐3p, miR‐409‐3p), when age and sex are taken into account, were 72% and 67%, respectively, and the AUC was 0.736 (Fig.).","PubMed Central full text PMC7480914 via NCBI, read 2026-09-28 (recall check)"
E142,34315950,10.1038/s41598-021-94734-z,Chen Q,2021,Sci Rep,PD,PD vs healthy controls (validation set),case_vs_healthy_control,plasma,single_miRNA,miR-133b,validation,46,45,0.84,,,0.826,0.889,RT-qPCR (S-Poly(T) Plus),yes,,"Added in the third pass (recall check). n from validation-set description (46 PD, 45 HC). Optimum cut-off chosen where sensitivity+specificity is maximal in the same data.","ROC curve analysis revealed good diagnostic values for miR-133b to differentiate PD from controls (AUC values 0.84, 82.6% sensitivity and 88.9% specificity; Fig.a), whereas the diagnostic values for miR-221-3p were lower (AUC values 0.64, 55.2% sensitivity and 80.0% specificity; Fig.b).","PubMed Central full text PMC8316346 via NCBI, read 2026-09-28 (recall check)"
E143,34315950,10.1038/s41598-021-94734-z,Chen Q,2021,Sci Rep,PD,PD vs healthy controls (validation set),case_vs_healthy_control,plasma,single_miRNA,miR-221-3p,validation,46,45,0.64,,,0.552,0.8,RT-qPCR (S-Poly(T) Plus),yes,,Added in the third pass (recall check).,"ROC curve analysis revealed good diagnostic values for miR-133b to differentiate PD from controls (AUC values 0.84, 82.6% sensitivity and 88.9% specificity; Fig.a), whereas the diagnostic values for miR-221-3p were lower (AUC values 0.64, 55.2% sensitivity and 80.0% specificity; Fig.b).","PubMed Central full text PMC8316346 via NCBI, read 2026-09-28 (recall check)"
E144,34315950,10.1038/s41598-021-94734-z,Chen Q,2021,Sci Rep,PD,PD vs healthy controls (validation set),case_vs_healthy_control,plasma,multi_miRNA_panel,miR-133b + miR-221-3p,validation,46,45,0.85,,,0.848,0.889,RT-qPCR + logistic regression,yes,,Added in the third pass (recall check). Combination was fitted and evaluated in the same validation participants (markers themselves selected in earlier sets).,Combining miR-133b with miR-221-3p increased the AUC values to 0.85 (84.8% sensitivity and 88.9% specificity; Fig.c).,"PubMed Central full text PMC8316346 via NCBI, read 2026-09-28 (recall check)"
E145,34315950,10.1038/s41598-021-94734-z,Chen Q,2021,Sci Rep,PD,PD vs healthy controls (duplication set),case_vs_healthy_control,plasma,single_miRNA,miR-221-3p,training,27,15,0.8,,,0.741,0.867,RT-qPCR (S-Poly(T) Plus),yes,,"Added in the third pass (recall check). Duplication set: the 3 miRNAs were chosen here because significant, then ROC computed in the same 27 PD/15 HC, hence labelled training; the 7 candidates themselves came from a separate screening set. Overlaps with the validation-set rows only in design, not participants (described as new set).","The area under the curve (AUC) value for miR-221-3p was 0.80, with 74.1% sensitivity and 86.7% specificity (Fig.a). The AUC value for miR-133b and miR-320a was 0.74 with 77.8% and 66.7% sensitivity and 66.7% and 86.7% specificity, respectively (Fig.b,c). Combining these three miRNAs increased the AUC value to 0.82. They sensitivity was 81.5%, and the specificity was 86.7% (Fig.d).","PubMed Central full text PMC8316346 via NCBI, read 2026-09-28 (recall check)"
E146,34315950,10.1038/s41598-021-94734-z,Chen Q,2021,Sci Rep,PD,PD vs healthy controls (duplication set),case_vs_healthy_control,plasma,single_miRNA,miR-133b,training,27,15,0.74,,,0.778,0.667,RT-qPCR (S-Poly(T) Plus),yes,,"Added in the third pass (recall check). Order of sensitivity/specificity pairs follows the sentence (miR-133b first, miR-320a second).","The AUC value for miR-133b and miR-320a was 0.74 with 77.8% and 66.7% sensitivity and 66.7% and 86.7% specificity, respectively (Fig.b,c).","PubMed Central full text PMC8316346 via NCBI, read 2026-09-28 (recall check)"
E147,34315950,10.1038/s41598-021-94734-z,Chen Q,2021,Sci Rep,PD,PD vs healthy controls (duplication set),case_vs_healthy_control,plasma,single_miRNA,miR-320a,training,27,15,0.74,,,0.667,0.867,RT-qPCR (S-Poly(T) Plus),yes,,Added in the third pass (recall check). Not replicated in validation set: 'There was no significant difference in miR-320a expression between PD and controls (= 0.058)'.,"The AUC value for miR-133b and miR-320a was 0.74 with 77.8% and 66.7% sensitivity and 66.7% and 86.7% specificity, respectively (Fig.b,c).","PubMed Central full text PMC8316346 via NCBI, read 2026-09-28 (recall check)"
E148,34315950,10.1038/s41598-021-94734-z,Chen Q,2021,Sci Rep,PD,PD vs healthy controls (duplication set),case_vs_healthy_control,plasma,multi_miRNA_panel,miR-133b + miR-221-3p + miR-320a,training,27,15,0.82,,,0.815,0.867,RT-qPCR + logistic regression,yes,,Added in the third pass (recall check).,"Combining these three miRNAs increased the AUC value to 0.82. They sensitivity was 81.5%, and the specificity was 86.7% (Fig.d).","PubMed Central full text PMC8316346 via NCBI, read 2026-09-28 (recall check)"
E149,34315950,10.1038/s41598-021-94734-z,Chen Q,2021,Sci Rep,PD,early-stage PD (H-Y 1-2.5) vs healthy controls (duplication set),case_vs_healthy_control,plasma,single_miRNA,miR-133b,training,18,15,0.68,,,0.667,0.667,RT-qPCR (S-Poly(T) Plus),no,"Early-stage subgroup of PD patients already counted in the all-PD vs HC contrast (avoid double counting); staging subgroup, reviewer may overrule.",Added in the third pass (recall check). Early PD = modified H-Y 1-2.5.,"For early PD diagnosis, the AUC values for miR-133b and miR-221-3p were 0.68 and 0.75, respectively. The sensitivity and specificity of miR-133b were both 66.7%, and those of miR-221-3p were 72.2% and 86.7%, respectively (Fig.c,d).","PubMed Central full text PMC8316346 via NCBI, read 2026-09-28 (recall check)"
E150,34315950,10.1038/s41598-021-94734-z,Chen Q,2021,Sci Rep,PD,early-stage PD (H-Y 1-2.5) vs healthy controls (duplication set),case_vs_healthy_control,plasma,single_miRNA,miR-221-3p,training,18,15,0.75,,,0.722,0.867,RT-qPCR (S-Poly(T) Plus),no,Early-stage subgroup of PD patients already counted in the all-PD vs HC contrast (avoid double counting).,Added in the third pass (recall check).,"For early PD diagnosis, the AUC values for miR-133b and miR-221-3p were 0.68 and 0.75, respectively. The sensitivity and specificity of miR-133b were both 66.7%, and those of miR-221-3p were 72.2% and 86.7%, respectively (Fig.c,d).","PubMed Central full text PMC8316346 via NCBI, read 2026-09-28 (recall check)"
E151,34315950,10.1038/s41598-021-94734-z,Chen Q,2021,Sci Rep,PD,early-stage PD (H-Y 1-2.5) vs healthy controls (duplication set),case_vs_healthy_control,plasma,multi_miRNA_panel,miR-133b + miR-221-3p,training,18,15,0.75,,,0.778,0.8,RT-qPCR + logistic regression,no,Early-stage subgroup of PD patients already counted in the all-PD vs HC contrast (avoid double counting).,Added in the third pass (recall check).,"The combination of miR-133b and miR-221-3p did not change the AUC value (0.75) and the sensitivity was 77.8%%, and the specificity was 80.0% (Fig.e).","PubMed Central full text PMC8316346 via NCBI, read 2026-09-28 (recall check)"
E152,34315950,10.1038/s41598-021-94734-z,Chen Q,2021,Sci Rep,PD,early-stage PD (H-Y 1-2.5) vs healthy controls (validation set),case_vs_healthy_control,plasma,single_miRNA,miR-133b,validation,18,45,0.9,,,0.944,0.911,RT-qPCR (S-Poly(T) Plus),no,Early-stage subgroup of PD patients already counted in the all-PD vs HC contrast (avoid double counting); reviewer may overrule.,Added in the third pass (recall check). Headline result of the paper (abstract: 94.4% sensitivity and 91.1% specificity).,"For early PD diagnosis, the AUC values for miR-133b and miR-221-3p were 0.90 and 0.67, respectively. The sensitivity and specificity of miR-133b were 94.4% and 91.1%, respectively, and those of miR-221-3p were 55.6% and 80%, respectively (Fig.c,d).","PubMed Central full text PMC8316346 via NCBI, read 2026-09-28 (recall check)"
E153,34315950,10.1038/s41598-021-94734-z,Chen Q,2021,Sci Rep,PD,early-stage PD (H-Y 1-2.5) vs healthy controls (validation set),case_vs_healthy_control,plasma,single_miRNA,miR-221-3p,validation,18,45,0.67,,,0.556,0.8,RT-qPCR (S-Poly(T) Plus),no,Early-stage subgroup of PD patients already counted in the all-PD vs HC contrast (avoid double counting).,Added in the third pass (recall check).,"For early PD diagnosis, the AUC values for miR-133b and miR-221-3p were 0.90 and 0.67, respectively. The sensitivity and specificity of miR-133b were 94.4% and 91.1%, respectively, and those of miR-221-3p were 55.6% and 80%, respectively (Fig.c,d).","PubMed Central full text PMC8316346 via NCBI, read 2026-09-28 (recall check)"
E154,34315950,10.1038/s41598-021-94734-z,Chen Q,2021,Sci Rep,PD,early-stage PD (H-Y 1-2.5) vs healthy controls (validation set),case_vs_healthy_control,plasma,multi_miRNA_panel,miR-133b + miR-221-3p,validation,18,45,0.9,,,0.944,0.911,RT-qPCR + logistic regression,no,Early-stage subgroup of PD patients already counted in the all-PD vs HC contrast (avoid double counting).,Added in the third pass (recall check).,"The combination of miR-133b and miR-221-3p did not change the diagnostic value (AUC value 0.90, 94.4% sensitivity and 91.1% specificity, Fig.e).","PubMed Central full text PMC8316346 via NCBI, read 2026-09-28 (recall check)"
E155,34315950,10.1038/s41598-021-94734-z,Chen Q,2021,Sci Rep,PD,MSA vs healthy controls (validation set),case_vs_healthy_control,plasma,single_miRNA,miR-133b,validation,21,45,0.88,,,0.857,0.844,RT-qPCR (S-Poly(T) Plus),no,"Cases are multiple system atrophy, not AD or PD.","Added in the third pass (recall check). n from validation-set description (21 MSA, 45 HC).","Interestingly, ROC curve analysis of miR-133b also showed good diagnostic value to distinguish MSA from controls (AUC values 0.88, 85.7% sensitivity and 84.4% specificity; Fig.d).","PubMed Central full text PMC8316346 via NCBI, read 2026-09-28 (recall check)"
E156,34315950,10.1038/s41598-021-94734-z,Chen Q,2021,Sci Rep,PD,PD vs MSA (validation set),differential_diagnosis,plasma,single_miRNA,miR-4454,validation,46,21,0.72,,,0.571,0.826,RT-qPCR (S-Poly(T) Plus),no,"Differential diagnosis (comparator is MSA, not healthy controls).","Added in the third pass (recall check). The abstract mentions a combination of miR-133b, miR-221-3p and miR-4454 but no AUC for that triple combination is stated in the text.",The AUC value for miR-4454 to distinguish PD from MSA was 0.72with 57.1% sensitivity and 82.6% specificity (Fig.e).,"PubMed Central full text PMC8316346 via NCBI, read 2026-09-28 (recall check)"
E157,41620770,10.1186/s13195-026-01977-x,Paz S,2026,Alzheimers Res Ther,AD,AD vs healthy controls,case_vs_healthy_control,blood,non_miRNA_marker,"4-mRNA panel (ADAMTSL4, PML, TNRC18, ZYX)",single,50,50,,,,,0.96,RT-qPCR,no,"Index test is an mRNA panel, not microRNAs.",Added in the third pass (recall check). Whole-blood PAXgene. AUC for the 4-mRNA panel is given only as approximately 0.8 ('the area under the receiver operating characteristic (ROC) curve ... was approximately 0.8'); sensitivity not stated in text. Specificity 96% is for ADps threshold >1.5. Markers were selected from the same 50 AD/50 HC discovery data.,"The four-biomarker panel and the combination ADAMTSL4, PML, ZYX yielded the highest specificity and sensitivity (Fig.E), with an extremely high specificity (96%), a positive predictive value (PPV) of 92% and a negative predictive value (NPV) of 67% when an ADps threshold of > 1.5 was applied (Fig.F).","PubMed Central full text PMC12954934 via NCBI, read 2026-09-28 (recall check)"
E158,41620770,10.1186/s13195-026-01977-x,Paz S,2026,Alzheimers Res Ther,AD,AD vs healthy controls,case_vs_healthy_control,blood,non_miRNA_marker,"3-mRNA panel (TNRC18, PML, ZYX)",single,50,50,0.715,,,,,RT-qPCR,no,"Index test is an mRNA panel, not microRNAs.",Added in the third pass (recall check). Other combinations only reported as AUC > 0.790 (no exact value in text).,"The area under the ROC curve (AUC) was similar for most biomarker combinations utilized in the analysis, except for the panel composed of TNRC18, PML and ZYX, which displayed a lower AUC when compared with the other biomarker combinations (AUC = 0.715 vs. AUC > 0.790) (Fig.D).","PubMed Central full text PMC12954934 via NCBI, read 2026-09-28 (recall check)"
E159,,10.1371/journal.pone.0333801#PD,Novobilský R,2025,PLoS One,PD,"healthy controls vs all patients with neurodegenerative processes (mixed AD, non-AD dementia, movement disorders, dementia+movement disorder)",case_vs_healthy_control,serum,single_miRNA,hsa-miR-29c-3p,single,,,0.8,0.582,0.936,0.597,0.692,TT-qPCR (SYBR),no,"Case group is a mixed neurodegenerative group (AD plus other dementias and movement disorders), not AD or PD alone.","Added in the third pass (recall check). PD rows of this two-disease paper carry pmid blank and the DOI with the suffix #PD, so that each disease is analysed as its own study (real PMID 41071767). n for this ROC not stated (study n=126 overall; healthy controls n=21; Table 3 shows miR-29c-3p available for 13 controls). AUC 0.800, SE 0.0927, 95% CI 0.582 to 0.936 from Table 6. Serum matrix confirmed by isolation from 1 ml serum. Same section reports serum/CSF NfL and CSF tau ROC (non-miRNA, not recorded).","Six biomarkers (serum NfL, CSF NfL, hsa-mir-29c-3p, CSF Aβ 1–42, CSF p-tau, CSF t-tau) demonstrated the capacity to predict neurodegenerative processes with adequate diagnostic efficacy (AUC > 0.8,,). ROC analysis demonstrated that the optimal cut-off value for the selection of biomarkers for the identification of patients is 16.9 ng/L for serum NfL, with 73.1% sensitivity and 92.3% specificity, and 777 ng/L for CSF NfL, with 74.6% sensitivity and 75.0% specificity, 0.0038 for hsa-miR-29c-3p with 59.7% sensitivity and 69.2% specificity","PubMed Central full text PMC12513651 via NCBI, read 2026-09-28 (recall check)"
E160,,10.1371/journal.pone.0333801#PD,Novobilský R,2025,PLoS One,PD,"healthy controls vs all patients with neurodegenerative processes, combined marker",case_vs_healthy_control,serum,non_miRNA_marker,hsa-miR-29c-3p + serum NfL + CSF NfL + CSF Aβ 1-42 + CSF t-tau + CSF p-tau,single,,,0.917,,,,,TT-qPCR + ELISA,no,"miRNA combined with protein biomarkers and CSF markers, and mixed neurodegenerative case group.","Added in the third pass (recall check). PD rows of this two-disease paper carry pmid blank and the DOI with the suffix #PD, so that each disease is analysed as its own study (real PMID 41071767).","Concurrently, the integration of conventional biomarkers (serum NfL, CSF NfL, CSF Aβ 1–42, CSF t-tau, and CSF p-tau) with hsa-miR-29c-3p enhanced the overall diagnostic efficacy, attaining an area under the curve (AUC) of 0.917.","PubMed Central full text PMC12513651 via NCBI, read 2026-09-28 (recall check)"
E161,40184025,10.1007/s12035-025-04890-w,Ravanidis S,2025,Mol Neurobiol,PD,idiopathic PD vs healthy controls,case_vs_healthy_control,plasma,multi_miRNA_panel,miR-153-3p + miR-598-3p,single,25,25,0.73,,,,,RT-qPCR + stepwise logistic regression,yes,,"Added in the third pass (recall check). Discussion gives AUC = 0.734. n are the enrolled group sizes (25 iPD, 25 HC); about 15% of plasma samples were discarded for haemolysis so analysed n may be lower. Methods: 'When no significant differences were found, a less stringent p-value (< 0.2) was used while adjusting for sex and age' - unclear whether sex/age entered this panel model; no sensitivity/specificity stated.","For distinguishing iPD patients from healthy controls, a two-miRNA panel (miR-153-3p, miR-598-3p) yielded an AUC of 0.73 (Fig.A).","PubMed Central full text PMC12289787 via NCBI, read 2026-09-28 (recall check)"
E162,40184025,10.1007/s12035-025-04890-w,Ravanidis S,2025,Mol Neurobiol,PD,MSA-C vs healthy controls,case_vs_healthy_control,plasma,multi_miRNA_panel,miR-154-5p + miR-409-3p + miR-411-5p,single,13,25,0.88,,,,,RT-qPCR + stepwise logistic regression,no,"Cases are MSA-C, not AD or PD.",Added in the third pass (recall check). n are enrolled group sizes.,"For identifying MSA-C, a three-miRNA panel (miR-154-5p, miR-409-3p, and miR-411-5p) achieved an AUC of 0.88, while a four-miRNA panel (miR-136-3p, miR-154-5p, miR-329-5p, and miR-487b-3p) yielded an AUC of 0.91 for MSA-P detection (Fig.B, C).","PubMed Central full text PMC12289787 via NCBI, read 2026-09-28 (recall check)"
E163,40184025,10.1007/s12035-025-04890-w,Ravanidis S,2025,Mol Neurobiol,PD,MSA-P vs healthy controls,case_vs_healthy_control,plasma,multi_miRNA_panel,miR-136-3p + miR-154-5p + miR-329-5p + miR-487b-3p,single,12,25,0.91,,,,,RT-qPCR + stepwise logistic regression,no,"Cases are MSA-P, not AD or PD.",Added in the third pass (recall check). n are enrolled group sizes.,"For identifying MSA-C, a three-miRNA panel (miR-154-5p, miR-409-3p, and miR-411-5p) achieved an AUC of 0.88, while a four-miRNA panel (miR-136-3p, miR-154-5p, miR-329-5p, and miR-487b-3p) yielded an AUC of 0.91 for MSA-P detection (Fig.B, C).","PubMed Central full text PMC12289787 via NCBI, read 2026-09-28 (recall check)"
E164,40184025,10.1007/s12035-025-04890-w,Ravanidis S,2025,Mol Neurobiol,PD,PSP vs healthy controls,case_vs_healthy_control,plasma,multi_miRNA_panel,miR-22-3p + miR-382-5p + miR-654-3p,single,11,25,0.88,,,,,RT-qPCR + stepwise logistic regression,no,"Cases are PSP, not AD or PD.",Added in the third pass (recall check). n are enrolled group sizes.,"For PSP, miR-22-3p, miR-382-5p, and miR-654-3p provided an AUC of 0.88 compared to controls (Fig.D).","PubMed Central full text PMC12289787 via NCBI, read 2026-09-28 (recall check)"
E165,40184025,10.1007/s12035-025-04890-w,Ravanidis S,2025,Mol Neurobiol,PD,iPD vs MSA-C,differential_diagnosis,plasma,multi_miRNA_panel,miR-154-5p + miR-409-3p,single,,,0.93,,,,,RT-qPCR + stepwise logistic regression,no,"Differential diagnosis (comparator is MSA-C, not healthy controls).",Added in the third pass (recall check).,"For differential diagnosis among parkinsonian syndromes, miR-154-5p and miR-409-3p distinguished iPD from MSA-C with an AUC of 0.93, and miR-153-3p and miR-154-5p discriminated iPD from MSA-P with an AUC of 0.95 (Fig.E, F).","PubMed Central full text PMC12289787 via NCBI, read 2026-09-28 (recall check)"
E166,40184025,10.1007/s12035-025-04890-w,Ravanidis S,2025,Mol Neurobiol,PD,iPD vs MSA-P,differential_diagnosis,plasma,multi_miRNA_panel,miR-153-3p + miR-154-5p,single,,,0.95,,,,,RT-qPCR + stepwise logistic regression,no,"Differential diagnosis (comparator is MSA-P, not healthy controls).",Added in the third pass (recall check).,"For differential diagnosis among parkinsonian syndromes, miR-154-5p and miR-409-3p distinguished iPD from MSA-C with an AUC of 0.93, and miR-153-3p and miR-154-5p discriminated iPD from MSA-P with an AUC of 0.95 (Fig.E, F).","PubMed Central full text PMC12289787 via NCBI, read 2026-09-28 (recall check)"
E167,40184025,10.1007/s12035-025-04890-w,Ravanidis S,2025,Mol Neurobiol,PD,PSP vs iPD,differential_diagnosis,plasma,single_miRNA,miR-410-3p,single,,,0.76,,,,,RT-qPCR,no,Differential diagnosis (PSP vs iPD).,Added in the third pass (recall check).,"MiR-410-3p alone distinguished between PSP from iPD with an AUC of 0.76, while miR-330-3p and miR-410-3p differentiated MSA-C from MSA-P with an AUC of 0.76 (Fig.G, H).","PubMed Central full text PMC12289787 via NCBI, read 2026-09-28 (recall check)"
E168,40184025,10.1007/s12035-025-04890-w,Ravanidis S,2025,Mol Neurobiol,PD,MSA-C vs MSA-P,differential_diagnosis,plasma,multi_miRNA_panel,miR-330-3p + miR-410-3p,single,,,0.76,,,,,RT-qPCR + stepwise logistic regression,no,Differential diagnosis within atypical parkinsonism (MSA-C vs MSA-P).,Added in the third pass (recall check).,"MiR-410-3p alone distinguished between PSP from iPD with an AUC of 0.76, while miR-330-3p and miR-410-3p differentiated MSA-C from MSA-P with an AUC of 0.76 (Fig.G, H).","PubMed Central full text PMC12289787 via NCBI, read 2026-09-28 (recall check)"
E169,40184025,10.1007/s12035-025-04890-w,Ravanidis S,2025,Mol Neurobiol,PD,MSA-C vs PSP,differential_diagnosis,plasma,multi_miRNA_panel,miR-411-5p + miR-487b-3p,single,,,0.83,,,,,RT-qPCR + stepwise logistic regression,no,Differential diagnosis within atypical parkinsonism.,Added in the third pass (recall check).,"miR-411-5p and miR-487b-3p distinguished MSA-C from PSP with an AUC of 0.83, while miR-153-3p and miR-329-5p discriminated MSA-P from PSP with an AUC of 0.86 (Fig.I, J).","PubMed Central full text PMC12289787 via NCBI, read 2026-09-28 (recall check)"
E170,40184025,10.1007/s12035-025-04890-w,Ravanidis S,2025,Mol Neurobiol,PD,MSA-P vs PSP,differential_diagnosis,plasma,multi_miRNA_panel,miR-153-3p + miR-329-5p,single,,,0.86,,,,,RT-qPCR + stepwise logistic regression,no,Differential diagnosis within atypical parkinsonism.,Added in the third pass (recall check).,"miR-411-5p and miR-487b-3p distinguished MSA-C from PSP with an AUC of 0.83, while miR-153-3p and miR-329-5p discriminated MSA-P from PSP with an AUC of 0.86 (Fig.I, J).","PubMed Central full text PMC12289787 via NCBI, read 2026-09-28 (recall check)"
E171,31420923,10.1002/jcla.23006,Wang J,2019,Journal of Clinical Laboratory Analysis,AD,AD vs healthy controls,case_vs_healthy_control,plasma,single_miRNA,miR-103,single,120,120,0.891,0.85,0.931,0.8,0.842,RT-qPCR,yes,,"Added in the third pass (recall check). n from Table 1 / Methods (120 AD, 120 healthy controls); sensitivity and specificity at 'best cutoff point' chosen from the same data.","The following ROC curve analyses displayed that miR‐103 presented great value in distinguishing AD patients from healthy controls with AUC of 0.891 (95% CI: 0.850‐0.931); the sensitivity and specificity were 80.0% and 84.2%, respectively, at the best cutoff point (miR‐103 = .601) (FigureB).","PubMed Central full text PMC6977154 via NCBI, read 2026-09-28 (recall check)"
E172,31420923,10.1002/jcla.23006,Wang J,2019,Journal of Clinical Laboratory Analysis,AD,AD vs healthy controls,case_vs_healthy_control,plasma,single_miRNA,miR-107,single,120,120,0.739,0.677,0.801,0.775,0.592,RT-qPCR,yes,,Added in the third pass (recall check). n from Table 1 / Methods; cut-off chosen from the same data.,"The following ROC curve analyses displayed that miR‐107 presented good value in distinguishing AD patients from healthy controls with AUC of 0.739 (95% CI: 0.677‐0.801); the sensitivity and specificity were 77.5% and 59.2%, respectively, at the best cutoff point (miR‐107 = 0.842) (FigureB).","PubMed Central full text PMC6977154 via NCBI, read 2026-09-28 (recall check)"
E173,31420923,10.1002/jcla.23006,Wang J,2019,Journal of Clinical Laboratory Analysis,AD,AD vs PD (disease control),differential_diagnosis,plasma,single_miRNA,miR-103,single,120,120,0.755,0.694,0.815,0.867,0.55,RT-qPCR,no,"Comparator is PD patients (other disease), not healthy controls.",Added in the third pass (recall check).,"miR‐103 also had relatively good value in differentiating AD patients from PD patients with AUC of 0.755 (95% CI: 0.694‐0.815); sensitively and specificity were 86.7% and 55.0%, respectively, at the best cutoff value (miR‐103 = .734) (FigureC).","PubMed Central full text PMC6977154 via NCBI, read 2026-09-28 (recall check)"
E174,31420923,10.1002/jcla.23006,Wang J,2019,Journal of Clinical Laboratory Analysis,AD,AD vs PD (disease control),differential_diagnosis,plasma,single_miRNA,miR-107,single,120,120,0.547,0.474,0.62,,,RT-qPCR,no,"Comparator is PD patients (other disease), not healthy controls.",Added in the third pass (recall check). No sensitivity/specificity stated for this contrast.,"However, the value of miR‐107 for differentiating AD patients from PD patients was poor with AUC being 0.547 (95% CI: 0.474‐0.620) (FigureC).","PubMed Central full text PMC6977154 via NCBI, read 2026-09-28 (recall check)"
E175,35141392,10.1002/dad2.12251,Guévremont D,2022,"Alzheimer's & Dementia: Diagnosis, Assessment & Disease Monitoring",AD,AD vs cognitively normal controls (pooled Otago-AD and AIBL cohorts),case_vs_healthy_control,plasma,multi_miRNA_panel,"6-miRNA panel (miR-27a-3p, miR-27b-3p, miR-122-5p, miR-193b-3p, miR-324-5p, miR-885-5p)",single,,,0.817,,,,,RT-qPCR (TaqMan microfluidics arrays) + logistic regression,yes,,"Added in the third pass (recall check). n for this ROC is not stated. Table 1: Otago-AD 44 AD / 49 CN; AIBL 21 AD / 20 CN; Figure 2 legend gives pooled AD n = 63. Whether the ROC used the pooled cohorts is inferred from the meta-analysis design, not stated, so n left empty. Panel selected from consensus ranking that included AUC, evaluated in same participants (optimistic). No CI, sensitivity or specificity in text.","Derived AUCs were CN‐Aβ+: 0.857 (miR‐29c‐3p and miR‐335‐5p); MCI: 0.823 (miR‐142‐3p, miR‐324‐5p, miR‐195b‐5p, miR‐148a‐3p); and AD: 0.817 (miR‐27a‐3p, miR‐27b‐3p, miR‐122‐5p, miR‐193b‐3p, miR‐324‐5p and miR‐885‐5p).","PubMed Central full text PMC8817674 via NCBI, read 2026-09-28 (recall check)"
E176,35141392,10.1002/dad2.12251,Guévremont D,2022,"Alzheimer's & Dementia: Diagnosis, Assessment & Disease Monitoring",AD,Cognitively normal amyloid-positive vs cognitively normal controls,prodromal_vs_control,plasma,multi_miRNA_panel,"2-miRNA panel (miR-29c-3p, miR-335-5p)",single,,,0.857,,,,,RT-qPCR (TaqMan microfluidics arrays) + logistic regression,no,"Preclinical amyloid-positive cognitively normal group, not AD dementia.",Added in the third pass (recall check). AIBL CN-Aβ+ n=21 vs CN n=20 per Table 1 (not stated for the ROC).,"Derived AUCs were CN‐Aβ+: 0.857 (miR‐29c‐3p and miR‐335‐5p); MCI: 0.823 (miR‐142‐3p, miR‐324‐5p, miR‐195b‐5p, miR‐148a‐3p); and AD: 0.817 (miR‐27a‐3p, miR‐27b‐3p, miR‐122‐5p, miR‐193b‐3p, miR‐324‐5p and miR‐885‐5p).","PubMed Central full text PMC8817674 via NCBI, read 2026-09-28 (recall check)"
E177,35141392,10.1002/dad2.12251,Guévremont D,2022,"Alzheimer's & Dementia: Diagnosis, Assessment & Disease Monitoring",AD,MCI vs cognitively normal controls,prodromal_vs_control,plasma,multi_miRNA_panel,"4-miRNA panel (miR-142-3p, miR-324-5p, miR-195b-5p, miR-148a-3p)",single,,,0.823,,,,,RT-qPCR (TaqMan microfluidics arrays) + logistic regression,no,"MCI group, not AD dementia.",Added in the third pass (recall check).,"Derived AUCs were CN‐Aβ+: 0.857 (miR‐29c‐3p and miR‐335‐5p); MCI: 0.823 (miR‐142‐3p, miR‐324‐5p, miR‐195b‐5p, miR‐148a‐3p); and AD: 0.817 (miR‐27a‐3p, miR‐27b‐3p, miR‐122‐5p, miR‐193b‐3p, miR‐324‐5p and miR‐885‐5p).","PubMed Central full text PMC8817674 via NCBI, read 2026-09-28 (recall check)"
E178,42643339,10.3389/fnagi.2026.1788991,Sandau US,2026,Frontiers in Aging Neuroscience,AD,AD vs cognitively normal controls (ADNI 2),case_vs_healthy_control,plasma,multi_miRNA_panel,ratio miR-23a-3p / miR-423-5p (top-2 ratio),cross-validated,87,82,0.75,0.66,0.82,,,RT-qPCR (TaqMan Advanced miRNA custom cards) + regression classifier,yes,,"Added in the third pass (recall check). cvAUC (7-fold) with bootstrap bias-corrected 95% CI; n from Table 1 (AD 87, NC 82). Ratio was proposed in the authors' prior study (a priori here). Unadjusted single-predictor logistic regression per Figure 4 legend. No sensitivity/specificity stated. Age and sex not balanced between groups (PD group younger).","Here we recapitulated the performance of the top-2 miRNA classifier for AD vs. NC (cvAUC = 0.75 [0.66, 0.82];), just as we saw in our prior study (). But interestingly, the top-2 miRNA classifier showed even larger signal for both PD (cvAUC = 0.86 [0.79, 0.92]) and DLB (cvAUC = 0.88 [0.76, 0.97]) vs. NC ().","PubMed Central full text PMC13503333 via NCBI, read 2026-09-28 (recall check)"
E179,,10.3389/fnagi.2026.1788991#PD,Sandau US,2026,Frontiers in Aging Neuroscience,PD,PD vs cognitively normal controls,case_vs_healthy_control,plasma,multi_miRNA_panel,ratio miR-23a-3p / miR-423-5p (top-2 ratio),cross-validated,100,82,0.86,0.79,0.92,,,RT-qPCR (TaqMan Advanced miRNA custom cards) + regression classifier,yes,,"Added in the third pass (recall check). PD rows of this two-disease paper carry pmid blank and the DOI with the suffix #PD, so that each disease is analysed as its own study (real PMID 42643339). n from Table 1 (PD 100, NC 82). PD group includes 49 PD-MCI, 12 PDD and 39 PD-NCI, so some PD have cognitive impairment; PD younger than NC (67.6 vs 73.8 y), and cvAUC for the ratio is unadjusted so age may confound. Model was built for AD, evaluated here for PD.","Here we recapitulated the performance of the top-2 miRNA classifier for AD vs. NC (cvAUC = 0.75 [0.66, 0.82];), just as we saw in our prior study (). But interestingly, the top-2 miRNA classifier showed even larger signal for both PD (cvAUC = 0.86 [0.79, 0.92]) and DLB (cvAUC = 0.88 [0.76, 0.97]) vs. NC ().","PubMed Central full text PMC13503333 via NCBI, read 2026-09-28 (recall check)"
E180,42643339,10.3389/fnagi.2026.1788991,Sandau US,2026,Frontiers in Aging Neuroscience,AD,AD vs NC,case_vs_healthy_control,plasma,multi_miRNA_panel,"10 AD-specific miRNAs (ridge logistic regression, adjusted for age and sex)",cross-validated,87,82,0.75,0.66,0.82,,,RT-qPCR (TaqMan Advanced miRNA custom cards) + regression classifier,no,Model adjusted for age and sex (non-miRNA covariates) and the 10 miRNAs were selected using AD-specificity scores computed from all groups in the same data.,Added in the third pass (recall check). Figure 4 legend: 'ridge logistic regression model for AD vs. {NC + PD + DLB} (pooled) comprising only the 10 miRNAs identified as AD-specific according to our score cutoff and adjusted for age and sex.',"As expected, this AD-specific miRNA classifier achieved good separation of AD from NC (cvAUC = 0.75 [0.66, 0.82]) and almost no separation of either PD (cvAUC = 0.55 [0.46, 0.62]) or DLB (cvAUC = 0.45 [0.35, 0.54]) from NC ().","PubMed Central full text PMC13503333 via NCBI, read 2026-09-28 (recall check)"
E181,42643339,10.3389/fnagi.2026.1788991,Sandau US,2026,Frontiers in Aging Neuroscience,AD,AD vs PD,differential_diagnosis,plasma,multi_miRNA_panel,"10 AD-specific miRNAs (ridge logistic regression, adjusted for age and sex)",cross-validated,87,100,0.79,0.71,0.85,,,RT-qPCR (TaqMan Advanced miRNA custom cards) + regression classifier,no,"Differential diagnosis (comparator PD), and covariate-adjusted model.","Added in the third pass (recall check). Same source sentence also gives AD vs PD+DLB cvAUC 0.77 [0.70, 0.83] and AD vs DLB 0.58 [0.43, 0.79].","In line with this, the AD-specific miRNA classifier had good performance for separating AD vs. PD and DLB (cvAUC = 0.77 [0.70, 0.83]) and AD vs. PD (cvAUC = 0.79 [0.71, 0.85]), but not as much for AD vs. DLB (cvAUC = 0.58 [0.43, 0.79])","PubMed Central full text PMC13503333 via NCBI, read 2026-09-28 (recall check)"
E182,42643339,10.3389/fnagi.2026.1788991,Sandau US,2026,Frontiers in Aging Neuroscience,AD,AD vs healthy controls,case_vs_healthy_control,plasma,multi_miRNA_panel,57-miRNA elastic-net model (adjusted for age and sex),cross-validated,87,82,0.78,0.69,0.84,,,RT-qPCR (TaqMan Advanced miRNA custom cards) + regression classifier,no,Model trained for AD vs PD+DLB and adjusted for age and sex; 57-marker panel with markers pre-selected from the authors' prior work.,"Added in the third pass (recall check). Same sentence: PD vs NC cvAUC 0.83 [0.76, 0.88]; DLB vs NC 0.81 [0.69, 0.89].","The ENR models incorporating all 57 miRNAs achieved roughly equal separation of NC (green) from AD (orange, cvAUC = 0.78 [0.69, 0.84]), PD (pink, cvAUC = 0.83 [0.76, 0.88]), and DLB (blue, cvAUC = 0.81 [0.69, 0.89];).","PubMed Central full text PMC13503333 via NCBI, read 2026-09-28 (recall check)"
E183,,10.3389/fnagi.2026.1788991#PD,Sandau US,2026,Frontiers in Aging Neuroscience,PD,PD vs healthy controls,case_vs_healthy_control,plasma,multi_miRNA_panel,57-miRNA elastic-net model (adjusted for age and sex),cross-validated,100,82,0.83,0.76,0.88,,,RT-qPCR (TaqMan Advanced miRNA custom cards) + regression classifier,no,Model trained for AD vs PD+DLB and adjusted for age and sex; 57-marker panel.,"Added in the third pass (recall check). PD rows of this two-disease paper carry pmid blank and the DOI with the suffix #PD, so that each disease is analysed as its own study (real PMID 42643339).","The ENR models incorporating all 57 miRNAs achieved roughly equal separation of NC (green) from AD (orange, cvAUC = 0.78 [0.69, 0.84]), PD (pink, cvAUC = 0.83 [0.76, 0.88]), and DLB (blue, cvAUC = 0.81 [0.69, 0.89];).","PubMed Central full text PMC13503333 via NCBI, read 2026-09-28 (recall check)"
E184,42643339,10.3389/fnagi.2026.1788991,Sandau US,2026,Frontiers in Aging Neuroscience,AD,AD vs PD,differential_diagnosis,plasma,multi_miRNA_panel,57-miRNA elastic-net model (adjusted for age and sex),cross-validated,87,100,0.8,0.72,0.86,,,RT-qPCR (TaqMan Advanced miRNA custom cards) + regression classifier,no,"Differential diagnosis (comparator PD), covariate-adjusted 57-miRNA model.","Added in the third pass (recall check). Same sentence: AD vs DLB 0.77 [0.64, 0.87]; AD vs PD+DLB 0.78 [0.71, 0.83].","In line with this, the classification performance of the 57-miRNA model showed good separation of AD (orange) from PD (pink, cvAUC = 0.80 [0.72, 0.86]) and DLB (blue, cvAUC = 0.77 [0.64, 0.87]), as well as the pooled group of PD and DLB samples ({PD + DLB} gray, cvAUC = 0.78 [0.71, 0.83])","PubMed Central full text PMC13503333 via NCBI, read 2026-09-28 (recall check)"
E185,42643339,10.3389/fnagi.2026.1788991,Sandau US,2026,Frontiers in Aging Neuroscience,AD,AD vs PD + DLB (pooled),differential_diagnosis,plasma,multi_miRNA_panel,57-miRNA linear discriminant analysis (LD function 1),cross-validated,87,120,0.94,0.87,0.97,,,RT-qPCR (TaqMan Advanced miRNA custom cards) + regression classifier,no,Differential diagnosis vs PD+DLB pooled; not a healthy-control contrast.,"Added in the third pass (recall check). n_controls = PD 100 + DLB 20 from Table 1. Same sentence gives PD vs AD+DLB cvAUC 0.88 [0.80, 0.92] and DLB vs AD+PD 0.85 [0.78, 0.89]; PD-vs-rest is a composite comparator.","The LD functions achieved very good classification of AD vs. PD + DLB (cvAUC = 0.94 [0.87, 0.97]) with only 5 participants (orange circles) being classified to the right of the orange boundary that optimally separates the AD from PD + DLB groups (). Likewise, there was a very good separation of PD from AD+DLB (cvAUC = 0.88 [0.80, 0.92]) and DLB from AD+PD (cvAUC = 0.85 [0.78, 0.89])","PubMed Central full text PMC13503333 via NCBI, read 2026-09-28 (recall check)"
E186,33776746,10.3389/fnagi.2021.647015,Giuliani A,2021,Frontiers in Aging Neuroscience,AD,AD vs healthy controls,case_vs_healthy_control,plasma,single_miRNA,miR-21-5p,single,116,41,0.675,,,0.55,0.707,RT-qPCR (TaqMan),yes,,"Added in the third pass (recall check). AUC printed as '(= 0.675,= 0.001)' (symbols dropped in extraction); no CI given. Control n is 41 in abstract and Table 1 but 40 in Methods text and Figure 1 legend; 41 used. Cut-off is Youden-optimal from same data. Control n is 41 in the abstract and Table 1 but 40 in Methods and the Figure 1 legend.","To evaluate the ability of the selected inflamma-miRs to discriminate between HC and AD patients, we performed ROC curve analysis, unraveling significant AUCs for miR-21-5p (= 0.675,= 0.001) and miR-126-3p (= 0.620,= 0.024;). The optimal relative expression cut-off for miR-21-5p (0.214) was associated with a sensitivity of 55.0%, a specificity of 70.7%, a positive predictive value (PPV) of 84.6%, and a negative predictive value (NPV) of 34.9%.","PubMed Central full text PMC7990771 via NCBI, read 2026-09-28 (recall check)"
E187,33776746,10.3389/fnagi.2021.647015,Giuliani A,2021,Frontiers in Aging Neuroscience,AD,AD vs healthy controls,case_vs_healthy_control,plasma,single_miRNA,miR-126-3p,single,116,41,0.62,,,0.383,0.875,RT-qPCR (TaqMan),yes,,Added in the third pass (recall check). No CI given. Control n 41 vs 40 as above. Control n is 41 in the abstract and Table 1 but 40 in Methods and the Figure 1 legend.,"To evaluate the ability of the selected inflamma-miRs to discriminate between HC and AD patients, we performed ROC curve analysis, unraveling significant AUCs for miR-21-5p (= 0.675,= 0.001) and miR-126-3p (= 0.620,= 0.024;). The optimal relative expression cut-off for miR-21-5p (0.214) was associated with a sensitivity of 55.0%, a specificity of 70.7%, a positive predictive value (PPV) of 84.6%, and a negative predictive value (NPV) of 34.9%. For miR-126-3p, the optimal cut-off (0.653) was associated with a sensitivity of 38.3%, a specificity of 87.5%, a PPV of 90.2%, and a NPV of 32.2%.","PubMed Central full text PMC7990771 via NCBI, read 2026-09-28 (recall check)"
E188,33776746,10.3389/fnagi.2021.647015,Giuliani A,2021,Frontiers in Aging Neuroscience,AD,mild vs severe cognitive impairment within AD cohort (MMSE strata),within_disease,plasma,single_miRNA,miR-126-3p,single,,,0.676,,,0.527,0.39,RT-qPCR (TaqMan),no,"Within-disease severity contrast, not diagnostic vs healthy controls.","Added in the third pass (recall check). Figure 2 legend gives MMSE strata: normal cognition n=50, mild n=52, severe n=55; which groups define this ROC (mild vs severe) is from the Discussion and abstract, n per arm not explicitly stated for the ROC so left empty.","ROC curve analysis revealed a significant AUC only for miR-126-3p (= 0.676,= 0.002;), with an optimal cut-off (0.838) associated with a sensitivity of 52.7%, a specificity of 39.0%, a PPV of 80.6%, and a NPV of 62.9%.","PubMed Central full text PMC7990771 via NCBI, read 2026-09-28 (recall check)"
E189,34018309,10.1111/jcmm.16612,Baghi M,2021,Journal of Cellular and Molecular Medicine,PD,PD vs healthy controls,case_vs_healthy_control,PBMC,single_miRNA,miR-193b,single,20,20,0.7925,0.6434,0.9416,,,RT-qPCR (miRCURY LNA),no,"Sample is isolated PBMCs (cells), not a circulating biofluid or whole blood.","Added in the third pass (recall check). n from Methods/Table 1 (20 PD, 20 controls). No sensitivity or specificity stated in text. miR-193b was higher in PD PBMCs. Candidate chosen from literature, in silico prediction and a public microarray. PD were off anti-parkinsonian medication for at least 12 h.","The ROC curve analyses confirmed the significance of miR‐193b level as a potential biomarker for PD diagnosis, with AUC value of 0.7925 (= .0016, 95% CI: 0.6434‐0.9416, Figure).","PubMed Central full text PMC8366452 via NCBI, read 2026-09-28 (recall check)"
E190,31592314,10.1186/s40035-019-0169-5,Gámez-Valero A,2019,Translational Neurodegeneration,AD,AD vs dementia with Lewy bodies (DLB),differential_diagnosis,plasma_EV,single_miRNA,hsa-miR-451a,single,10,11,,,,,,RT-qPCR,no,"Comparator group is DLB, not healthy controls (differential diagnosis); numeric AUC not stated (only 'over 0.9').","Added in the third pass (recall check). n_cases = 10 AD, n_controls = 11 DLB (comparator), from 'Three groups of samples including 11 DLB patients, 11 age-matched controls and 10 AD patients'. AUC left empty because the text only says 'AUC over 0.9' (abstract says 'AUC values of 0.9'); exact values are in Fig. only. Text says ROC curves were calculated for the AD down-regulated miRNAs but reports no AD-vs-control AUC number. Plasma EVs isolated by size exclusion chromatography; qPCR normalised to spike-ins UniSp4/UniSp6.",A predictive diagnostic value -based on ROC curves- to discriminate between AD and DLB patients rendered high specificity and sensitivity (AUC over 0.9) for the miRNAs hsa-miR-451a and hsa-miR-21-5p (Fig.).,"PubMed Central full text PMC6775659 via NCBI, read 2026-09-28 (recall check)"
E191,31592314,10.1186/s40035-019-0169-5,Gámez-Valero A,2019,Translational Neurodegeneration,AD,AD vs dementia with Lewy bodies (DLB),differential_diagnosis,plasma_EV,single_miRNA,hsa-miR-21-5p,single,10,11,,,,,,RT-qPCR,no,"Comparator group is DLB, not healthy controls (differential diagnosis); numeric AUC not stated (only 'over 0.9').","Added in the third pass (recall check). n_cases = 10 AD, n_controls = 11 DLB (comparator), from 'Three groups of samples including 11 DLB patients, 11 age-matched controls and 10 AD patients'. AUC left empty because the text only says 'AUC over 0.9' (abstract says 'AUC values of 0.9'); exact values are in Fig. only. Text says ROC curves were calculated for the AD down-regulated miRNAs but reports no AD-vs-control AUC number. Plasma EVs isolated by size exclusion chromatography; qPCR normalised to spike-ins UniSp4/UniSp6.",A predictive diagnostic value -based on ROC curves- to discriminate between AD and DLB patients rendered high specificity and sensitivity (AUC over 0.9) for the miRNAs hsa-miR-451a and hsa-miR-21-5p (Fig.).,"PubMed Central full text PMC6775659 via NCBI, read 2026-09-28 (recall check)"
E192,33076555,10.3390/ijms21207644,Barbagallo C,2020,International Journal of Molecular Sciences,AD,AD vs unaffected controls,case_vs_healthy_control,plasma,non_miRNA_marker,TC0400008478,single,37,37,,,,,,RT-qPCR (microarray discovery in 5 vs 5),no,"Index test is an uncharacterised non-coding transcript (lncRNA/intergenic), not a microRNA.","Added in the third pass (recall check). Only a threshold statement (good performance, AUC > 0.8) is in the text; no exact AUC, sensitivity or specificity in the retrieved text (values are in tables/figures not present). n = 37 AD vs 37 controls from the qPCR validation cohort.","Results showed significant curves for GS1-304P7.3, NONHSAT090268, TC0100011037, TC0400008478, and, with a good diagnostic performance for TC0400008478 (AUC > 0.8) and a fair performance (AUC > 0.7) for GS1-304P7.3, NONHSAT090268, and TC0100011037.","PubMed Central full text PMC7588983 via NCBI, read 2026-09-28 (recall check)"
E193,33076555,10.3390/ijms21207644,Barbagallo C,2020,International Journal of Molecular Sciences,AD,AD vs unaffected controls,case_vs_healthy_control,plasma,non_miRNA_marker,GS1-304P7.3,single,37,37,,,,,,RT-qPCR (microarray discovery in 5 vs 5),no,"Index test is an uncharacterised non-coding transcript (lncRNA/intergenic), not a microRNA.","Added in the third pass (recall check). Only a threshold statement (fair performance, AUC > 0.7) is in the text; no exact AUC, sensitivity or specificity in the retrieved text (values are in tables/figures not present). n = 37 AD vs 37 controls from the qPCR validation cohort.","Results showed significant curves for GS1-304P7.3, NONHSAT090268, TC0100011037, TC0400008478, and, with a good diagnostic performance for TC0400008478 (AUC > 0.8) and a fair performance (AUC > 0.7) for GS1-304P7.3, NONHSAT090268, and TC0100011037.","PubMed Central full text PMC7588983 via NCBI, read 2026-09-28 (recall check)"
E194,33076555,10.3390/ijms21207644,Barbagallo C,2020,International Journal of Molecular Sciences,AD,AD vs unaffected controls,case_vs_healthy_control,plasma,non_miRNA_marker,NONHSAT090268,single,37,37,,,,,,RT-qPCR (microarray discovery in 5 vs 5),no,"Index test is an uncharacterised non-coding transcript (lncRNA/intergenic), not a microRNA.","Added in the third pass (recall check). Only a threshold statement (fair performance, AUC > 0.7) is in the text; no exact AUC, sensitivity or specificity in the retrieved text (values are in tables/figures not present). n = 37 AD vs 37 controls from the qPCR validation cohort.","Results showed significant curves for GS1-304P7.3, NONHSAT090268, TC0100011037, TC0400008478, and, with a good diagnostic performance for TC0400008478 (AUC > 0.8) and a fair performance (AUC > 0.7) for GS1-304P7.3, NONHSAT090268, and TC0100011037.","PubMed Central full text PMC7588983 via NCBI, read 2026-09-28 (recall check)"
E195,33076555,10.3390/ijms21207644,Barbagallo C,2020,International Journal of Molecular Sciences,AD,AD vs unaffected controls,case_vs_healthy_control,plasma,non_miRNA_marker,TC0100011037,single,37,37,,,,,,RT-qPCR (microarray discovery in 5 vs 5),no,"Index test is an uncharacterised non-coding transcript (lncRNA/intergenic), not a microRNA.","Added in the third pass (recall check). Only a threshold statement (fair performance, AUC > 0.7) is in the text; no exact AUC, sensitivity or specificity in the retrieved text (values are in tables/figures not present). n = 37 AD vs 37 controls from the qPCR validation cohort.","Results showed significant curves for GS1-304P7.3, NONHSAT090268, TC0100011037, TC0400008478, and, with a good diagnostic performance for TC0400008478 (AUC > 0.8) and a fair performance (AUC > 0.7) for GS1-304P7.3, NONHSAT090268, and TC0100011037.","PubMed Central full text PMC7588983 via NCBI, read 2026-09-28 (recall check)"
E196,33076555,10.3390/ijms21207644,Barbagallo C,2020,International Journal of Molecular Sciences,AD,AD vs unaffected controls,case_vs_healthy_control,plasma,non_miRNA_marker,6-transcript signature (multivariable logistic regression),single,37,37,,,,,,RT-qPCR,no,Panel consists of non-miRNA transcripts.,Added in the third pass (recall check). No numeric AUC in text.,"Moreover, we evaluated the diagnostic accuracy of a biomarker signature including all six DE transcripts; this multivariable ROC curve showed a significantvalue but did not improve the diagnostic performances of single univariate univariable ROC curves (and).","PubMed Central full text PMC7588983 via NCBI, read 2026-09-28 (recall check)"
E197,35222718,10.3892/etm.2022.11166,Liu Y,2022,Experimental and Therapeutic Medicine,AD,AD vs healthy controls,case_vs_healthy_control,serum,single_miRNA,miR-4722-5p,single,33,33,0.781,,,0.697,0.848,RT-qPCR,yes,,Added in the third pass (recall check). No AUC confidence interval stated. Cut-off derived from the same sample (no separate validation).,"The area under the curve (AUC) of serum miR-4722-5p was 0.781, the sensitivity was 0.697 and the specificity was 0.848 (). The AUC of serum miR-615-3p was 0.835, the sensitivity was 0.727 and the specificity was 0.909 ().","PubMed Central full text PMC8815048 via NCBI, read 2026-09-28 (recall check)"
E198,35222718,10.3892/etm.2022.11166,Liu Y,2022,Experimental and Therapeutic Medicine,AD,AD vs healthy controls,case_vs_healthy_control,serum,single_miRNA,miR-615-3p,single,33,33,0.835,,,0.727,0.909,RT-qPCR,yes,,Added in the third pass (recall check). No AUC confidence interval stated. Cut-off derived from the same sample (no separate validation).,"The area under the curve (AUC) of serum miR-4722-5p was 0.781, the sensitivity was 0.697 and the specificity was 0.848 (). The AUC of serum miR-615-3p was 0.835, the sensitivity was 0.727 and the specificity was 0.909 ().","PubMed Central full text PMC8815048 via NCBI, read 2026-09-28 (recall check)"
E199,35222718,10.3892/etm.2022.11166,Liu Y,2022,Experimental and Therapeutic Medicine,AD,AD vs healthy controls,case_vs_healthy_control,serum,multi_miRNA_panel,miR-4722-5p + miR-615-3p,single,33,33,0.87,,,0.697,0.939,RT-qPCR,yes,,Added in the third pass (recall check). Combined by binary logistic regression fitted and evaluated in the same 66 participants (apparent performance). No CI stated.,"The logistic regression model showed that the AUC of both miRNAs combined was 0.870, the sensitivity was 0.697 and the specificity was 0.939 ().","PubMed Central full text PMC8815048 via NCBI, read 2026-09-28 (recall check)"
E200,40418688,10.1002/brb3.70572,Saberian P,2025,Brain and Behavior,AD,AD vs cognitively normal (CSF),case_vs_healthy_control,CSF,single_miRNA,miR-30b-5p,single,80,80,0.65,0.56,0.73,,,RT-qPCR (TaqMan Low Density Array),no,"Biofluid is CSF, not a circulating biofluid.","Added in the third pass (recall check). Table 2 'Diagnostic potential of differentially expressed miRNAs in CSF samples of AD patients'. In the printed table the let-7g-5p row is labelled 'mir-7g-5p' (typo). n from Table 1 (AD N = 80, CN N = 80). No sensitivity/specificity given.",Table 2 row: mir‐30b‐5p 0.65 0.001 0.56‐0.73,"PubMed Central full text PMC12105656 via NCBI, read 2026-09-28 (recall check)"
E201,40418688,10.1002/brb3.70572,Saberian P,2025,Brain and Behavior,AD,AD vs cognitively normal (CSF),case_vs_healthy_control,CSF,single_miRNA,miR-22-3p,single,80,80,0.64,0.56,0.72,,,RT-qPCR (TaqMan Low Density Array),no,"Biofluid is CSF, not a circulating biofluid.","Added in the third pass (recall check). Table 2 'Diagnostic potential of differentially expressed miRNAs in CSF samples of AD patients'. In the printed table the let-7g-5p row is labelled 'mir-7g-5p' (typo). n from Table 1 (AD N = 80, CN N = 80). No sensitivity/specificity given.",Table 2 row: mir‐22‐3p 0.64 0.001 0.56‐0.72,"PubMed Central full text PMC12105656 via NCBI, read 2026-09-28 (recall check)"
E202,40418688,10.1002/brb3.70572,Saberian P,2025,Brain and Behavior,AD,AD vs cognitively normal (CSF),case_vs_healthy_control,CSF,single_miRNA,let-7g-5p,single,80,80,0.6,0.52,0.69,,,RT-qPCR (TaqMan Low Density Array),no,"Biofluid is CSF, not a circulating biofluid.","Added in the third pass (recall check). Table 2 'Diagnostic potential of differentially expressed miRNAs in CSF samples of AD patients'. In the printed table the let-7g-5p row is labelled 'mir-7g-5p' (typo). n from Table 1 (AD N = 80, CN N = 80). No sensitivity/specificity given.",Table 2 row: mir‐7g‐5p 0.60 0.022 0.52‐0.69,"PubMed Central full text PMC12105656 via NCBI, read 2026-09-28 (recall check)"
E203,40418688,10.1002/brb3.70572,Saberian P,2025,Brain and Behavior,AD,AD vs cognitively normal (CSF),case_vs_healthy_control,CSF,single_miRNA,miR-150-5p,single,80,80,0.6,0.52,0.69,,,RT-qPCR (TaqMan Low Density Array),no,"Biofluid is CSF, not a circulating biofluid.","Added in the third pass (recall check). Table 2 'Diagnostic potential of differentially expressed miRNAs in CSF samples of AD patients'. In the printed table the let-7g-5p row is labelled 'mir-7g-5p' (typo). n from Table 1 (AD N = 80, CN N = 80). No sensitivity/specificity given.",Table 2 row: mir‐150‐5p 0.60 0.027 0.52‐0.69,"PubMed Central full text PMC12105656 via NCBI, read 2026-09-28 (recall check)"
E204,40418688,10.1002/brb3.70572,Saberian P,2025,Brain and Behavior,AD,AD vs cognitively normal (CSF),case_vs_healthy_control,CSF,single_miRNA,miR-181c-5p,single,80,80,0.6,0.52,0.69,,,RT-qPCR (TaqMan Low Density Array),no,"Biofluid is CSF, not a circulating biofluid.","Added in the third pass (recall check). Table 2 'Diagnostic potential of differentially expressed miRNAs in CSF samples of AD patients'. In the printed table the let-7g-5p row is labelled 'mir-7g-5p' (typo). n from Table 1 (AD N = 80, CN N = 80). No sensitivity/specificity given.",Table 2 row: mir‐181c‐5p 0.60 0.022 0.52‐0.69,"PubMed Central full text PMC12105656 via NCBI, read 2026-09-28 (recall check)"
E205,40418688,10.1002/brb3.70572,Saberian P,2025,Brain and Behavior,AD,AD vs cognitively normal (CSF),case_vs_healthy_control,CSF,single_miRNA,miR-24-3p,single,80,80,0.61,0.52,0.7,,,RT-qPCR (TaqMan Low Density Array),no,"Biofluid is CSF, not a circulating biofluid.","Added in the third pass (recall check). Table 2 'Diagnostic potential of differentially expressed miRNAs in CSF samples of AD patients'. In the printed table the let-7g-5p row is labelled 'mir-7g-5p' (typo). n from Table 1 (AD N = 80, CN N = 80). No sensitivity/specificity given.",Table 2 row: mir‐24‐3p 0.61 0.012 0.52‐0.70,"PubMed Central full text PMC12105656 via NCBI, read 2026-09-28 (recall check)"
E206,40418688,10.1002/brb3.70572,Saberian P,2025,Brain and Behavior,AD,AD vs cognitively normal (CSF),case_vs_healthy_control,CSF,single_miRNA,miR-323a-3p,single,80,80,0.62,0.53,0.71,,,RT-qPCR (TaqMan Low Density Array),no,"Biofluid is CSF, not a circulating biofluid.","Added in the third pass (recall check). Table 2 'Diagnostic potential of differentially expressed miRNAs in CSF samples of AD patients'. In the printed table the let-7g-5p row is labelled 'mir-7g-5p' (typo). n from Table 1 (AD N = 80, CN N = 80). No sensitivity/specificity given.",Table 2 row: mir‐323a‐3p 0.62 0.008 0.53‐0.71,"PubMed Central full text PMC12105656 via NCBI, read 2026-09-28 (recall check)"
E207,40418688,10.1002/brb3.70572,Saberian P,2025,Brain and Behavior,AD,AD vs cognitively normal (CSF),case_vs_healthy_control,CSF,single_miRNA,miR-26a-5p,single,80,80,0.6,0.5,0.68,,,RT-qPCR (TaqMan Low Density Array),no,"Biofluid is CSF, not a circulating biofluid.","Added in the third pass (recall check). Table 2 'Diagnostic potential of differentially expressed miRNAs in CSF samples of AD patients'. In the printed table the let-7g-5p row is labelled 'mir-7g-5p' (typo). n from Table 1 (AD N = 80, CN N = 80). No sensitivity/specificity given.",Table 2 row: mir‐26a‐5p 0.60 0.036 0.50‐0.68,"PubMed Central full text PMC12105656 via NCBI, read 2026-09-28 (recall check)"
E208,40418688,10.1002/brb3.70572,Saberian P,2025,Brain and Behavior,AD,AD vs cognitively normal (CSF),case_vs_healthy_control,CSF,single_miRNA,miR-29b-3p,single,80,80,0.61,0.53,0.7,,,RT-qPCR (TaqMan Low Density Array),no,"Biofluid is CSF, not a circulating biofluid.","Added in the third pass (recall check). Table 2 'Diagnostic potential of differentially expressed miRNAs in CSF samples of AD patients'. In the printed table the let-7g-5p row is labelled 'mir-7g-5p' (typo). n from Table 1 (AD N = 80, CN N = 80). No sensitivity/specificity given.",Table 2 row: mir‐29b‐3p 0.61 0.013 0.53‐0.70,"PubMed Central full text PMC12105656 via NCBI, read 2026-09-28 (recall check)"
E209,40418688,10.1002/brb3.70572,Saberian P,2025,Brain and Behavior,AD,AD vs cognitively normal (CSF),case_vs_healthy_control,CSF,single_miRNA,miR-30a-3p,single,80,80,0.62,0.53,0.71,,,RT-qPCR (TaqMan Low Density Array),no,"Biofluid is CSF, not a circulating biofluid.","Added in the third pass (recall check). Table 2 'Diagnostic potential of differentially expressed miRNAs in CSF samples of AD patients'. In the printed table the let-7g-5p row is labelled 'mir-7g-5p' (typo). n from Table 1 (AD N = 80, CN N = 80). No sensitivity/specificity given.",Table 2 row: mir‐30a‐3p 0.62 0.008 0.53‐0.71,"PubMed Central full text PMC12105656 via NCBI, read 2026-09-28 (recall check)"
E210,40766177,10.3389/fnagi.2025.1637368,Han S-W,2025,Frontiers in Aging Neuroscience,AD,probable AD vs cognitively normal,case_vs_healthy_control,plasma,non_miRNA_marker,miR-423-5p + miR-92a-3p + age + sex + APOE e4 (XGBoost model),cross-validated,,,0.757,,,,,"RT-qPCR + machine learning (extreme gradient boosting, 70/30 split with 5-fold cross-validation)",no,Composite model combining miRNAs with demographic and genetic variables; no miRNA-only estimate.,"Added in the third pass (recall check). Mean AUC across 5-fold cross-validation; figure legend gives 0.757 plus/minus 0.129 (SD). Baseline Model 1 (age, sex, APOE e4 only) mean AUC 0.708 plus/minus 0.110. Sample size of the ML analysis not explicitly stated (PCA sample was 74 AD / 71 CN), so n left empty. No sensitivity/specificity in text.","Model 1, including age, sex, andε4 carrier status, achieved a mean AUC value of 0.708. The mean AUC value of Model 2, obtained by adding two AD-associated key miRNAs, miR-423-5p and miR-92a-3p, to Model 1, increased to 0.757.","PubMed Central full text PMC12321855 via NCBI, read 2026-09-28 (recall check)"
E211,35432916,10.1155/2022/8683877,Tong G,2022,Parkinson's disease,PD,PD vs healthy controls,case_vs_healthy_control,serum_exosome + CSF_exosome (not separated),single_miRNA,miR-151a-5p,single,,,0.857,0.835,0.901,,,RT-qPCR (SYBR Green / TaqMan),no,Biofluid ambiguous: ROC text refers to 'the five common miRNAs from serum and CSF' without stating serum-exosome AUC separately (CSF exosome is ineligible); CIs are internally inconsistent; n for the ROC not stated; PD diagnostic criteria not named.,"Added in the third pass (recall check). AUC, CI and sensitivity/specificity are pooled across 'serum and CSF' exosomes; the text does not separate the two fluids for the ROC. Only a single percentage per miRNA is given as 'sensitivity and specificity at the optimal cutoff', not a paired sens/spec, so left empty. n_cases/n_controls not stated for ROC (cohort: 209 PD, 50 healthy, 60 other ND). Printed CI as given.","The area under the curve (AUC) values were miR-151a-5p, AUC = 0.857 (95% confidence interval, CI, 0.835–0.901); miR-24, AUC = 0.875 (95% CI, 0.754–0.853); mir-485-5p, AUC = 0.896 (95% CI, 0.753–0.842); mir-331-5p, AUC = 0.88 (95% CI, 0.912–0.749); and mir-214, AUC = 0.929 (95% CI, 0.843–0.921). The sensitivity and specificity at the optimal cutoff value for differentiating PD were 89.23% for miR-151a-5p, 92.35% for miR-24, 95.34% for mir-485-5p, 85.34% for mir-331-5p, and 82.34% for mir-214.","PubMed Central full text PMC9007633 via NCBI, read 2026-09-28 (recall check)"
E212,35432916,10.1155/2022/8683877,Tong G,2022,Parkinson's disease,PD,PD vs healthy controls,case_vs_healthy_control,serum_exosome + CSF_exosome (not separated),single_miRNA,miR-24,single,,,0.875,,,,,RT-qPCR (SYBR Green / TaqMan),no,Biofluid ambiguous: ROC text refers to 'the five common miRNAs from serum and CSF' without stating serum-exosome AUC separately (CSF exosome is ineligible); CIs are internally inconsistent; n for the ROC not stated; PD diagnostic criteria not named.,"Added in the third pass (recall check). AUC, CI and sensitivity/specificity are pooled across 'serum and CSF' exosomes; the text does not separate the two fluids for the ROC. Only a single percentage per miRNA is given as 'sensitivity and specificity at the optimal cutoff', not a paired sens/spec, so left empty. n_cases/n_controls not stated for ROC (cohort: 209 PD, 50 healthy, 60 other ND). Printed CI 0.754-0.853 does not contain the AUC. Printed CI 0.754-0.853 does not contain the printed AUC 0.875, so the interval is not stored.","The area under the curve (AUC) values were miR-151a-5p, AUC = 0.857 (95% confidence interval, CI, 0.835–0.901); miR-24, AUC = 0.875 (95% CI, 0.754–0.853); mir-485-5p, AUC = 0.896 (95% CI, 0.753–0.842); mir-331-5p, AUC = 0.88 (95% CI, 0.912–0.749); and mir-214, AUC = 0.929 (95% CI, 0.843–0.921). The sensitivity and specificity at the optimal cutoff value for differentiating PD were 89.23% for miR-151a-5p, 92.35% for miR-24, 95.34% for mir-485-5p, 85.34% for mir-331-5p, and 82.34% for mir-214.","PubMed Central full text PMC9007633 via NCBI, read 2026-09-28 (recall check)"
E213,35432916,10.1155/2022/8683877,Tong G,2022,Parkinson's disease,PD,PD vs healthy controls,case_vs_healthy_control,serum_exosome + CSF_exosome (not separated),single_miRNA,miR-485-5p,single,,,0.896,,,,,RT-qPCR (SYBR Green / TaqMan),no,Biofluid ambiguous: ROC text refers to 'the five common miRNAs from serum and CSF' without stating serum-exosome AUC separately (CSF exosome is ineligible); CIs are internally inconsistent; n for the ROC not stated; PD diagnostic criteria not named.,"Added in the third pass (recall check). AUC, CI and sensitivity/specificity are pooled across 'serum and CSF' exosomes; the text does not separate the two fluids for the ROC. Only a single percentage per miRNA is given as 'sensitivity and specificity at the optimal cutoff', not a paired sens/spec, so left empty. n_cases/n_controls not stated for ROC (cohort: 209 PD, 50 healthy, 60 other ND). Printed CI 0.753-0.842 does not contain the AUC. Printed CI 0.753-0.842 does not contain the printed AUC 0.896, so the interval is not stored.","The area under the curve (AUC) values were miR-151a-5p, AUC = 0.857 (95% confidence interval, CI, 0.835–0.901); miR-24, AUC = 0.875 (95% CI, 0.754–0.853); mir-485-5p, AUC = 0.896 (95% CI, 0.753–0.842); mir-331-5p, AUC = 0.88 (95% CI, 0.912–0.749); and mir-214, AUC = 0.929 (95% CI, 0.843–0.921). The sensitivity and specificity at the optimal cutoff value for differentiating PD were 89.23% for miR-151a-5p, 92.35% for miR-24, 95.34% for mir-485-5p, 85.34% for mir-331-5p, and 82.34% for mir-214.","PubMed Central full text PMC9007633 via NCBI, read 2026-09-28 (recall check)"
E214,35432916,10.1155/2022/8683877,Tong G,2022,Parkinson's disease,PD,PD vs healthy controls,case_vs_healthy_control,serum_exosome + CSF_exosome (not separated),single_miRNA,miR-331-5p,single,,,0.88,0.749,0.912,,,RT-qPCR (SYBR Green / TaqMan),no,Biofluid ambiguous: ROC text refers to 'the five common miRNAs from serum and CSF' without stating serum-exosome AUC separately (CSF exosome is ineligible); CIs are internally inconsistent; n for the ROC not stated; PD diagnostic criteria not named.,"Added in the third pass (recall check). AUC, CI and sensitivity/specificity are pooled across 'serum and CSF' exosomes; the text does not separate the two fluids for the ROC. Only a single percentage per miRNA is given as 'sensitivity and specificity at the optimal cutoff', not a paired sens/spec, so left empty. n_cases/n_controls not stated for ROC (cohort: 209 PD, 50 healthy, 60 other ND). Printed CI order is '0.912–0.749'; recorded low=0.749, high=0.912.","The area under the curve (AUC) values were miR-151a-5p, AUC = 0.857 (95% confidence interval, CI, 0.835–0.901); miR-24, AUC = 0.875 (95% CI, 0.754–0.853); mir-485-5p, AUC = 0.896 (95% CI, 0.753–0.842); mir-331-5p, AUC = 0.88 (95% CI, 0.912–0.749); and mir-214, AUC = 0.929 (95% CI, 0.843–0.921). The sensitivity and specificity at the optimal cutoff value for differentiating PD were 89.23% for miR-151a-5p, 92.35% for miR-24, 95.34% for mir-485-5p, 85.34% for mir-331-5p, and 82.34% for mir-214.","PubMed Central full text PMC9007633 via NCBI, read 2026-09-28 (recall check)"
E215,35432916,10.1155/2022/8683877,Tong G,2022,Parkinson's disease,PD,PD vs healthy controls,case_vs_healthy_control,serum_exosome + CSF_exosome (not separated),single_miRNA,miR-214,single,,,0.929,,,,,RT-qPCR (SYBR Green / TaqMan),no,Biofluid ambiguous: ROC text refers to 'the five common miRNAs from serum and CSF' without stating serum-exosome AUC separately (CSF exosome is ineligible); CIs are internally inconsistent; n for the ROC not stated; PD diagnostic criteria not named.,"Added in the third pass (recall check). AUC, CI and sensitivity/specificity are pooled across 'serum and CSF' exosomes; the text does not separate the two fluids for the ROC. Only a single percentage per miRNA is given as 'sensitivity and specificity at the optimal cutoff', not a paired sens/spec, so left empty. n_cases/n_controls not stated for ROC (cohort: 209 PD, 50 healthy, 60 other ND). Printed CI 0.843-0.921 does not contain the AUC. Printed CI 0.843-0.921 does not contain the printed AUC 0.929, so the interval is not stored.","The area under the curve (AUC) values were miR-151a-5p, AUC = 0.857 (95% confidence interval, CI, 0.835–0.901); miR-24, AUC = 0.875 (95% CI, 0.754–0.853); mir-485-5p, AUC = 0.896 (95% CI, 0.753–0.842); mir-331-5p, AUC = 0.88 (95% CI, 0.912–0.749); and mir-214, AUC = 0.929 (95% CI, 0.843–0.921). The sensitivity and specificity at the optimal cutoff value for differentiating PD were 89.23% for miR-151a-5p, 92.35% for miR-24, 95.34% for mir-485-5p, 85.34% for mir-331-5p, and 82.34% for mir-214.","PubMed Central full text PMC9007633 via NCBI, read 2026-09-28 (recall check)"
E216,31253822,10.1038/s41598-019-45687-x,Mancuso R,2019,Scientific reports,AD,AD vs healthy controls,case_vs_healthy_control,serum,single_miRNA,miR-223-3p,single,40,40,0.844,0.771,0.9,,,"RT-qPCR (LNA assay, Exiqon)",yes,,"Added in the third pass (recall check). n from cohort description (40 AD, 35 MCI, 28 PD, 40 HC); ROC n not restated. Sensitivity/specificity not stated.","The area under curve (AUC) analysis showed that miR-223-3p serum concentration clearly discriminate between: 1) MCI and HC (AUC = 0.747; 95% CI = 0.634–0.840); 2) AD and HC (0.844; 0.771–0.900)3) PD and HC (0.934; 0.846–0.980), and 4) AD and PD (0.988; 0.926–1.000)","PubMed Central full text PMC6599033 via NCBI, read 2026-09-28 (recall check)"
E217,,10.1038/s41598-019-45687-x#PD,Mancuso R,2019,Scientific reports,PD,PD vs healthy controls,case_vs_healthy_control,serum,single_miRNA,miR-223-3p,single,28,40,0.934,0.846,0.98,,,"RT-qPCR (LNA assay, Exiqon)",yes,,"Added in the third pass (recall check). PD rows of this two-disease paper carry pmid blank and the DOI with the suffix #PD, so that each disease is analysed as its own study (real PMID 31253822). n from cohort description (40 AD, 35 MCI, 28 PD, 40 HC); ROC n not restated. Sensitivity/specificity not stated. Direction of change opposite to AD (up in PD, down in AD).","The area under curve (AUC) analysis showed that miR-223-3p serum concentration clearly discriminate between: 1) MCI and HC (AUC = 0.747; 95% CI = 0.634–0.840); 2) AD and HC (0.844; 0.771–0.900)3) PD and HC (0.934; 0.846–0.980), and 4) AD and PD (0.988; 0.926–1.000)","PubMed Central full text PMC6599033 via NCBI, read 2026-09-28 (recall check)"
E218,31253822,10.1038/s41598-019-45687-x,Mancuso R,2019,Scientific reports,AD,AD vs PD,differential_diagnosis,serum,single_miRNA,miR-223-3p,single,40,28,0.988,0.926,1.0,,,"RT-qPCR (LNA assay, Exiqon)",no,"Comparator is another disease (PD), not healthy controls.","Added in the third pass (recall check). n_cases=AD (40), n_controls=PD (28) from cohort description.","The area under curve (AUC) analysis showed that miR-223-3p serum concentration clearly discriminate between: 1) MCI and HC (AUC = 0.747; 95% CI = 0.634–0.840); 2) AD and HC (0.844; 0.771–0.900)3) PD and HC (0.934; 0.846–0.980), and 4) AD and PD (0.988; 0.926–1.000)","PubMed Central full text PMC6599033 via NCBI, read 2026-09-28 (recall check)"
E219,,10.1038/s41598-019-45687-x#PD,Mancuso R,2019,Scientific reports,PD,MCI vs healthy controls,prodromal_vs_control,serum,single_miRNA,miR-223-3p,single,35,40,0.747,0.634,0.84,,,"RT-qPCR (LNA assay, Exiqon)",no,"MCI-only case group, not AD/PD.","Added in the third pass (recall check). PD rows of this two-disease paper carry pmid blank and the DOI with the suffix #PD, so that each disease is analysed as its own study (real PMID 31253822). n from cohort description (40 AD, 35 MCI, 28 PD, 40 HC); ROC n not restated. Sensitivity/specificity not stated.","The area under curve (AUC) analysis showed that miR-223-3p serum concentration clearly discriminate between: 1) MCI and HC (AUC = 0.747; 95% CI = 0.634–0.840); 2) AD and HC (0.844; 0.771–0.900)3) PD and HC (0.934; 0.846–0.980), and 4) AD and PD (0.988; 0.926–1.000)","PubMed Central full text PMC6599033 via NCBI, read 2026-09-28 (recall check)"
E220,37324585,10.3389/fnmol.2023.1127163,Piscopo P,2023,Frontiers in molecular neuroscience,AD,AD vs healthy controls,case_vs_healthy_control,plasma,single_miRNA,miR-92a-3p,single,33,43,0.76,,,0.63,,RT-qPCR,yes,,"Added in the third pass (recall check). n from Table 1/results (33 AD, 43 controls; abstract says 42 controls). Specificity not stated (only accuracy and sensitivity). Sensitivity 63% given as 'best accuracy' operating point; recorded sensitivity only.","The miR-92a-3p distinguished healthy controls from AD patients with AUC = 0.76 (= 0.0002) and best accuracy of (60 ± 5)% and 63% sensitivity, both in females (AUC = 0.77; = 0.003; (62 ± 6)% accuracy; 52% sensitivity) and in males (AUC = 0.75; = 0.02; (50 ± 2)% accuracy; 93% sensitivity).","PubMed Central full text PMC10266489 via NCBI, read 2026-09-28 (recall check)"
E221,37324585,10.3389/fnmol.2023.1127163,Piscopo P,2023,Frontiers in molecular neuroscience,AD,AD vs healthy controls,case_vs_healthy_control,plasma,single_miRNA,miR-320a,single,33,43,0.73,,,0.84,,RT-qPCR,yes,,"Added in the third pass (recall check). n from Table 1/results (33 AD, 43 controls; abstract says 42 controls). Specificity not stated (only accuracy and sensitivity).","Regarding miR-320a, we observed that it discriminates controls from AD with AUC = 0.73 (p = 0.001; (61 ± 4)% accuracy; 84% sensitivity) that reached the value of 0.86 in males after sex-stratification (p = 0.001; (80 ± 6)% accuracy; 63% sensitivity)","PubMed Central full text PMC10266489 via NCBI, read 2026-09-28 (recall check)"
E222,37324585,10.3389/fnmol.2023.1127163,Piscopo P,2023,Frontiers in molecular neuroscience,AD,"AD vs healthy controls, females only",case_vs_healthy_control,plasma,single_miRNA,miR-92a-3p,single,,,0.77,,,0.52,,RT-qPCR,no,Sex-stratified subgroup of the whole-cohort estimate (same participants); n not stated.,Added in the third pass (recall check). Females subgroup.,"The miR-92a-3p distinguished healthy controls from AD patients with AUC = 0.76 (= 0.0002) and best accuracy of (60 ± 5)% and 63% sensitivity, both in females (AUC = 0.77; = 0.003; (62 ± 6)% accuracy; 52% sensitivity) and in males (AUC = 0.75; = 0.02; (50 ± 2)% accuracy; 93% sensitivity).","PubMed Central full text PMC10266489 via NCBI, read 2026-09-28 (recall check)"
E223,37324585,10.3389/fnmol.2023.1127163,Piscopo P,2023,Frontiers in molecular neuroscience,AD,"AD vs healthy controls, males only",case_vs_healthy_control,plasma,single_miRNA,miR-92a-3p,single,,,0.75,,,0.93,,RT-qPCR,no,Sex-stratified subgroup of the whole-cohort estimate (same participants); n not stated.,Added in the third pass (recall check). Males subgroup.,"The miR-92a-3p distinguished healthy controls from AD patients with AUC = 0.76 (= 0.0002) and best accuracy of (60 ± 5)% and 63% sensitivity, both in females (AUC = 0.77; = 0.003; (62 ± 6)% accuracy; 52% sensitivity) and in males (AUC = 0.75; = 0.02; (50 ± 2)% accuracy; 93% sensitivity).","PubMed Central full text PMC10266489 via NCBI, read 2026-09-28 (recall check)"
E224,37324585,10.3389/fnmol.2023.1127163,Piscopo P,2023,Frontiers in molecular neuroscience,AD,"AD vs healthy controls, males only",case_vs_healthy_control,plasma,single_miRNA,miR-320a,single,,,0.86,,,0.63,,RT-qPCR,no,Sex-stratified subgroup of the whole-cohort estimate (same participants); n not stated.,Added in the third pass (recall check). Males subgroup.,"Regarding miR-320a, we observed that it discriminates controls from AD with AUC = 0.73 (p = 0.001; (61 ± 4)% accuracy; 84% sensitivity) that reached the value of 0.86 in males after sex-stratification (p = 0.001; (80 ± 6)% accuracy; 63% sensitivity)","PubMed Central full text PMC10266489 via NCBI, read 2026-09-28 (recall check)"
E225,37324585,10.3389/fnmol.2023.1127163,Piscopo P,2023,Frontiers in molecular neuroscience,AD,AD vs FTD,differential_diagnosis,plasma,single_miRNA,miR-320a,single,,,0.76,,,0.78,,RT-qPCR,no,Comparator is another disease (FTD).,"Added in the third pass (recall check). Direction per text 'FTD and AD'. Males AUC 0.88, females 0.69 also printed.","Interestingly, this miRNA distinguishes FTD and AD with AUC = 0.76 (= 0.0001; (64 ± 4)% accuracy; 78% sensitivity), reaching 0.88 for males (= 0.0008; (77 ± 6)% accuracy; 93% sensitivity) and 69% for females (= 0.03; (61 ± 5)% accuracy; 89% sensitivity).","PubMed Central full text PMC10266489 via NCBI, read 2026-09-28 (recall check)"
E226,37324585,10.3389/fnmol.2023.1127163,Piscopo P,2023,Frontiers in molecular neuroscience,AD,AD vs healthy controls,case_vs_healthy_control,plasma,multi_miRNA_panel,miR-92a-3p + miR-320a + miR-320b (Bayesian linear score),single,33,43,,,,0.55,,RT-qPCR + Bayesian classifier,no,No AUC and no paired sensitivity/specificity (accuracy 73% and sensitivity 55% only); weights fitted in same sample.,"Added in the third pass (recall check). Text also gives female/male results (accuracy 68%/86%, sensitivity 44%/69%). miR-320b AD vs control was 'not' a good discriminator (no AUC stated). FTD vs control estimates omitted (out of scope).","The sum of miR-92a-3p, miR-320a and miR-320b to discriminate AD and controls provided a Bayesian classifier with avalue<0.001, an accuracy of (73 ± 4)% and 55% sensitivity.","PubMed Central full text PMC10266489 via NCBI, read 2026-09-28 (recall check)"
E227,31849573,10.3389/fnins.2019.01208,Cha DJ,2019,Front Neurosci,AD,AD dementia vs cognitively intact controls,case_vs_healthy_control,plasma_neuronal_EV,single_miRNA,miR-132-3p,single,16,31,0.77,0.61,0.93,,,RT-qPCR,yes,,"Added in the third pass (recall check). n from abstract/Results: 16 AD, 16 AD-MCI, 31 controls. The Methods participant paragraph gives control n=16 and AD n=31, which contradicts the abstract and Results.","ROC analysis () revealed that miR-132 levels separated controls from AD-MCI with an AUC of 0.58 (95% CI: 0.38–0.78), and controls from AD dementia with an AUC of 0.77 (95% CI: 0.61–0.93).","PubMed Central full text PMC6902042 via NCBI, read 2026-09-28 (recall check)"
E228,31849573,10.3389/fnins.2019.01208,Cha DJ,2019,Front Neurosci,AD,AD dementia vs cognitively intact controls,case_vs_healthy_control,plasma_neuronal_EV,single_miRNA,miR-212(-3p),single,16,31,0.84,0.72,0.96,,,RT-qPCR,yes,,"Added in the third pass (recall check). n from abstract/Results: 16 AD, 16 AD-MCI, 31 controls. The Methods participant paragraph gives control n=16 and AD n=31, which contradicts the abstract and Results. Sensitivity 92.2% and specificity 69.0% follow the AD-dementia-vs-control AUC sentence at the Youden cut-off; the text does not restate the contrast explicitly, and 92.2% and 69.0% do not correspond to whole-number fractions of 16 and 31, so treat with caution. Sensitivity and specificity sentence does not name its contrast, so they are not recorded.","ROC analysis of miR-212 levels separated controls from AD-MCI with an AUC of 0.68 (95% CI: 0.5–0.86), and controls from AD dementia with an AUC of 0.84 (95% CI: 0.72–0.96) (). miR-212 achieves a sensitivity (the ability to predict AD cases) of 92.2% (95% CI: 68.5–99.6%), and a specificity (the ability to exclude controls) of 69.0% (95% CI: 50.8–82.7%) at the best cut-off point determined by Youden‘s J statistics.","PubMed Central full text PMC6902042 via NCBI, read 2026-09-28 (recall check)"
E229,31849573,10.3389/fnins.2019.01208,Cha DJ,2019,Front Neurosci,AD,AD-MCI vs cognitively intact controls,prodromal_vs_control,plasma_neuronal_EV,single_miRNA,miR-132-3p,single,16,31,0.58,0.38,0.78,,,RT-qPCR,no,MCI (prodromal AD) vs control,"Added in the third pass (recall check). n from abstract/Results: 16 AD, 16 AD-MCI, 31 controls. The Methods participant paragraph gives control n=16 and AD n=31, which contradicts the abstract and Results.","ROC analysis () revealed that miR-132 levels separated controls from AD-MCI with an AUC of 0.58 (95% CI: 0.38–0.78), and controls from AD dementia with an AUC of 0.77 (95% CI: 0.61–0.93).","PubMed Central full text PMC6902042 via NCBI, read 2026-09-28 (recall check)"
E230,31849573,10.3389/fnins.2019.01208,Cha DJ,2019,Front Neurosci,AD,AD-MCI vs cognitively intact controls,prodromal_vs_control,plasma_neuronal_EV,single_miRNA,miR-212(-3p),single,16,31,0.68,0.5,0.86,,,RT-qPCR,no,MCI (prodromal AD) vs control,"Added in the third pass (recall check). n from abstract/Results: 16 AD, 16 AD-MCI, 31 controls. The Methods participant paragraph gives control n=16 and AD n=31, which contradicts the abstract and Results. Sensitivity and specificity sentence does not name its contrast, so they are not recorded.","ROC analysis of miR-212 levels separated controls from AD-MCI with an AUC of 0.68 (95% CI: 0.5–0.86), and controls from AD dementia with an AUC of 0.84 (95% CI: 0.72–0.96) (). miR-212 achieves a sensitivity (the ability to predict AD cases) of 92.2% (95% CI: 68.5–99.6%), and a specificity (the ability to exclude controls) of 69.0% (95% CI: 50.8–82.7%) at the best cut-off point determined by Youden‘s J statistics.","PubMed Central full text PMC6902042 via NCBI, read 2026-09-28 (recall check)"
E231,33817253,10.1515/biol-2020-0060,Shu Y,2020,Open Life Sci,PD,PD vs healthy controls,case_vs_healthy_control,serum,single_miRNA,miR-132-3p,single,82,44,0.7325,0.64,0.8251,,,RT-qPCR,yes,,"Added in the third pass (recall check). n from Table 1 (82 PD, 44 healthy). Sensitivity/specificity not stated.","As demonstrated in, the AUC of miR-132-3p and miR-146a-5p in discriminating PD from healthy controls was 0.7325 (95% CI = 0.6400–0.8251) and 0.7295 (95% CI = 0.3658–0.8232), respectively. Meanwhile, the AUC of miR-132-3p and miR-146a-5p in discriminating severe PD from normal PD patients was 0.8175 (95% CI = 0.7229–0.9121) and 0.7921 (95% CI = 0.6937–0.8905), respectively ().","PubMed Central full text PMC7747498 via NCBI, read 2026-09-28 (recall check)"
E232,33817253,10.1515/biol-2020-0060,Shu Y,2020,Open Life Sci,PD,PD vs healthy controls,case_vs_healthy_control,serum,single_miRNA,miR-146a-5p,single,82,44,0.7295,0.3658,0.8232,,,RT-qPCR,yes,,"Added in the third pass (recall check). CI lower bound 0.3658 as printed (likely typographical, below the AUC-0.5 range implied by other values). Sensitivity/specificity not stated.","As demonstrated in, the AUC of miR-132-3p and miR-146a-5p in discriminating PD from healthy controls was 0.7325 (95% CI = 0.6400–0.8251) and 0.7295 (95% CI = 0.3658–0.8232), respectively. Meanwhile, the AUC of miR-132-3p and miR-146a-5p in discriminating severe PD from normal PD patients was 0.8175 (95% CI = 0.7229–0.9121) and 0.7921 (95% CI = 0.6937–0.8905), respectively ().","PubMed Central full text PMC7747498 via NCBI, read 2026-09-28 (recall check)"
E233,33817253,10.1515/biol-2020-0060,Shu Y,2020,Open Life Sci,PD,severe PD vs normal PD,within_disease,serum,single_miRNA,miR-132-3p,single,34,48,0.8175,0.7229,0.9121,,,RT-qPCR,no,"Within-disease severity contrast, no healthy control","Added in the third pass (recall check). n from Table 2 (34 severe, 48 normal PD).","As demonstrated in, the AUC of miR-132-3p and miR-146a-5p in discriminating PD from healthy controls was 0.7325 (95% CI = 0.6400–0.8251) and 0.7295 (95% CI = 0.3658–0.8232), respectively. Meanwhile, the AUC of miR-132-3p and miR-146a-5p in discriminating severe PD from normal PD patients was 0.8175 (95% CI = 0.7229–0.9121) and 0.7921 (95% CI = 0.6937–0.8905), respectively ().","PubMed Central full text PMC7747498 via NCBI, read 2026-09-28 (recall check)"
E234,33817253,10.1515/biol-2020-0060,Shu Y,2020,Open Life Sci,PD,severe PD vs normal PD,within_disease,serum,single_miRNA,miR-146a-5p,single,34,48,0.7921,0.6937,0.8905,,,RT-qPCR,no,"Within-disease severity contrast, no healthy control",Added in the third pass (recall check). n from Table 2.,"As demonstrated in, the AUC of miR-132-3p and miR-146a-5p in discriminating PD from healthy controls was 0.7325 (95% CI = 0.6400–0.8251) and 0.7295 (95% CI = 0.3658–0.8232), respectively. Meanwhile, the AUC of miR-132-3p and miR-146a-5p in discriminating severe PD from normal PD patients was 0.8175 (95% CI = 0.7229–0.9121) and 0.7921 (95% CI = 0.6937–0.8905), respectively ().","PubMed Central full text PMC7747498 via NCBI, read 2026-09-28 (recall check)"
E235,37238734,10.3390/biom13050865,Citterio LA,2023,Biomolecules,PD,PD vs healthy controls,case_vs_healthy_control,serum,single_miRNA,miR-7-1-5p,single,45,49,0.7,0.6,0.8,0.545,0.816,droplet digital PCR (RT-ddPCR),yes,,"Added in the third pass (recall check). AUC and CI printed to one decimal. n from Methods (45 PD, 49 HC).","ROC curve analysis showed that serum miR-7-1-5p concentration discriminates between PD and HC (= 0.0001, AUC: 0.7; 95%CI: 0.6–0.8; sensibility: 54.5%; specificity: 81.6%).","PubMed Central full text PMC10216839 via NCBI, read 2026-09-28 (recall check)"
E236,37238734,10.3390/biom13050865,Citterio LA,2023,Biomolecules,PD,PD vs healthy controls,case_vs_healthy_control,serum,single_miRNA,miR-223-3p,single,45,49,0.7,0.6,0.8,0.932,0.512,droplet digital PCR (RT-ddPCR),yes,,Added in the third pass (recall check). AUC and CI printed to one decimal; the combination paragraph gives 0.71 for both single miRNAs. n from Methods.,"ROC curve analysis showed that miR-223-3p serum concentration discriminates between PD and HC (= 0.0001, AUC: 0.7; 95%CI: 0.6–0.8; sensibility: 93.2%; specificity: 51.2%).","PubMed Central full text PMC10216839 via NCBI, read 2026-09-28 (recall check)"
E237,37238734,10.3390/biom13050865,Citterio LA,2023,Biomolecules,PD,PD vs healthy controls,case_vs_healthy_control,serum,multi_miRNA_panel,miR-7-1-5p x miR-223-3p (product of serum values),single,45,49,0.771,,,0.711,0.799,droplet digital PCR (RT-ddPCR),yes,,"Added in the third pass (recall check). Two-miRNA panel formed as product of the two serum values; cut-off derived in the same sample. Sensitivity/specificity printed as 71.1 and 79.9 without % sign, read as percentages.","In performing the ROC curve analysis with the combination of the two miRNAs (product of the two values obtained in serum), we found a sensitivity of 71.1, a specificity of 79.9 and, notably, an AUC value of 0.771 (< 0.0001), which was higher than the one provided by the previous two ROC curve analyses with the two separate miRNAs (0.71 for both)","PubMed Central full text PMC10216839 via NCBI, read 2026-09-28 (recall check)"
E238,37238734,10.3390/biom13050865,Citterio LA,2023,Biomolecules,PD,PD vs healthy controls,case_vs_healthy_control,serum_exosome,single_miRNA,miR-223-3p (exosomal),single,45,49,,,,,,RT-ddPCR,no,No AUC or sensitivity/specificity stated for exosomal miRNA,Added in the third pass (recall check). Recorded only to show no exosomal ROC was reported.,"The concentration of miR-223-3p was significantly increased in both the serum (PD: 7843.02; 3761.14–26,972.84 copies/ng; HC: 2593.12 copies/ng; 502.96–10,989.89 copies/ng;= 0.0006) and exosomes (PD: 4715.67 copies/ng; 2832.13–16,175.03 copies/ng; HC: 1698.53 copies/ng; 463.20–5547.85 copies/ng;= 0.0002) of PD patients compared to HC","PubMed Central full text PMC10216839 via NCBI, read 2026-09-28 (recall check)"
E239,30820472,10.1038/s42003-019-0324-7,Shigemizu D,2019,Commun Biol,AD,AD vs normal controls,case_vs_healthy_control,serum,multi_miRNA_panel,78-miRNA supervised-PCA logistic model,validation,510,144,0.874,,,0.933,0.66,3D-Gene miRNA oligo chip microarray + supervised PCA logistic regression,no,participants overlap with a study already in the primary pool: the Karaglani et al. 2020 dataset-2 biosignature is a re-analysis of this cohort (GSE120584),"Added in the third pass (recall check). n from the split description (validation cohort 510 AD, 144 NC). Sensitivity 0.933/specificity 0.660 are described as the cut-off maximising average sensitivity and specificity; the Methods say the optimal prognostic index was determined in the discovery cohort, so it is not certain that these two values were computed on the validation set. Also 1092/1089 cohort sizes in the Introduction differ from the 786/783 in Results.","As a result, 78 miRNAs out of 2562 were employed for the final model construction in AD, which achieved an AUC of 0.874 in the validation cohort (Fig.). Of the 78, two miRNAs (MIMAT0004947 and MIMAT0022726) were AD-specific miRNAs reported in previous studies. The remaining previously reported miRNAs did not show significantly better outcome in logistic regression in the selection of miRNAs (Supplementary Data). A maximum average sensitivity and specificity of the ROC curve was achieved at a sensitivity of 0.933 and specificity of 0.660 in AD. | We divided 1601 Japanese individuals (1021 AD cases, 91 VaD cases, 169 DLB cases, 32 mild cognitive impairment (MCI), and 288 NC) into a discovery cohort of 786 individuals (511 AD cases, 46 VaD cases, 85 DLB cases and 144 NC) and a validation cohort of 783 individuals (510 AD cases, 45 VaD cases, 84 DLB cases, and 144 NC)","PubMed Central full text PMC6389908 via NCBI, read 2026-09-28 (recall check)"
E240,30820472,10.1038/s42003-019-0324-7,Shigemizu D,2019,Commun Biol,AD,AD vs normal controls,case_vs_healthy_control,serum,multi_miRNA_panel,78-miRNA supervised-PCA logistic model,cross-validated,511,144,0.877,,,,,3D-Gene miRNA oligo chip microarray + supervised PCA logistic regression,no,10-fold cross-validated training-set estimate on the discovery cohort; duplicates the independent-validation estimate from the same model,Added in the third pass (recall check). Optimism-prone parameter-tuned estimate; validation row preferred.,"in AD, the combination of (,) = (4.5, 10) achieved the highest AUC of 0.877 in the discovery cohort. | We divided 1601 Japanese individuals (1021 AD cases, 91 VaD cases, 169 DLB cases, 32 mild cognitive impairment (MCI), and 288 NC) into a discovery cohort of 786 individuals (511 AD cases, 46 VaD cases, 85 DLB cases and 144 NC) and a validation cohort of 783 individuals (510 AD cases, 45 VaD cases, 84 DLB cases, and 144 NC)","PubMed Central full text PMC6389908 via NCBI, read 2026-09-28 (recall check)"
E241,30820472,10.1038/s42003-019-0324-7,Shigemizu D,2019,Commun Biol,AD,AD vs normal controls,case_vs_healthy_control,serum,multi_miRNA_panel,LASSO model using all 2562 miRNAs,validation,510,144,0.898,,,,,3D-Gene miRNA oligo chip microarray + supervised PCA logistic regression,no,Comparator model on the same validation participants as the main model (double counting),Added in the third pass (recall check).,"We constructed risk prediction models based on the LASSO method using all miRNAs in the entire training data set. The adjusted models were then evaluated on the validation cohort. The AUCs achieved were 0.898 in AD, 0.821 in VaD and 0.892 in DLB.","PubMed Central full text PMC6389908 via NCBI, read 2026-09-28 (recall check)"
E242,30820472,10.1038/s42003-019-0324-7,Shigemizu D,2019,Commun Biol,AD,AD vs normal controls,case_vs_healthy_control,serum,non_miRNA_marker,"clinical model (age, sex, APOE)",validation,510,144,0.857,,,,,logistic regression,no,Non-miRNA (clinical/genetic) index test,Added in the third pass (recall check).,"We also constructed risk prediction models based on the logistic regression method using only clinical information (age, sex and apolipoprotein E (APOE)) for the entire training data set. The adjusted models were then evaluated on the validation cohort. The AUCs achieved were 0.857 in AD, 0.813 in VaD and 0.827 in DLB.","PubMed Central full text PMC6389908 via NCBI, read 2026-09-28 (recall check)"
E243,30820472,10.1038/s42003-019-0324-7,Shigemizu D,2019,Commun Biol,AD,MCI converting to AD vs MCI not converting (prospective cohort),within_disease,serum,multi_miRNA_panel,78-miRNA supervised-PCA logistic model,validation,10,22,,,,1.0,0.18,3D-Gene miRNA oligo chip microarray + supervised PCA logistic regression,no,"MCI prospective conversion, no cognitively normal control group","Added in the third pass (recall check). n_controls = 4 + 18 non-converters derived from the sentence (32 MCI, 10 converted).","As a result, all of the 10 converted subjects were correctly predicted by our model (sensitivity = 1.0). Furthermore, all 4 subjects predicted not to covert to AD did not actually convert to AD (negative predictive value = 1.0). The remaining 18 subjects were predicted to convert to AD, but had not yet converted (specificity = 0.18)","PubMed Central full text PMC6389908 via NCBI, read 2026-09-28 (recall check)"
E244,31766231,10.3390/biom9110734,Kenny A,2019,Biomolecules,AD,MCI with FCSRT deficit vs MCI above cut-off,within_disease,plasma,single_miRNA,miR-206,single,,,0.82,,,,,RT-qPCR,no,Within-MCI prognostic contrast; no AD-vs-control accuracy statistic,Added in the third pass (recall check). n per group not stated in the text.,"ROC analysis showed a good accuracy of miR-206 in plasma for identifying FCSRT deficits at MCI (0.0277, AUC = 0.82) and for identifying MCI subjects with declining MMSE scores over 4 years (= 0.021, AUC = 0.83) (A). Notably, the inclusion of early drop-outs with “last observation carried forward” (subject is included in analysis with last analysis before dropout taken as the endpoint) increased correlations and sensitivity and specificity of miR-206 for MCI with cognitive decline profoundly (= 0.001, AUC = 0.90)","PubMed Central full text PMC6920950 via NCBI, read 2026-09-28 (recall check)"
E245,31766231,10.3390/biom9110734,Kenny A,2019,Biomolecules,AD,MCI decliners (MMSE) vs MCI stable,within_disease,plasma,single_miRNA,miR-206,single,,,0.83,,,,,RT-qPCR,no,Within-MCI prognostic contrast; no AD-vs-control accuracy statistic,Added in the third pass (recall check). n not stated; 11 of 30 MCI omitted for drop-out and 2 as outliers.,"ROC analysis showed a good accuracy of miR-206 in plasma for identifying FCSRT deficits at MCI (0.0277, AUC = 0.82) and for identifying MCI subjects with declining MMSE scores over 4 years (= 0.021, AUC = 0.83) (A). Notably, the inclusion of early drop-outs with “last observation carried forward” (subject is included in analysis with last analysis before dropout taken as the endpoint) increased correlations and sensitivity and specificity of miR-206 for MCI with cognitive decline profoundly (= 0.001, AUC = 0.90)","PubMed Central full text PMC6920950 via NCBI, read 2026-09-28 (recall check)"
E246,31766231,10.3390/biom9110734,Kenny A,2019,Biomolecules,AD,"MCI with cognitive decline vs MCI stable, drop-outs included (last observation carried forward)",within_disease,plasma,single_miRNA,miR-206,single,,,0.9,,,,,RT-qPCR,no,Within-MCI prognostic contrast; no AD-vs-control accuracy statistic,Added in the third pass (recall check). n not stated.,"ROC analysis showed a good accuracy of miR-206 in plasma for identifying FCSRT deficits at MCI (0.0277, AUC = 0.82) and for identifying MCI subjects with declining MMSE scores over 4 years (= 0.021, AUC = 0.83) (A). Notably, the inclusion of early drop-outs with “last observation carried forward” (subject is included in analysis with last analysis before dropout taken as the endpoint) increased correlations and sensitivity and specificity of miR-206 for MCI with cognitive decline profoundly (= 0.001, AUC = 0.90)","PubMed Central full text PMC6920950 via NCBI, read 2026-09-28 (recall check)"
E247,34381349,10.3389/fnagi.2021.632891,Vallelunga A,2021,Front Aging Neurosci,PD,PD vs healthy controls,case_vs_healthy_control,serum,single_miRNA,miR-96-5p,single,51,56,0.645,,,,,RT-qPCR (LNA assay),yes,,Added in the third pass (recall check). Group sizes 51 PD and 56 HC from Methods/abstract; samples with Ct > 37 or moderate/severe haemolysis were excluded so analysed n may be smaller and is not stated for this analysis. Sensitivity/specificity not stated for this contrast.,"Similarly, miR-96-5p expression was decreased in PD patients (Mean ± SEM:0.051 ± 0.012) compared with HC (Mean ± SEM:0.057 ± 0.009) (fc:0.89;< 0.01) (). The AUC for miR-96-5p, when comparing PD and HC, was 0.645 ().","PubMed Central full text PMC8350521 via NCBI, read 2026-09-28 (recall check)"
E248,34381349,10.3389/fnagi.2021.632891,Vallelunga A,2021,Front Aging Neurosci,PD,MSA vs healthy controls,case_vs_healthy_control,serum,single_miRNA,miR-96-5p,single,52,56,0.736,,,0.774,0.673,RT-qPCR (LNA assay),no,"Disease is MSA, not AD or PD","Added in the third pass (recall check). n analysed not stated (52 MSA, 56 HC recruited).",we observed that this miRNA discriminated well between MSA and HC [area under the curve (AUC) = 0.736;< 0.001] with a sensitivity of 77.4% and a specificity of 67.3%,"PubMed Central full text PMC8350521 via NCBI, read 2026-09-28 (recall check)"
E249,34381349,10.3389/fnagi.2021.632891,Vallelunga A,2021,Front Aging Neurosci,PD,male MSA vs male healthy controls,case_vs_healthy_control,serum,single_miRNA,miR-96-5p,single,,,,,,0.63,0.92,RT-qPCR (LNA assay),no,"Disease is MSA, not AD or PD",Added in the third pass (recall check). AUC not stated.,"Nevertheless, when comparing MSA and HC male patients, we observed a high specificity (92%) and moderate sensitivity (63%) ().","PubMed Central full text PMC8350521 via NCBI, read 2026-09-28 (recall check)"
E250,34381349,10.3389/fnagi.2021.632891,Vallelunga A,2021,Front Aging Neurosci,PD,PD vs MSA,differential_diagnosis,serum,single_miRNA,miR-339-5p,single,,,,,,0.51,0.906,RT-qPCR (LNA assay),no,"Differential diagnosis PD vs MSA, no healthy control",Added in the third pass (recall check). AUC not stated.,The specificity of miR339-5p to discriminate between MSA and PD was 90.6% but the sensitivity was 51% ().,"PubMed Central full text PMC8350521 via NCBI, read 2026-09-28 (recall check)"
E251,34381349,10.3389/fnagi.2021.632891,Vallelunga A,2021,Front Aging Neurosci,PD,female PD vs female MSA,differential_diagnosis,serum,single_miRNA,miR-339-5p,single,,,,,,0.688,0.88,RT-qPCR (LNA assay),no,"Differential diagnosis PD vs MSA, no healthy control",Added in the third pass (recall check). AUC not stated.,"The specificity of miR339-5p to discriminate between PD and MSA female subjects was 88%, and the sensitivity was 68.8% ().","PubMed Central full text PMC8350521 via NCBI, read 2026-09-28 (recall check)"
