audit_pass,record_id,first_author,year,action,field,old_value,new_value,reason,source_quote
2026-09-28 full-text second pass,E001,Qin Q,2026,corrected,auc_ci_low,,0.766,CI was truncated in the first pass; recovered from the full text,"Among these, let-7i-5p demonstrated the highest diagnostic accuracy, with an AUC of 0.835 (95% CI: 0.766–0.905)"
2026-09-28 full-text second pass,E001,Qin Q,2026,corrected,auc_ci_high,,0.905,CI was truncated in the first pass; recovered from the full text,"Among these, let-7i-5p demonstrated the highest diagnostic accuracy, with an AUC of 0.835 (95% CI: 0.766–0.905)"
2026-09-28 full-text second pass,E001,Qin Q,2026,corrected,note,CI truncated by the text-extraction pipeline; only the point estimate recorded.,Training cohort (73 AD / 53 HC). 95% CI recovered from the full text in the second pass.,note updated,"Among these, let-7i-5p demonstrated the highest diagnostic accuracy, with an AUC of 0.835 (95% CI: 0.766–0.905)"
2026-09-28 full-text second pass,E001,Qin Q,2026,corrected,verbatim_quote,"Among these, let-7i-5p demonstrated the highest diagnostic accuracy, with an AUC of 0.835 (95% CI:","Among these, let-7i-5p demonstrated the highest diagnostic accuracy, with an AUC of 0.835 (95% CI: 0.766–0.905)",complete sentence replaces the truncated one,"Among these, let-7i-5p demonstrated the highest diagnostic accuracy, with an AUC of 0.835 (95% CI: 0.766–0.905)"
2026-09-28 full-text second pass,E031,Qin Q,2026,corrected,auc_ci_low,,0.943,CI missed in the first pass,The AUC of the final 7-miRNA panel reached 0.970 (95% CI: 0.943–0.997) in the training cohort
2026-09-28 full-text second pass,E031,Qin Q,2026,corrected,auc_ci_high,,0.997,CI missed in the first pass,The AUC of the final 7-miRNA panel reached 0.970 (95% CI: 0.943–0.997) in the training cohort
2026-09-28 full-text second pass,E002,Qin Q,2026,corrected,cohort_stage,unclear,validation,the sentence sits in the validation-phase section (99 AD / 99 HC),"In a validation cohort comprising 274 participants ... ROC analyses based on qPCR-derived ΔCt values demonstrated that four miRNAs individually discriminated AD patients from HCs with AUCs > 0.7. Among them, miR-92a-3p (AUC = 0.778) and miR-1285-5p (AUC = 0.770) exhibited the highest discriminatory performance"
2026-09-28 full-text second pass,E002,Qin Q,2026,corrected,n_cases,,99,validation cohort size stated in the Methods and Results,"In a validation cohort comprising 274 participants ... ROC analyses based on qPCR-derived ΔCt values demonstrated that four miRNAs individually discriminated AD patients from HCs with AUCs > 0.7. Among them, miR-92a-3p (AUC = 0.778) and miR-1285-5p (AUC = 0.770) exhibited the highest discriminatory performance"
2026-09-28 full-text second pass,E002,Qin Q,2026,corrected,n_controls,,99,validation cohort size stated in the Methods and Results,"In a validation cohort comprising 274 participants ... ROC analyses based on qPCR-derived ΔCt values demonstrated that four miRNAs individually discriminated AD patients from HCs with AUCs > 0.7. Among them, miR-92a-3p (AUC = 0.778) and miR-1285-5p (AUC = 0.770) exhibited the highest discriminatory performance"
2026-09-28 full-text second pass,E002,Qin Q,2026,corrected,eligible_primary_pool,no,yes,stage and group sizes are resolvable from the full text,"In a validation cohort comprising 274 participants ... ROC analyses based on qPCR-derived ΔCt values demonstrated that four miRNAs individually discriminated AD patients from HCs with AUCs > 0.7. Among them, miR-92a-3p (AUC = 0.778) and miR-1285-5p (AUC = 0.770) exhibited the highest discriminatory performance"
2026-09-28 full-text second pass,E002,Qin Q,2026,corrected,exclusion_reason,cohort stage not resolvable from the sentence; sample sizes not attributable,,exclusion no longer applies,"In a validation cohort comprising 274 participants ... ROC analyses based on qPCR-derived ΔCt values demonstrated that four miRNAs individually discriminated AD patients from HCs with AUCs > 0.7. Among them, miR-92a-3p (AUC = 0.778) and miR-1285-5p (AUC = 0.770) exhibited the highest discriminatory performance"
2026-09-28 full-text second pass,E002,Qin Q,2026,corrected,verbatim_quote,"Among them, miR-92a-3p (AUC = 0.778) and miR-1285-5p (AUC = 0.770) exhibited the highest discriminatory performance ().","In a validation cohort comprising 274 participants ... ROC analyses based on qPCR-derived ΔCt values demonstrated that four miRNAs individually discriminated AD patients from HCs with AUCs > 0.7. Among them, miR-92a-3p (AUC = 0.778) and miR-1285-5p (AUC = 0.770) exhibited the highest discriminatory performance",full validation-phase sentence,"In a validation cohort comprising 274 participants ... ROC analyses based on qPCR-derived ΔCt values demonstrated that four miRNAs individually discriminated AD patients from HCs with AUCs > 0.7. Among them, miR-92a-3p (AUC = 0.778) and miR-1285-5p (AUC = 0.770) exhibited the highest discriminatory performance"
2026-09-28 full-text second pass,E003,Qin Q,2026,corrected,cohort_stage,unclear,validation,the sentence sits in the validation-phase section (99 AD / 99 HC),"In a validation cohort comprising 274 participants ... ROC analyses based on qPCR-derived ΔCt values demonstrated that four miRNAs individually discriminated AD patients from HCs with AUCs > 0.7. Among them, miR-92a-3p (AUC = 0.778) and miR-1285-5p (AUC = 0.770) exhibited the highest discriminatory performance"
2026-09-28 full-text second pass,E003,Qin Q,2026,corrected,n_cases,,99,validation cohort size stated in the Methods and Results,"In a validation cohort comprising 274 participants ... ROC analyses based on qPCR-derived ΔCt values demonstrated that four miRNAs individually discriminated AD patients from HCs with AUCs > 0.7. Among them, miR-92a-3p (AUC = 0.778) and miR-1285-5p (AUC = 0.770) exhibited the highest discriminatory performance"
2026-09-28 full-text second pass,E003,Qin Q,2026,corrected,n_controls,,99,validation cohort size stated in the Methods and Results,"In a validation cohort comprising 274 participants ... ROC analyses based on qPCR-derived ΔCt values demonstrated that four miRNAs individually discriminated AD patients from HCs with AUCs > 0.7. Among them, miR-92a-3p (AUC = 0.778) and miR-1285-5p (AUC = 0.770) exhibited the highest discriminatory performance"
2026-09-28 full-text second pass,E003,Qin Q,2026,corrected,eligible_primary_pool,no,yes,stage and group sizes are resolvable from the full text,"In a validation cohort comprising 274 participants ... ROC analyses based on qPCR-derived ΔCt values demonstrated that four miRNAs individually discriminated AD patients from HCs with AUCs > 0.7. Among them, miR-92a-3p (AUC = 0.778) and miR-1285-5p (AUC = 0.770) exhibited the highest discriminatory performance"
2026-09-28 full-text second pass,E003,Qin Q,2026,corrected,exclusion_reason,cohort stage not resolvable from the sentence; sample sizes not attributable,,exclusion no longer applies,"In a validation cohort comprising 274 participants ... ROC analyses based on qPCR-derived ΔCt values demonstrated that four miRNAs individually discriminated AD patients from HCs with AUCs > 0.7. Among them, miR-92a-3p (AUC = 0.778) and miR-1285-5p (AUC = 0.770) exhibited the highest discriminatory performance"
2026-09-28 full-text second pass,E003,Qin Q,2026,corrected,verbatim_quote,"Among them, miR-92a-3p (AUC = 0.778) and miR-1285-5p (AUC = 0.770) exhibited the highest discriminatory performance ().","In a validation cohort comprising 274 participants ... ROC analyses based on qPCR-derived ΔCt values demonstrated that four miRNAs individually discriminated AD patients from HCs with AUCs > 0.7. Among them, miR-92a-3p (AUC = 0.778) and miR-1285-5p (AUC = 0.770) exhibited the highest discriminatory performance",full validation-phase sentence,"In a validation cohort comprising 274 participants ... ROC analyses based on qPCR-derived ΔCt values demonstrated that four miRNAs individually discriminated AD patients from HCs with AUCs > 0.7. Among them, miR-92a-3p (AUC = 0.778) and miR-1285-5p (AUC = 0.770) exhibited the highest discriminatory performance"
2026-09-28 full-text second pass,E086,Qin Q,2026,added,(new row),,7-miRNA panel | AD vs vascular cognitive impairment | AUC 0.951,Added in the second pass. One of the few differential-diagnosis estimates in the corpus; reported narratively.,"The panel also effectively differentiated AD from other cognitive impairments, yielding AUC of 0.951 (95% CI = 0.916–0.986) for AD vs. VCI and 0.851 (95% CI = 0.787–0.916) for AD vs. DLB"
2026-09-28 full-text second pass,E087,Qin Q,2026,added,(new row),,7-miRNA panel | AD vs dementia with Lewy bodies | AUC 0.851,Added in the second pass. One of the few differential-diagnosis estimates in the corpus; reported narratively.,"The panel also effectively differentiated AD from other cognitive impairments, yielding AUC of 0.951 (95% CI = 0.916–0.986) for AD vs. VCI and 0.851 (95% CI = 0.787–0.916) for AD vs. DLB"
2026-09-28 full-text second pass,E006,Zhang M,2021,corrected,n_controls,,106,control group size missed in the first pass,"In addition, 106 age- and sex-matched neurologically healthy volunteers were enrolled as controls."
2026-09-28 full-text second pass,E038,Zhang M,2021,corrected,n_controls,,106,control group size missed in the first pass,"In addition, 106 age- and sex-matched neurologically healthy volunteers were enrolled as controls."
2026-09-28 full-text second pass,E007,Hara N,2017,corrected,n_cases,27,36,"the AUC comes from the clinically diagnosed NIG validation set, not the 27/18 autopsy discovery set","To validate the three candidate serum miRNAs, we prepared sample set NIG, which was composed of 36 clinically diagnosed AD patients and 22 age-matched cognitively normal controls ... The receiver-operating characteristic curve of hsa-miR-501-3p showed 53% sensitivity and 100% specificity (area under the curve = 0.82"
2026-09-28 full-text second pass,E007,Hara N,2017,corrected,n_controls,18,22,"the AUC comes from the clinically diagnosed NIG validation set, not the 27/18 autopsy discovery set","To validate the three candidate serum miRNAs, we prepared sample set NIG, which was composed of 36 clinically diagnosed AD patients and 22 age-matched cognitively normal controls ... The receiver-operating characteristic curve of hsa-miR-501-3p showed 53% sensitivity and 100% specificity (area under the curve = 0.82"
2026-09-28 full-text second pass,E007,Hara N,2017,corrected,cohort_stage,single,validation,candidates were selected in a separate (autopsy-confirmed) discovery set,"To validate the three candidate serum miRNAs, we prepared sample set NIG, which was composed of 36 clinically diagnosed AD patients and 22 age-matched cognitively normal controls ... The receiver-operating characteristic curve of hsa-miR-501-3p showed 53% sensitivity and 100% specificity (area under the curve = 0.82"
2026-09-28 full-text second pass,E007,Hara N,2017,corrected,note,,"Estimate from the NIG validation set (36 AD / 22 CN, clinically diagnosed by NINCDS-ADRDA). Neuropathological confirmation applies only to the separate ROW discovery set, for which no AUC is reported.",note added,"To validate the three candidate serum miRNAs, we prepared sample set NIG, which was composed of 36 clinically diagnosed AD patients and 22 age-matched cognitively normal controls ... The receiver-operating characteristic curve of hsa-miR-501-3p showed 53% sensitivity and 100% specificity (area under the curve = 0.82"
2026-09-28 full-text second pass,E007,Hara N,2017,corrected,verbatim_quote,The receiver-operating characteristic curve of hsa-miR-501-3p showed 53% sensitivity and 100% specificity (area under the curve = 0.82;,"To validate the three candidate serum miRNAs, we prepared sample set NIG, which was composed of 36 clinically diagnosed AD patients and 22 age-matched cognitively normal controls ... The receiver-operating characteristic curve of hsa-miR-501-3p showed 53% sensitivity and 100% specificity (area under the curve = 0.82",fuller quote including the validation-set description,"To validate the three candidate serum miRNAs, we prepared sample set NIG, which was composed of 36 clinically diagnosed AD patients and 22 age-matched cognitively normal controls ... The receiver-operating characteristic curve of hsa-miR-501-3p showed 53% sensitivity and 100% specificity (area under the curve = 0.82"
2026-09-28 full-text second pass,E008,Hojati Z,2020,corrected,biofluid,whole_blood,serum,"RNA was isolated from serum, not whole blood","A total of 36 blood samples, including 18 AD patients and 18 healthy individuals, were collected; their sera were separated and kept at -80 °C until use."
2026-09-28 full-text second pass,E008,Hojati Z,2020,corrected,method,microarray/bioinformatics,RT-qPCR,quantification was LNA SYBR RT-qPCR; the bioinformatics was target prediction only,"Reactions of qRT-PCR were carried out using Opticon Monitor 3 (Bio-Rad Laboratories Inc., Hercules, CA, USA)"
2026-09-28 full-text second pass,E008,Hojati Z,2020,corrected,note,,"Serum, RT-qPCR. Authors also report SE = 0.08 for this AUC (Hanley-McNeil gives 0.082). Patients were drug-naive. Mean Ct 38 for miR-661 in AD, near the assay detection limit.",note added,"A total of 36 blood samples, including 18 AD patients and 18 healthy individuals, were collected; their sera were separated and kept at -80 °C until use."
2026-09-28 full-text second pass,E022,Rai S,2023,corrected,n_cases,,16,group sizes missed in the first pass (sensitivity 93.75% = 15/16 and specificity 68.75% = 11/16 confirm them),"Blood samples were collected from PD patients (n = 16), respective age-matched controls (n = 16), and young healthy controls (n = 16)"
2026-09-28 full-text second pass,E022,Rai S,2023,corrected,n_controls,,16,group sizes missed in the first pass (age-matched controls; young controls were not the ROC comparator),"Blood samples were collected from PD patients (n = 16), respective age-matched controls (n = 16), and young healthy controls (n = 16)"
2026-09-28 full-text second pass,E085,Rai S,2023,added,(new row),,miR-23b-3p | PD vs age-matched controls | AUC 0.7278,"Added in the second pass. Plasma-derived small EVs from the same participants as E022. Per-group n is ambiguous (Table 4 says 12; 84.62% and 69.23% imply 13 per group), so no n is recorded and the row is not SE-estimable.","the comparison with age-matched controls gave better AUC values both in plasma (AUC = 0.8086, 93.75% sensitivity, 68.75% specificity, p = 0.0029) and plasma-derived sEVs (AUC = 0.7278, 84.62% sensitivity, 69.23% specificity, p = 0.0483)"
2026-09-28 full-text second pass,E023,Omura T,2025,corrected,n_cases,,8,group sizes missed in the first pass,"Caucasian plasma samples derived from eight patients with PD and six healthy donors were purchased from Analytical Biological Services Inc. ... At this threshold, the sensitivity was 50%, whereas the specificity was 100%."
2026-09-28 full-text second pass,E023,Omura T,2025,corrected,n_controls,,6,group sizes missed in the first pass,"Caucasian plasma samples derived from eight patients with PD and six healthy donors were purchased from Analytical Biological Services Inc. ... At this threshold, the sensitivity was 50%, whereas the specificity was 100%."
2026-09-28 full-text second pass,E023,Omura T,2025,corrected,sensitivity,,0.5,Youden-threshold sensitivity missed in the first pass,"Caucasian plasma samples derived from eight patients with PD and six healthy donors were purchased from Analytical Biological Services Inc. ... At this threshold, the sensitivity was 50%, whereas the specificity was 100%."
2026-09-28 full-text second pass,E023,Omura T,2025,corrected,specificity,,1.0,Youden-threshold specificity missed in the first pass,"Caucasian plasma samples derived from eight patients with PD and six healthy donors were purchased from Analytical Biological Services Inc. ... At this threshold, the sensitivity was 50%, whereas the specificity was 100%."
2026-09-28 full-text second pass,E023,Omura T,2025,corrected,note,,Commercial biorepository samples; diagnostic criteria not reported. The AUC did not differ significantly from 0.5 (DeLong p = 0.297).,note added,"Caucasian plasma samples derived from eight patients with PD and six healthy donors were purchased from Analytical Biological Services Inc. ... At this threshold, the sensitivity was 50%, whereas the specificity was 100%."
2026-09-28 full-text second pass,E024,Grossi I,2020,corrected,n_cases,,15,group sizes missed in the first pass,Peripheral blood was obtained from PD patients (n=15 ...) and control subjects (n=14 ...). The diagnostic significance of miR-34a-5p in pure SEVs was further tested by ROC curve analysis. The calculated Area under ROC curve (AUC) of 0.738 (95% CI=0.557-0.919; P<0.05)
2026-09-28 full-text second pass,E024,Grossi I,2020,corrected,n_controls,,14,group sizes missed in the first pass,Peripheral blood was obtained from PD patients (n=15 ...) and control subjects (n=14 ...). The diagnostic significance of miR-34a-5p in pure SEVs was further tested by ROC curve analysis. The calculated Area under ROC curve (AUC) of 0.738 (95% CI=0.557-0.919; P<0.05)
2026-09-28 full-text second pass,E024,Grossi I,2020,corrected,biofluid,plasma,plasma_EV,the AUC is for density-gradient purified small EVs from plasma; whole plasma showed no difference,Peripheral blood was obtained from PD patients (n=15 ...) and control subjects (n=14 ...). The diagnostic significance of miR-34a-5p in pure SEVs was further tested by ROC curve analysis. The calculated Area under ROC curve (AUC) of 0.738 (95% CI=0.557-0.919; P<0.05)
2026-09-28 full-text second pass,E024,Grossi I,2020,corrected,note,,"Pure small-EV fraction of plasma; miR-34a-5p was tested in five fractions and ROC was run only for the one that differed. Raw Ct, no normalizer. All-male cohort; controls from a geriatrics unit.",note added,Peripheral blood was obtained from PD patients (n=15 ...) and control subjects (n=14 ...). The diagnostic significance of miR-34a-5p in pure SEVs was further tested by ROC curve analysis. The calculated Area under ROC curve (AUC) of 0.738 (95% CI=0.557-0.919; P<0.05)
2026-09-28 full-text second pass,E024,Grossi I,2020,corrected,verbatim_quote,The calculated Area under ROC curve (AUC) of 0.738 (95% CI=0.557-0.919;,Peripheral blood was obtained from PD patients (n=15 ...) and control subjects (n=14 ...). The diagnostic significance of miR-34a-5p in pure SEVs was further tested by ROC curve analysis. The calculated Area under ROC curve (AUC) of 0.738 (95% CI=0.557-0.919; P<0.05),fuller quote,Peripheral blood was obtained from PD patients (n=15 ...) and control subjects (n=14 ...). The diagnostic significance of miR-34a-5p in pure SEVs was further tested by ROC curve analysis. The calculated Area under ROC curve (AUC) of 0.738 (95% CI=0.557-0.919; P<0.05)
2026-09-28 full-text second pass,E033,Karaglani M,2020,corrected,note,,Secondary re-analysis of a public whole-blood dataset (the Leidinger et al. 506-feature miRNA data). AUC and CI are bootstrap-bias-corrected cross-validation estimates on the full dataset.,note added,"This same 506-feature miRNA dataset was analyzed here via JADBIO, resulting in a shorter biosignature of three predictors"
2026-09-28 full-text second pass,E080,Karaglani M,2020,added,(new row),,25-miRNA ridge biosignature (dataset 2) | AD vs cognitively healthy individuals | AUC 0.797,Added in the second pass. Second public miRNA dataset analysed in the same paper (section 3.2.2 'miRNA Biosignatures'); the paper's phrase 'mRNA predictors' contradicts its own section heading and Discussion. BBC-CV estimate on the full dataset.,"AutoML analysis of the 2566-feature miRNA-transcriptomic data from 301 AD patients and 288 cognitively healthy individuals led to an mRNA-based predictive biosignature via a Ridge Logistic Regression model with 25 mRNA predictors with AUC 0.797 (0.746, 0.845)."
2026-09-28 full-text second pass,E081,Karaglani M,2020,added,(new row),,"25-miRNA ridge biosignature (dataset 2, test split) | AD vs cognitively healthy individuals (held-out 30% split) | AUC 0.807","Added in the second pass. Model trained on a random 70% split and evaluated on the held-out 30%; no CI reported, so the SE is reconstructed.","While validated in the test 2566-feature mRNA-transcriptomic data from 84 AD patients and 73 cognitively healthy individuals, this biosignature showed AUC 0.807, verifying the stability of model's performance."
2026-09-28 full-text second pass,E034,Jain G,2019,corrected,biofluid,blood,CSF_exosome,"the signature was measured in CSF exosomes, not blood","we use next-generation sequencing to study the small noncoding RNAome (sncRNAome) in exosomes derived from human cerebrospinal fluid (CSF) ... Control CSFs included CSF from cognitively healthy patients with depression, cephalgy, schizophrenia, bipolar disorder, and polyneuropathy or were obtained from a cohort of healthy controls"
2026-09-28 full-text second pass,E034,Jain G,2019,corrected,n_cases,23,19,the AUC comes from the replication cohort (19 AD / 44 controls),"we use next-generation sequencing to study the small noncoding RNAome (sncRNAome) in exosomes derived from human cerebrospinal fluid (CSF) ... Control CSFs included CSF from cognitively healthy patients with depression, cephalgy, schizophrenia, bipolar disorder, and polyneuropathy or were obtained from a cohort of healthy controls"
2026-09-28 full-text second pass,E034,Jain G,2019,corrected,n_controls,38,44,the AUC comes from the replication cohort (19 AD / 44 controls),"we use next-generation sequencing to study the small noncoding RNAome (sncRNAome) in exosomes derived from human cerebrospinal fluid (CSF) ... Control CSFs included CSF from cognitively healthy patients with depression, cephalgy, schizophrenia, bipolar disorder, and polyneuropathy or were obtained from a cohort of healthy controls"
2026-09-28 full-text second pass,E034,Jain G,2019,corrected,cohort_stage,discovery,validation,"signature defined in cohort 1, tested in cohort 2","we use next-generation sequencing to study the small noncoding RNAome (sncRNAome) in exosomes derived from human cerebrospinal fluid (CSF) ... Control CSFs included CSF from cognitively healthy patients with depression, cephalgy, schizophrenia, bipolar disorder, and polyneuropathy or were obtained from a cohort of healthy controls"
2026-09-28 full-text second pass,E034,Jain G,2019,corrected,comparison,AD dementia vs controls without neurodegenerative disorder,AD vs psychiatric/neurological and healthy controls,control group is mixed,"we use next-generation sequencing to study the small noncoding RNAome (sncRNAome) in exosomes derived from human cerebrospinal fluid (CSF) ... Control CSFs included CSF from cognitively healthy patients with depression, cephalgy, schizophrenia, bipolar disorder, and polyneuropathy or were obtained from a cohort of healthy controls"
2026-09-28 full-text second pass,E034,Jain G,2019,corrected,comparison_class,case_vs_healthy_control,differential_diagnosis,control group includes psychiatric and neurological patients,"we use next-generation sequencing to study the small noncoding RNAome (sncRNAome) in exosomes derived from human cerebrospinal fluid (CSF) ... Control CSFs included CSF from cognitively healthy patients with depression, cephalgy, schizophrenia, bipolar disorder, and polyneuropathy or were obtained from a cohort of healthy controls"
2026-09-28 full-text second pass,E034,Jain G,2019,corrected,eligible_primary_pool,yes,no,fails the index-test and comparator rules,"we use next-generation sequencing to study the small noncoding RNAome (sncRNAome) in exosomes derived from human cerebrospinal fluid (CSF) ... Control CSFs included CSF from cognitively healthy patients with depression, cephalgy, schizophrenia, bipolar disorder, and polyneuropathy or were obtained from a cohort of healthy controls"
2026-09-28 full-text second pass,E034,Jain G,2019,corrected,exclusion_reason,,mixed small-RNA signature (3 miRNAs + 3 piRNAs) measured in CSF exosomes against a control group that includes psychiatric and neurological patients; not a circulating miRNA-only index test (same rule that excludes E053 and E062),second-pass exclusion,"we use next-generation sequencing to study the small noncoding RNAome (sncRNAome) in exosomes derived from human cerebrospinal fluid (CSF) ... Control CSFs included CSF from cognitively healthy patients with depression, cephalgy, schizophrenia, bipolar disorder, and polyneuropathy or were obtained from a cohort of healthy controls"
2026-09-28 full-text second pass,E037,Sandau US,2020,corrected,biofluid,plasma,CSF,"the index test was measured in CSF, not plasma","We measured the expression of 17 miRNA biomarkers for AD in CSF samples from AD, MCI, and cognitively normal controls (NC)."
2026-09-28 full-text second pass,E037,Sandau US,2020,corrected,note,,CSF (held out of the circulating pool). 37 AD / 65 NC after exclusion of 32 aberrant samples; 23 AD and 21 NC samples were re-assayed from the group's earlier validation study.,note added,"We measured the expression of 17 miRNA biomarkers for AD in CSF samples from AD, MCI, and cognitively normal controls (NC)."
2026-09-28 full-text second pass,E039,Dos Santos MCT,2018,corrected,biofluid,CSF,CSF_exosome,exosomal RNA from CSF,The final step before analysis was to randomize subjects into training and test: training (63.5%) and test (36.5%). ... The models were then applied to the data in the test set
2026-09-28 full-text second pass,E039,Dos Santos MCT,2018,corrected,n_cases,40,,the AUC is a test-split value; per-group test-set n is not reported (40/40 is the whole cohort),The final step before analysis was to randomize subjects into training and test: training (63.5%) and test (36.5%). ... The models were then applied to the data in the test set
2026-09-28 full-text second pass,E039,Dos Santos MCT,2018,corrected,n_controls,40,,the AUC is a test-split value; per-group test-set n is not reported (40/40 is the whole cohort),The final step before analysis was to randomize subjects into training and test: training (63.5%) and test (36.5%). ... The models were then applied to the data in the test set
2026-09-28 full-text second pass,E039,Dos Santos MCT,2018,corrected,cohort_stage,single,validation,held-out random split,The final step before analysis was to randomize subjects into training and test: training (63.5%) and test (36.5%). ... The models were then applied to the data in the test set
2026-09-28 full-text second pass,E039,Dos Santos MCT,2018,corrected,note,,"CSF exosomes; Model A chosen from 3,200 candidate models; test-split n not reported.",note added,The final step before analysis was to randomize subjects into training and test: training (63.5%) and test (36.5%). ... The models were then applied to the data in the test set
2026-09-28 full-text second pass,E040,Marques TM,2016,corrected,n_cases,,28,group sizes missed in the first pass,"CSF patient samples from PD (n = 28), MSA (n = 17), and non-neurological controls (n = 28)"
2026-09-28 full-text second pass,E040,Marques TM,2016,corrected,n_controls,,28,"group sizes missed in the first pass (30 enrolled, 2 excluded)","CSF patient samples from PD (n = 28), MSA (n = 17), and non-neurological controls (n = 28)"
2026-09-28 full-text second pass,E040,Marques TM,2016,corrected,note,Group sizes not stated in the sentence carrying the ROC result.,"CSF (held out). Controls were neurology referrals found to have no neurological disease, not community volunteers. Seven-miRNA logistic model built and evaluated in the same sample.",note added,"CSF patient samples from PD (n = 28), MSA (n = 17), and non-neurological controls (n = 28)"
2026-09-28 full-text second pass,E088,Marques TM,2016,added,(new row),,miR-133b + miR-148b | PD vs multiple system atrophy | AUC 0.77,Added in the second pass for the clinical-applicability narrative.,"by using the combination of miR-133b and miR-148b, PD and MSA could be discriminated (Fig.b); the ROC analysis showed a moderate value with an AUC of 0.77 (value = 0.001, sensitivity of 82% and specificity of 67%"
2026-09-28 full-text second pass,E041,Li Y,2024,corrected,note,,"Training set (32 PD / 35 HC). The reported 95% CI is about 15 times narrower than a sampling interval at this n (Hanley-McNeil SE ~0.035), so it cannot describe sampling uncertainty.",note added,"The classifier could also identify patients with PD from healthy individuals in both the training (AUC = 0.917; 95% CI, 0.913-0.92) and validation (AUC = 0.916; 95% CI, 0.911-0.921) sets"
2026-09-28 full-text second pass,E041,Li Y,2024,corrected,verbatim_quote,"The classifier could also identify patients with PD from healthy individuals in both the training (AUC = 0.917; 95% CI, 0.913-0.92) and validation (AUC = 0.916;","The classifier could also identify patients with PD from healthy individuals in both the training (AUC = 0.917; 95% CI, 0.913-0.92) and validation (AUC = 0.916; 95% CI, 0.911-0.921) sets",complete sentence (the first pass truncated it before the validation values),"The classifier could also identify patients with PD from healthy individuals in both the training (AUC = 0.917; 95% CI, 0.913-0.92) and validation (AUC = 0.916; 95% CI, 0.911-0.921) sets"
2026-09-28 full-text second pass,E082,Li Y,2024,added,(new row),,EV-miRNA SVM classifier | PD vs healthy individuals (validation set) | AUC 0.916,"Added in the second pass: the first pass truncated the sentence before these values. Random 40% hold-out of a single-centre cohort. Reported CI is implausibly narrow for n = 46. Reported sensitivity/specificity (92% / 85.71%) are integer-consistent only with the control and PD group sizes respectively (23/25, 18/21), i.e. labels appear swapped, so they are not entered.","The classifier could also identify patients with PD from healthy individuals in both the training (AUC = 0.917; 95% CI, 0.913-0.92) and validation (AUC = 0.916; 95% CI, 0.911-0.921) sets ... 92% sensitivity, 85.71% specificity and 89.13% accuracy in the validation data set (25 healthy controls and 21 patients with PD)"
2026-09-28 full-text second pass,E054,Aguilar MA,2023,corrected,n_cases,60,,"AUCs are test-split values; per-group test-set n is not reported (60/40 were enrolled, 45/28 passed QC)","This process removed 27 samples, 15 PD and 12 controls. The final dataset consisted of 28 controls and 45 PD cases. ... For the LR and RF models, 60% of the samples were selected randomly for training and 40% for testing. ... The AUC values represent performance on the test set."
2026-09-28 full-text second pass,E054,Aguilar MA,2023,corrected,n_controls,40,,"AUCs are test-split values; per-group test-set n is not reported (60/40 were enrolled, 45/28 passed QC)","This process removed 27 samples, 15 PD and 12 controls. The final dataset consisted of 28 controls and 45 PD cases. ... For the LR and RF models, 60% of the samples were selected randomly for training and 40% for testing. ... The AUC values represent performance on the test set."
2026-09-28 full-text second pass,E054,Aguilar MA,2023,corrected,cohort_stage,single,validation,random 40% hold-out,"This process removed 27 samples, 15 PD and 12 controls. The final dataset consisted of 28 controls and 45 PD cases. ... For the LR and RF models, 60% of the samples were selected randomly for training and 40% for testing. ... The AUC values represent performance on the test set."
2026-09-28 full-text second pass,E055,Aguilar MA,2023,corrected,n_cases,60,,"AUCs are test-split values; per-group test-set n is not reported (60/40 were enrolled, 45/28 passed QC)","This process removed 27 samples, 15 PD and 12 controls. The final dataset consisted of 28 controls and 45 PD cases. ... For the LR and RF models, 60% of the samples were selected randomly for training and 40% for testing. ... The AUC values represent performance on the test set."
2026-09-28 full-text second pass,E055,Aguilar MA,2023,corrected,n_controls,40,,"AUCs are test-split values; per-group test-set n is not reported (60/40 were enrolled, 45/28 passed QC)","This process removed 27 samples, 15 PD and 12 controls. The final dataset consisted of 28 controls and 45 PD cases. ... For the LR and RF models, 60% of the samples were selected randomly for training and 40% for testing. ... The AUC values represent performance on the test set."
2026-09-28 full-text second pass,E055,Aguilar MA,2023,corrected,cohort_stage,single,validation,random 40% hold-out,"This process removed 27 samples, 15 PD and 12 controls. The final dataset consisted of 28 controls and 45 PD cases. ... For the LR and RF models, 60% of the samples were selected randomly for training and 40% for testing. ... The AUC values represent performance on the test set."
2026-09-28 full-text second pass,E056,Aguilar MA,2023,corrected,n_cases,60,,"AUCs are test-split values; per-group test-set n is not reported (60/40 were enrolled, 45/28 passed QC)","This process removed 27 samples, 15 PD and 12 controls. The final dataset consisted of 28 controls and 45 PD cases. ... For the LR and RF models, 60% of the samples were selected randomly for training and 40% for testing. ... The AUC values represent performance on the test set."
2026-09-28 full-text second pass,E056,Aguilar MA,2023,corrected,n_controls,40,,"AUCs are test-split values; per-group test-set n is not reported (60/40 were enrolled, 45/28 passed QC)","This process removed 27 samples, 15 PD and 12 controls. The final dataset consisted of 28 controls and 45 PD cases. ... For the LR and RF models, 60% of the samples were selected randomly for training and 40% for testing. ... The AUC values represent performance on the test set."
2026-09-28 full-text second pass,E056,Aguilar MA,2023,corrected,cohort_stage,single,validation,random 40% hold-out,"This process removed 27 samples, 15 PD and 12 controls. The final dataset consisted of 28 controls and 45 PD cases. ... For the LR and RF models, 60% of the samples were selected randomly for training and 40% for testing. ... The AUC values represent performance on the test set."
2026-09-28 full-text second pass,E057,Aguilar MA,2023,corrected,n_cases,60,,"AUCs are test-split values; per-group test-set n is not reported (60/40 were enrolled, 45/28 passed QC)","This process removed 27 samples, 15 PD and 12 controls. The final dataset consisted of 28 controls and 45 PD cases. ... For the LR and RF models, 60% of the samples were selected randomly for training and 40% for testing. ... The AUC values represent performance on the test set."
2026-09-28 full-text second pass,E057,Aguilar MA,2023,corrected,n_controls,40,,"AUCs are test-split values; per-group test-set n is not reported (60/40 were enrolled, 45/28 passed QC)","This process removed 27 samples, 15 PD and 12 controls. The final dataset consisted of 28 controls and 45 PD cases. ... For the LR and RF models, 60% of the samples were selected randomly for training and 40% for testing. ... The AUC values represent performance on the test set."
2026-09-28 full-text second pass,E057,Aguilar MA,2023,corrected,cohort_stage,single,validation,random 40% hold-out,"This process removed 27 samples, 15 PD and 12 controls. The final dataset consisted of 28 controls and 45 PD cases. ... For the LR and RF models, 60% of the samples were selected randomly for training and 40% for testing. ... The AUC values represent performance on the test set."
2026-09-28 full-text second pass,E058,Aguilar MA,2023,corrected,n_cases,60,,"AUCs are test-split values; per-group test-set n is not reported (60/40 were enrolled, 45/28 passed QC)","This process removed 27 samples, 15 PD and 12 controls. The final dataset consisted of 28 controls and 45 PD cases. ... For the LR and RF models, 60% of the samples were selected randomly for training and 40% for testing. ... The AUC values represent performance on the test set."
2026-09-28 full-text second pass,E058,Aguilar MA,2023,corrected,n_controls,40,,"AUCs are test-split values; per-group test-set n is not reported (60/40 were enrolled, 45/28 passed QC)","This process removed 27 samples, 15 PD and 12 controls. The final dataset consisted of 28 controls and 45 PD cases. ... For the LR and RF models, 60% of the samples were selected randomly for training and 40% for testing. ... The AUC values represent performance on the test set."
2026-09-28 full-text second pass,E058,Aguilar MA,2023,corrected,cohort_stage,single,validation,random 40% hold-out,"This process removed 27 samples, 15 PD and 12 controls. The final dataset consisted of 28 controls and 45 PD cases. ... For the LR and RF models, 60% of the samples were selected randomly for training and 40% for testing. ... The AUC values represent performance on the test set."
2026-09-28 full-text second pass,E059,Aguilar MA,2023,corrected,n_cases,60,,"AUCs are test-split values; per-group test-set n is not reported (60/40 were enrolled, 45/28 passed QC)","This process removed 27 samples, 15 PD and 12 controls. The final dataset consisted of 28 controls and 45 PD cases. ... For the LR and RF models, 60% of the samples were selected randomly for training and 40% for testing. ... The AUC values represent performance on the test set."
2026-09-28 full-text second pass,E059,Aguilar MA,2023,corrected,n_controls,40,,"AUCs are test-split values; per-group test-set n is not reported (60/40 were enrolled, 45/28 passed QC)","This process removed 27 samples, 15 PD and 12 controls. The final dataset consisted of 28 controls and 45 PD cases. ... For the LR and RF models, 60% of the samples were selected randomly for training and 40% for testing. ... The AUC values represent performance on the test set."
2026-09-28 full-text second pass,E059,Aguilar MA,2023,corrected,cohort_stage,single,validation,random 40% hold-out,"This process removed 27 samples, 15 PD and 12 controls. The final dataset consisted of 28 controls and 45 PD cases. ... For the LR and RF models, 60% of the samples were selected randomly for training and 40% for testing. ... The AUC values represent performance on the test set."
2026-09-28 full-text second pass,E060,Aguilar MA,2023,corrected,n_cases,60,,"AUCs are test-split values; per-group test-set n is not reported (60/40 were enrolled, 45/28 passed QC)","This process removed 27 samples, 15 PD and 12 controls. The final dataset consisted of 28 controls and 45 PD cases. ... For the LR and RF models, 60% of the samples were selected randomly for training and 40% for testing. ... The AUC values represent performance on the test set."
2026-09-28 full-text second pass,E060,Aguilar MA,2023,corrected,n_controls,40,,"AUCs are test-split values; per-group test-set n is not reported (60/40 were enrolled, 45/28 passed QC)","This process removed 27 samples, 15 PD and 12 controls. The final dataset consisted of 28 controls and 45 PD cases. ... For the LR and RF models, 60% of the samples were selected randomly for training and 40% for testing. ... The AUC values represent performance on the test set."
2026-09-28 full-text second pass,E060,Aguilar MA,2023,corrected,cohort_stage,single,validation,random 40% hold-out,"This process removed 27 samples, 15 PD and 12 controls. The final dataset consisted of 28 controls and 45 PD cases. ... For the LR and RF models, 60% of the samples were selected randomly for training and 40% for testing. ... The AUC values represent performance on the test set."
2026-09-28 full-text second pass,E061,Aguilar MA,2023,corrected,n_cases,60,,"AUCs are test-split values; per-group test-set n is not reported (60/40 were enrolled, 45/28 passed QC)","This process removed 27 samples, 15 PD and 12 controls. The final dataset consisted of 28 controls and 45 PD cases. ... For the LR and RF models, 60% of the samples were selected randomly for training and 40% for testing. ... The AUC values represent performance on the test set."
2026-09-28 full-text second pass,E061,Aguilar MA,2023,corrected,n_controls,40,,"AUCs are test-split values; per-group test-set n is not reported (60/40 were enrolled, 45/28 passed QC)","This process removed 27 samples, 15 PD and 12 controls. The final dataset consisted of 28 controls and 45 PD cases. ... For the LR and RF models, 60% of the samples were selected randomly for training and 40% for testing. ... The AUC values represent performance on the test set."
2026-09-28 full-text second pass,E061,Aguilar MA,2023,corrected,cohort_stage,single,validation,random 40% hold-out,"This process removed 27 samples, 15 PD and 12 controls. The final dataset consisted of 28 controls and 45 PD cases. ... For the LR and RF models, 60% of the samples were selected randomly for training and 40% for testing. ... The AUC values represent performance on the test set."
2026-09-28 full-text second pass,E083,Oliveira SR,2020,added,(new row),,miR-155-5p | iPD vs healthy controls (validation cohort) | AUC 0.85,Added in the second pass. miR-155 did not differ between groups in the discovery cohort.,"Moreover, ROC curves showed that miR-146a, miR-335-3p, and miR-335-5p have moderate ability to discriminate between iPD patients and controls in this cohort (AUC = 0.62, AUC = 0.67, and AUC = 0.59, respectively), while miR-155 has great sensitivity and specificity to discriminate between the two groups, with an AUC = 0.85"
2026-09-28 full-text second pass,E084,Oliveira SR,2020,added,(new row),,miR-146a + miR-335-3p + miR-335-5p | iPD vs healthy controls (discovery + validation combined) | AUC 0.72,Added in the second pass. Logistic model fit and evaluated on the pooled discovery and validation cohorts.,"We created a model in which miRNAs found differentially expressed between iPD patients and controls (miR-146a, miR-335-3p, and miR-335-5p) were combined. We observed a slight increase in AUC value (AUC = 0.72)"
2026-09-28 full-text second pass,E089,Ludwig N,2019,added,(new row),,"ML model on circulating ncRNAs | AD vs HC, MCI and other neurological diseases combined | AUC 0.835",Added in the second pass for the clinical-applicability narrative.,"For the second and more complex case, an AUC of 83.5% was reached"
2026-09-28 full-text second pass,E020,Wu L,2022,flagged,sensitivity/specificity,,,possible swapped labels; kept as published,54.8% sensitivity and 74.7% specificity ... 68.5% sensitivity and 88.0% specificity
2026-09-28 full-text second pass,E021,Wu L,2022,flagged,sensitivity/specificity,,,possible swapped labels; kept as published,54.8% sensitivity and 74.7% specificity ... 68.5% sensitivity and 88.0% specificity
2026-09-28 full-text second pass,study 28137310 (quadas2_study_level),Hara N,2017,corrected,reference_standard_quote,"The discovery set, ROW, consisted of samples obtained from the Japanese Brain Bank Network for Neuroscience Research (JBBNNR), where all autopsied brains are systematically diagnosed with Braak staging [,] and stored at −80 °C.","The validation set, NIG, was composed of clinically diagnosed subjects from Niigata University Medical and Dental Hospital. The diagnosis of AD was made by the criteria of the National Institute of Neurological and Communicative Diseases and the Stroke–Alzheimer’s Disease and Related Disorders Association","the pooled AUC comes from the clinically diagnosed NIG validation set; neuropathology applied only to the ROW discovery set, which has no AUC","The validation set, NIG, was composed of clinically diagnosed subjects from Niigata University Medical and Dental Hospital. The diagnosis of AD was made by the criteria of the National Institute of Neurological and Communicative Diseases and the Stroke–Alzheimer’s Disease and Related Disorders Association"
2026-09-28 full-text second pass,study 28137310 (quadas2_study_level),Hara N,2017,corrected,autopsy_confirmed,yes,no,autopsy confirmation does not apply to the participants behind the extracted AUC,"The validation set, NIG, was composed of clinically diagnosed subjects from Niigata University Medical and Dental Hospital. The diagnosis of AD was made by the criteria of the National Institute of Neurological and Communicative Diseases and the Stroke–Alzheimer’s Disease and Related Disorders Association"
2026-09-28 full-text second pass,study 41836608 (quadas2_study_level),Yang SJ,2026,corrected,reference_standard_named,no,yes,groups are defined by postmortem neuropathology (NACC Neuropathology Data Form),"Subjects selected for this study were chosen based upon postmortem pathology for LBD (n = 30), AD (n = 31), AD/LBD (n = 30), AD/ALB (n = 19), or absence of AD and Lewy body pathology (controls) (n = 27)."
2026-09-28 full-text second pass,study 41836608 (quadas2_study_level),Yang SJ,2026,corrected,reference_standard_quote,,"Subjects selected for this study were chosen based upon postmortem pathology for LBD (n = 30), AD (n = 31), AD/LBD (n = 30), AD/ALB (n = 19), or absence of AD and Lewy body pathology (controls) (n = 27).",quote added,"Subjects selected for this study were chosen based upon postmortem pathology for LBD (n = 30), AD (n = 31), AD/LBD (n = 30), AD/ALB (n = 19), or absence of AD and Lewy body pathology (controls) (n = 27)."
2026-09-28 full-text second pass,study 41836608 (quadas2_study_level),Yang SJ,2026,corrected,autopsy_confirmed,,yes,AD and control groups are autopsy-defined,"Subjects selected for this study were chosen based upon postmortem pathology for LBD (n = 30), AD (n = 31), AD/LBD (n = 30), AD/ALB (n = 19), or absence of AD and Lewy body pathology (controls) (n = 27)."
2026-09-28 full-text second pass,study 31591382 (quadas2_study_level),Jain G,2019,removed,(study-level row),present,removed,"study no longer eligible (E034 excluded: CSF-exosome miRNA+piRNA signature, mixed controls); QUADAS-2 covers eligible studies only",All AD dementia patients fulfilled the National Institute of Neurological and Communicative Disorders and Stroke and the Alzheimer’s Disease and Related Disorders Association (NINCDS-ADRDA) and National Institute on Aging and Alzheimer’s Association (NIAA) diagnosis criteria for probable AD dementia.
2026-09-28 full-text second pass,study 33542630 (quadas2_study_level),Zhang M,2021,corrected,reference_standard_named,no,yes,NINCDS-ADRDA criteria are named in the Methods; the first pass missed them,The diagnosis of AD was performed according to the criteria of the National Institute of Neurological and Communication Disorders and Stroke/Alzheimer’s Disease and Related Disorders Association.
2026-09-28 full-text second pass,study 33542630 (quadas2_study_level),Zhang M,2021,corrected,reference_standard_quote,,The diagnosis of AD was performed according to the criteria of the National Institute of Neurological and Communication Disorders and Stroke/Alzheimer’s Disease and Related Disorders Association.,NINCDS-ADRDA criteria are named in the Methods; the first pass missed them,The diagnosis of AD was performed according to the criteria of the National Institute of Neurological and Communication Disorders and Stroke/Alzheimer’s Disease and Related Disorders Association.
2026-09-28 full-text second pass,study 33542630 (quadas2_study_level),Zhang M,2021,corrected,autopsy_confirmed,,no,NINCDS-ADRDA criteria are named in the Methods; the first pass missed them,The diagnosis of AD was performed according to the criteria of the National Institute of Neurological and Communication Disorders and Stroke/Alzheimer’s Disease and Related Disorders Association.
2026-09-28 full-text pass (author-supplied publisher and dataset sources),E080,Karaglani M,2020,corrected,biofluid,blood,serum,"dataset 2 is GSE120584, the serum cohort of Shigemizu et al.","Shigemizu et al. analyzing the same 2566-feature miRNA dataset used in our study, produced a 78-miRNA biosignature; the Shigemizu abstract: using serum miRNA expression of 1,601 Japanese individuals (Commun Biol 2019;2:77)"
2026-09-28 full-text pass (author-supplied publisher and dataset sources),E081,Karaglani M,2020,corrected,biofluid,blood,serum,"dataset 2 is GSE120584, the serum cohort of Shigemizu et al.","Shigemizu et al. analyzing the same 2566-feature miRNA dataset used in our study, produced a 78-miRNA biosignature; the Shigemizu abstract: using serum miRNA expression of 1,601 Japanese individuals (Commun Biol 2019;2:77)"
2026-09-28 full-text pass (author-supplied publisher and dataset sources),E045,Miao Y,2026,corrected,n_cases,,100,group sizes taken from the publisher full text; the Scopus abstract omits them,"The study enrolled a total of 196 participants, comprising 100 individuals with AD and 96 healthy controls."
2026-09-28 full-text pass (author-supplied publisher and dataset sources),E045,Miao Y,2026,corrected,n_controls,,96,group sizes taken from the publisher full text; the Scopus abstract omits them,"The study enrolled a total of 196 participants, comprising 100 individuals with AD and 96 healthy controls."
2026-09-28 full-text pass (author-supplied publisher and dataset sources),study 10.1515/tjb-2025-0113 (quadas2_study_level),Miao Y,2026,corrected,fulltext_availability,no_pmc_record,yes,publisher open-access full text read,All AD cases were clinically confirmed based on NINCDS-ADRDA criteria through systematic evaluation at the Geriatric Hospital Affiliated to Wuhan University of Science and Technology
2026-09-28 full-text pass (author-supplied publisher and dataset sources),study 10.1515/tjb-2025-0113 (quadas2_study_level),Miao Y,2026,corrected,reference_standard_named,,yes,publisher open-access full text read,All AD cases were clinically confirmed based on NINCDS-ADRDA criteria through systematic evaluation at the Geriatric Hospital Affiliated to Wuhan University of Science and Technology
2026-09-28 full-text pass (author-supplied publisher and dataset sources),study 10.1515/tjb-2025-0113 (quadas2_study_level),Miao Y,2026,corrected,autopsy_confirmed,,no,publisher open-access full text read,All AD cases were clinically confirmed based on NINCDS-ADRDA criteria through systematic evaluation at the Geriatric Hospital Affiliated to Wuhan University of Science and Technology
2026-09-28 recall check (full-text pass on studies whose abstract lacked an accuracy statement),E090,Chen L,2018,added,,,,study missed by the abstract-based accuracy filter; full text read and estimate extracted,"Furthermore, both let‐7a and let‐7f showed high sensitivity and specificity to detect PD with AUC values 0.895 and 0.848, respectively (Figure)."
2026-09-28 recall check (full-text pass on studies whose abstract lacked an accuracy statement),E091,Chen L,2018,added,,,,study missed by the abstract-based accuracy filter; full text read and estimate extracted,"Furthermore, both let‐7a and let‐7f showed high sensitivity and specificity to detect PD with AUC values 0.895 and 0.848, respectively (Figure)."
2026-09-28 recall check (full-text pass on studies whose abstract lacked an accuracy statement),E092,Chen L,2018,added,,,,study missed by the abstract-based accuracy filter; full text read and estimate extracted,"Receiver operating characteristic curves () of miR‐27a were generated using MedCalc Software, with the value 0.803"
2026-09-28 recall check (full-text pass on studies whose abstract lacked an accuracy statement),E093,Chen L,2018,added,,,,study missed by the abstract-based accuracy filter; full text read and estimate extracted,"As shown in Figureand, upregulation of miR‐27a and downregulation of let‐7a, let‐7f, miR‐142‐3p, and miR‐222 in PD‐diagnosed patients showed AUC values more than 0.8, indicating high sensitivity and specificity to predict PD."
2026-09-28 recall check (full-text pass on studies whose abstract lacked an accuracy statement),E094,Chen L,2018,added,,,,study missed by the abstract-based accuracy filter; full text read and estimate extracted,"As shown in Figureand, upregulation of miR‐27a and downregulation of let‐7a, let‐7f, miR‐142‐3p, and miR‐222 in PD‐diagnosed patients showed AUC values more than 0.8, indicating high sensitivity and specificity to predict PD."
2026-09-28 recall check (full-text pass on studies whose abstract lacked an accuracy statement),E095,Li H,2020,added,,,,study missed by the abstract-based accuracy filter; full text read and estimate extracted,"The area under the curve (AUC) shown in Figureb was 0.880, indicating the high diagnostic accuracy for miR‐150 to screen PD patients from the healthy controls. At an optimal cutoff value of 0.550, serum miR‐150 could be used to distinguish PD patients from healthy individuals with relatively high sensitivity (77.5%) and specificity (88.3%)."
2026-09-28 recall check (full-text pass on studies whose abstract lacked an accuracy statement),E096,He S,2021,added,,,,study missed by the abstract-based accuracy filter; full text read and estimate extracted,"Among them, 2 miRNAs (hsa-miR-374a-5p and hsa-miR-374b-5p) distinguished stages II, III and IV from control. The AUCs of hsa-miR-374a-5p were 0.758 (95% CI: 57.21–99.40,= 0.026), 0.780 (95% CI: 67.33–88.58,< 0.0001) and 0.763 (95% CI: 62.13–90.36,= 0.0012) and the AUCs of hsa-miR-374b-5p were 0.798 (95% CI: 60.84–98.84,= 0.0101), 0.742 (95% CI: 62.40–85.98,= 0.0004) and 0.761 (95% CI: 61.82–90.38,= 0.0013)"
2026-09-28 recall check (full-text pass on studies whose abstract lacked an accuracy statement),E097,He S,2021,added,,,,study missed by the abstract-based accuracy filter; full text read and estimate extracted,"Among them, 2 miRNAs (hsa-miR-374a-5p and hsa-miR-374b-5p) distinguished stages II, III and IV from control. The AUCs of hsa-miR-374a-5p were 0.758 (95% CI: 57.21–99.40,= 0.026), 0.780 (95% CI: 67.33–88.58,< 0.0001) and 0.763 (95% CI: 62.13–90.36,= 0.0012) and the AUCs of hsa-miR-374b-5p were 0.798 (95% CI: 60.84–98.84,= 0.0101), 0.742 (95% CI: 62.40–85.98,= 0.0004) and 0.761 (95% CI: 61.82–90.38,= 0.0013)"
2026-09-28 recall check (full-text pass on studies whose abstract lacked an accuracy statement),E098,He S,2021,added,,,,study missed by the abstract-based accuracy filter; full text read and estimate extracted,"Among them, 2 miRNAs (hsa-miR-374a-5p and hsa-miR-374b-5p) distinguished stages II, III and IV from control. The AUCs of hsa-miR-374a-5p were 0.758 (95% CI: 57.21–99.40,= 0.026), 0.780 (95% CI: 67.33–88.58,< 0.0001) and 0.763 (95% CI: 62.13–90.36,= 0.0012) and the AUCs of hsa-miR-374b-5p were 0.798 (95% CI: 60.84–98.84,= 0.0101), 0.742 (95% CI: 62.40–85.98,= 0.0004) and 0.761 (95% CI: 61.82–90.38,= 0.0013)"
2026-09-28 recall check (full-text pass on studies whose abstract lacked an accuracy statement),E099,He S,2021,added,,,,study missed by the abstract-based accuracy filter; full text read and estimate extracted,"Among them, 2 miRNAs (hsa-miR-374a-5p and hsa-miR-374b-5p) distinguished stages II, III and IV from control. The AUCs of hsa-miR-374a-5p were 0.758 (95% CI: 57.21–99.40,= 0.026), 0.780 (95% CI: 67.33–88.58,< 0.0001) and 0.763 (95% CI: 62.13–90.36,= 0.0012) and the AUCs of hsa-miR-374b-5p were 0.798 (95% CI: 60.84–98.84,= 0.0101), 0.742 (95% CI: 62.40–85.98,= 0.0004) and 0.761 (95% CI: 61.82–90.38,= 0.0013)"
2026-09-28 recall check (full-text pass on studies whose abstract lacked an accuracy statement),E100,He S,2021,added,,,,study missed by the abstract-based accuracy filter; full text read and estimate extracted,"Among them, 2 miRNAs (hsa-miR-374a-5p and hsa-miR-374b-5p) distinguished stages II, III and IV from control. The AUCs of hsa-miR-374a-5p were 0.758 (95% CI: 57.21–99.40,= 0.026), 0.780 (95% CI: 67.33–88.58,< 0.0001) and 0.763 (95% CI: 62.13–90.36,= 0.0012) and the AUCs of hsa-miR-374b-5p were 0.798 (95% CI: 60.84–98.84,= 0.0101), 0.742 (95% CI: 62.40–85.98,= 0.0004) and 0.761 (95% CI: 61.82–90.38,= 0.0013)"
2026-09-28 recall check (full-text pass on studies whose abstract lacked an accuracy statement),E101,He S,2021,added,,,,study missed by the abstract-based accuracy filter; full text read and estimate extracted,"Among them, 2 miRNAs (hsa-miR-374a-5p and hsa-miR-374b-5p) distinguished stages II, III and IV from control. The AUCs of hsa-miR-374a-5p were 0.758 (95% CI: 57.21–99.40,= 0.026), 0.780 (95% CI: 67.33–88.58,< 0.0001) and 0.763 (95% CI: 62.13–90.36,= 0.0012) and the AUCs of hsa-miR-374b-5p were 0.798 (95% CI: 60.84–98.84,= 0.0101), 0.742 (95% CI: 62.40–85.98,= 0.0004) and 0.761 (95% CI: 61.82–90.38,= 0.0013)"
2026-09-28 recall check (full-text pass on studies whose abstract lacked an accuracy statement),E102,He S,2021,added,,,,study missed by the abstract-based accuracy filter; full text read and estimate extracted,"One miRNA (hsa-miR-199a-3p) distinguished stage II from control, stage III and stage IV with AUCs of 0.738 (95% CI: 55.97–91.61,= 0.0402), 0.729 (95% CI: 54.93–90.91,= 0.0416) and 0.756 (95% CI: 55.97–95.17,= 0.0348)"
2026-09-28 recall check (full-text pass on studies whose abstract lacked an accuracy statement),E103,He S,2021,added,,,,study missed by the abstract-based accuracy filter; full text read and estimate extracted,"One miRNA (hsa-miR-199a-3p) distinguished stage II from control, stage III and stage IV with AUCs of 0.738 (95% CI: 55.97–91.61,= 0.0402), 0.729 (95% CI: 54.93–90.91,= 0.0416) and 0.756 (95% CI: 55.97–95.17,= 0.0348)"
2026-09-28 recall check (full-text pass on studies whose abstract lacked an accuracy statement),E104,He S,2021,added,,,,study missed by the abstract-based accuracy filter; full text read and estimate extracted,"One miRNA (hsa-miR-199a-3p) distinguished stage II from control, stage III and stage IV with AUCs of 0.738 (95% CI: 55.97–91.61,= 0.0402), 0.729 (95% CI: 54.93–90.91,= 0.0416) and 0.756 (95% CI: 55.97–95.17,= 0.0348)"
2026-09-28 recall check (full-text pass on studies whose abstract lacked an accuracy statement),E105,He S,2021,added,,,,study missed by the abstract-based accuracy filter; full text read and estimate extracted,"One miRNA (hsa-miR-28-5p) distinguished stage III from control, stage II and stage IV with AUCs of 0.746 (95% CI: 63.47–85.68,= 0.0004), 0.789 (95% CI: 64.07–93.67,= 0.0103) and 0.738 (95% CI: 61.69–85.93,= 0.0019)"
2026-09-28 recall check (full-text pass on studies whose abstract lacked an accuracy statement),E106,He S,2021,added,,,,study missed by the abstract-based accuracy filter; full text read and estimate extracted,"One miRNA (hsa-miR-28-5p) distinguished stage III from control, stage II and stage IV with AUCs of 0.746 (95% CI: 63.47–85.68,= 0.0004), 0.789 (95% CI: 64.07–93.67,= 0.0103) and 0.738 (95% CI: 61.69–85.93,= 0.0019)"
2026-09-28 recall check (full-text pass on studies whose abstract lacked an accuracy statement),E107,He S,2021,added,,,,study missed by the abstract-based accuracy filter; full text read and estimate extracted,"One miRNA (hsa-miR-28-5p) distinguished stage III from control, stage II and stage IV with AUCs of 0.746 (95% CI: 63.47–85.68,= 0.0004), 0.789 (95% CI: 64.07–93.67,= 0.0103) and 0.738 (95% CI: 61.69–85.93,= 0.0019)"
2026-09-28 recall check (full-text pass on studies whose abstract lacked an accuracy statement),E108,He S,2021,added,,,,study missed by the abstract-based accuracy filter; full text read and estimate extracted,"Three miRNAs (hsa-miR-22-5p, hsa-miR-151a-5p and hsa-miR-29a-3p) distinguished stage IV from control, stage II and stage III. The AUCs of hsa-miR-22-5p were 0.817 (95% CI: 70.23–93.12,< 0.0001), 0.773 (95% CI: 54.95–99.59,= 0.0244) and 0.700 (95% CI: 57.13–82.91,= 0.0089). The AUCs of hsa-miR-151a-5p were 0.741 (95% CI: 60.65–87.44,= 0.0031), 0.796 (95% CI: 60.0–99.09,= 0.0147) and 0.708 (95% CI: 58.12–83.44,= 0.0066) and the AUCs of hsa-miR-29a-3p were 0.743 (95% CI: 60.89–87.79,= 0.0027), 0.813 (95% CI: 65.22–97.28,= 0.0099) and 0.712 (95% CI: 57.82–84.60,= 0.0056)"
2026-09-28 recall check (full-text pass on studies whose abstract lacked an accuracy statement),E109,He S,2021,added,,,,study missed by the abstract-based accuracy filter; full text read and estimate extracted,"Three miRNAs (hsa-miR-22-5p, hsa-miR-151a-5p and hsa-miR-29a-3p) distinguished stage IV from control, stage II and stage III. The AUCs of hsa-miR-22-5p were 0.817 (95% CI: 70.23–93.12,< 0.0001), 0.773 (95% CI: 54.95–99.59,= 0.0244) and 0.700 (95% CI: 57.13–82.91,= 0.0089). The AUCs of hsa-miR-151a-5p were 0.741 (95% CI: 60.65–87.44,= 0.0031), 0.796 (95% CI: 60.0–99.09,= 0.0147) and 0.708 (95% CI: 58.12–83.44,= 0.0066) and the AUCs of hsa-miR-29a-3p were 0.743 (95% CI: 60.89–87.79,= 0.0027), 0.813 (95% CI: 65.22–97.28,= 0.0099) and 0.712 (95% CI: 57.82–84.60,= 0.0056)"
2026-09-28 recall check (full-text pass on studies whose abstract lacked an accuracy statement),E110,He S,2021,added,,,,study missed by the abstract-based accuracy filter; full text read and estimate extracted,"Three miRNAs (hsa-miR-22-5p, hsa-miR-151a-5p and hsa-miR-29a-3p) distinguished stage IV from control, stage II and stage III. The AUCs of hsa-miR-22-5p were 0.817 (95% CI: 70.23–93.12,< 0.0001), 0.773 (95% CI: 54.95–99.59,= 0.0244) and 0.700 (95% CI: 57.13–82.91,= 0.0089). The AUCs of hsa-miR-151a-5p were 0.741 (95% CI: 60.65–87.44,= 0.0031), 0.796 (95% CI: 60.0–99.09,= 0.0147) and 0.708 (95% CI: 58.12–83.44,= 0.0066) and the AUCs of hsa-miR-29a-3p were 0.743 (95% CI: 60.89–87.79,= 0.0027), 0.813 (95% CI: 65.22–97.28,= 0.0099) and 0.712 (95% CI: 57.82–84.60,= 0.0056)"
2026-09-28 recall check (full-text pass on studies whose abstract lacked an accuracy statement),E111,He S,2021,added,,,,study missed by the abstract-based accuracy filter; full text read and estimate extracted,"Three miRNAs (hsa-miR-22-5p, hsa-miR-151a-5p and hsa-miR-29a-3p) distinguished stage IV from control, stage II and stage III. The AUCs of hsa-miR-22-5p were 0.817 (95% CI: 70.23–93.12,< 0.0001), 0.773 (95% CI: 54.95–99.59,= 0.0244) and 0.700 (95% CI: 57.13–82.91,= 0.0089). The AUCs of hsa-miR-151a-5p were 0.741 (95% CI: 60.65–87.44,= 0.0031), 0.796 (95% CI: 60.0–99.09,= 0.0147) and 0.708 (95% CI: 58.12–83.44,= 0.0066) and the AUCs of hsa-miR-29a-3p were 0.743 (95% CI: 60.89–87.79,= 0.0027), 0.813 (95% CI: 65.22–97.28,= 0.0099) and 0.712 (95% CI: 57.82–84.60,= 0.0056)"
2026-09-28 recall check (full-text pass on studies whose abstract lacked an accuracy statement),E112,He S,2021,added,,,,study missed by the abstract-based accuracy filter; full text read and estimate extracted,"Three miRNAs (hsa-miR-22-5p, hsa-miR-151a-5p and hsa-miR-29a-3p) distinguished stage IV from control, stage II and stage III. The AUCs of hsa-miR-22-5p were 0.817 (95% CI: 70.23–93.12,< 0.0001), 0.773 (95% CI: 54.95–99.59,= 0.0244) and 0.700 (95% CI: 57.13–82.91,= 0.0089). The AUCs of hsa-miR-151a-5p were 0.741 (95% CI: 60.65–87.44,= 0.0031), 0.796 (95% CI: 60.0–99.09,= 0.0147) and 0.708 (95% CI: 58.12–83.44,= 0.0066) and the AUCs of hsa-miR-29a-3p were 0.743 (95% CI: 60.89–87.79,= 0.0027), 0.813 (95% CI: 65.22–97.28,= 0.0099) and 0.712 (95% CI: 57.82–84.60,= 0.0056)"
2026-09-28 recall check (full-text pass on studies whose abstract lacked an accuracy statement),E113,He S,2021,added,,,,study missed by the abstract-based accuracy filter; full text read and estimate extracted,"Three miRNAs (hsa-miR-22-5p, hsa-miR-151a-5p and hsa-miR-29a-3p) distinguished stage IV from control, stage II and stage III. The AUCs of hsa-miR-22-5p were 0.817 (95% CI: 70.23–93.12,< 0.0001), 0.773 (95% CI: 54.95–99.59,= 0.0244) and 0.700 (95% CI: 57.13–82.91,= 0.0089). The AUCs of hsa-miR-151a-5p were 0.741 (95% CI: 60.65–87.44,= 0.0031), 0.796 (95% CI: 60.0–99.09,= 0.0147) and 0.708 (95% CI: 58.12–83.44,= 0.0066) and the AUCs of hsa-miR-29a-3p were 0.743 (95% CI: 60.89–87.79,= 0.0027), 0.813 (95% CI: 65.22–97.28,= 0.0099) and 0.712 (95% CI: 57.82–84.60,= 0.0056)"
2026-09-28 recall check (full-text pass on studies whose abstract lacked an accuracy statement),E114,He S,2021,added,,,,study missed by the abstract-based accuracy filter; full text read and estimate extracted,"Three miRNAs (hsa-miR-22-5p, hsa-miR-151a-5p and hsa-miR-29a-3p) distinguished stage IV from control, stage II and stage III. The AUCs of hsa-miR-22-5p were 0.817 (95% CI: 70.23–93.12,< 0.0001), 0.773 (95% CI: 54.95–99.59,= 0.0244) and 0.700 (95% CI: 57.13–82.91,= 0.0089). The AUCs of hsa-miR-151a-5p were 0.741 (95% CI: 60.65–87.44,= 0.0031), 0.796 (95% CI: 60.0–99.09,= 0.0147) and 0.708 (95% CI: 58.12–83.44,= 0.0066) and the AUCs of hsa-miR-29a-3p were 0.743 (95% CI: 60.89–87.79,= 0.0027), 0.813 (95% CI: 65.22–97.28,= 0.0099) and 0.712 (95% CI: 57.82–84.60,= 0.0056)"
2026-09-28 recall check (full-text pass on studies whose abstract lacked an accuracy statement),E115,He S,2021,added,,,,study missed by the abstract-based accuracy filter; full text read and estimate extracted,"Three miRNAs (hsa-miR-22-5p, hsa-miR-151a-5p and hsa-miR-29a-3p) distinguished stage IV from control, stage II and stage III. The AUCs of hsa-miR-22-5p were 0.817 (95% CI: 70.23–93.12,< 0.0001), 0.773 (95% CI: 54.95–99.59,= 0.0244) and 0.700 (95% CI: 57.13–82.91,= 0.0089). The AUCs of hsa-miR-151a-5p were 0.741 (95% CI: 60.65–87.44,= 0.0031), 0.796 (95% CI: 60.0–99.09,= 0.0147) and 0.708 (95% CI: 58.12–83.44,= 0.0066) and the AUCs of hsa-miR-29a-3p were 0.743 (95% CI: 60.89–87.79,= 0.0027), 0.813 (95% CI: 65.22–97.28,= 0.0099) and 0.712 (95% CI: 57.82–84.60,= 0.0056)"
2026-09-28 recall check (full-text pass on studies whose abstract lacked an accuracy statement),E116,He S,2021,added,,,,study missed by the abstract-based accuracy filter; full text read and estimate extracted,"Three miRNAs (hsa-miR-22-5p, hsa-miR-151a-5p and hsa-miR-29a-3p) distinguished stage IV from control, stage II and stage III. The AUCs of hsa-miR-22-5p were 0.817 (95% CI: 70.23–93.12,< 0.0001), 0.773 (95% CI: 54.95–99.59,= 0.0244) and 0.700 (95% CI: 57.13–82.91,= 0.0089). The AUCs of hsa-miR-151a-5p were 0.741 (95% CI: 60.65–87.44,= 0.0031), 0.796 (95% CI: 60.0–99.09,= 0.0147) and 0.708 (95% CI: 58.12–83.44,= 0.0066) and the AUCs of hsa-miR-29a-3p were 0.743 (95% CI: 60.89–87.79,= 0.0027), 0.813 (95% CI: 65.22–97.28,= 0.0099) and 0.712 (95% CI: 57.82–84.60,= 0.0056)"
2026-09-28 recall check (full-text pass on studies whose abstract lacked an accuracy statement),E117,Chen X,2025,added,,,,study missed by the abstract-based accuracy filter; full text read and estimate extracted,"For example, miR-151-3p, miR-4433b-5p, miR-628-3p, and miR-210-3p all showed ROC curve area under the curve (AUC) greater than 0.8 among the three groups (). Notably, the AUC values of miR-210-3p and miR-151-3p were higher than 0.9, respectively, showing high sensitivity and specificity, which demonstrated their excellent potential in identifying NC, MCI and AD patients. The AUC values of miR-10b-5p and miR-144-5p reached 0.79, close to 0.8, respectively, showing moderate predictive efficacy."
2026-09-28 recall check (full-text pass on studies whose abstract lacked an accuracy statement),E118,Chen X,2025,added,,,,study missed by the abstract-based accuracy filter; full text read and estimate extracted,"For example, miR-151-3p, miR-4433b-5p, miR-628-3p, and miR-210-3p all showed ROC curve area under the curve (AUC) greater than 0.8 among the three groups (). Notably, the AUC values of miR-210-3p and miR-151-3p were higher than 0.9, respectively, showing high sensitivity and specificity, which demonstrated their excellent potential in identifying NC, MCI and AD patients. The AUC values of miR-10b-5p and miR-144-5p reached 0.79, close to 0.8, respectively, showing moderate predictive efficacy."
2026-09-28 recall check (full-text pass on studies whose abstract lacked an accuracy statement),E119,Chen X,2025,added,,,,study missed by the abstract-based accuracy filter; full text read and estimate extracted,"For example, miR-151-3p, miR-4433b-5p, miR-628-3p, and miR-210-3p all showed ROC curve area under the curve (AUC) greater than 0.8 among the three groups (). Notably, the AUC values of miR-210-3p and miR-151-3p were higher than 0.9, respectively, showing high sensitivity and specificity, which demonstrated their excellent potential in identifying NC, MCI and AD patients. The AUC values of miR-10b-5p and miR-144-5p reached 0.79, close to 0.8, respectively, showing moderate predictive efficacy."
2026-09-28 recall check (full-text pass on studies whose abstract lacked an accuracy statement),E120,Chen X,2025,added,,,,study missed by the abstract-based accuracy filter; full text read and estimate extracted,"For example, miR-151-3p, miR-4433b-5p, miR-628-3p, and miR-210-3p all showed ROC curve area under the curve (AUC) greater than 0.8 among the three groups (). Notably, the AUC values of miR-210-3p and miR-151-3p were higher than 0.9, respectively, showing high sensitivity and specificity, which demonstrated their excellent potential in identifying NC, MCI and AD patients. The AUC values of miR-10b-5p and miR-144-5p reached 0.79, close to 0.8, respectively, showing moderate predictive efficacy."
2026-09-28 recall check (full-text pass on studies whose abstract lacked an accuracy statement),E121,Chen X,2025,added,,,,study missed by the abstract-based accuracy filter; full text read and estimate extracted,"For example, miR-151-3p, miR-4433b-5p, miR-628-3p, and miR-210-3p all showed ROC curve area under the curve (AUC) greater than 0.8 among the three groups (). Notably, the AUC values of miR-210-3p and miR-151-3p were higher than 0.9, respectively, showing high sensitivity and specificity, which demonstrated their excellent potential in identifying NC, MCI and AD patients. The AUC values of miR-10b-5p and miR-144-5p reached 0.79, close to 0.8, respectively, showing moderate predictive efficacy."
2026-09-28 recall check (full-text pass on studies whose abstract lacked an accuracy statement),E122,Chen X,2025,added,,,,study missed by the abstract-based accuracy filter; full text read and estimate extracted,"For example, miR-151-3p, miR-4433b-5p, miR-628-3p, and miR-210-3p all showed ROC curve area under the curve (AUC) greater than 0.8 among the three groups (). Notably, the AUC values of miR-210-3p and miR-151-3p were higher than 0.9, respectively, showing high sensitivity and specificity, which demonstrated their excellent potential in identifying NC, MCI and AD patients. The AUC values of miR-10b-5p and miR-144-5p reached 0.79, close to 0.8, respectively, showing moderate predictive efficacy."
2026-09-28 recall check (full-text pass on studies whose abstract lacked an accuracy statement),E123,Dong H,2015,added,,,,study missed by the abstract-based accuracy filter; full text read and estimate extracted,"The areas under the curve (AUC) of the four miRNAs in the training set were as follows: miR-31, 0.717 (95% CI, 0.615–0.818); miR-93, 0.755 (95% CI, 0.660–0.850); miR-143, 0.808 (95% CI, 0.723–0.892); and miR-146a, 0.757 (95% CI, 0.663–0.851)"
2026-09-28 recall check (full-text pass on studies whose abstract lacked an accuracy statement),E124,Dong H,2015,added,,,,study missed by the abstract-based accuracy filter; full text read and estimate extracted,"For the serum samples in the validation set, the AUC for the four miRNA were as follows: miR-31, 0.720 (95% CI, 0.639–0.801); miR-93, 0.693 (95% CI, 0.611–0.776); miR-143, 0.706 (95% CI, 0.624–0.788); and miR-146a, 0.707 (95% CI, 0.625–0.788)"
2026-09-28 recall check (full-text pass on studies whose abstract lacked an accuracy statement),E125,Dong H,2015,added,,,,study missed by the abstract-based accuracy filter; full text read and estimate extracted,"The areas under the curve (AUC) of the four miRNAs in the training set were as follows: miR-31, 0.717 (95% CI, 0.615–0.818); miR-93, 0.755 (95% CI, 0.660–0.850); miR-143, 0.808 (95% CI, 0.723–0.892); and miR-146a, 0.757 (95% CI, 0.663–0.851)"
2026-09-28 recall check (full-text pass on studies whose abstract lacked an accuracy statement),E126,Dong H,2015,added,,,,study missed by the abstract-based accuracy filter; full text read and estimate extracted,"For the serum samples in the validation set, the AUC for the four miRNA were as follows: miR-31, 0.720 (95% CI, 0.639–0.801); miR-93, 0.693 (95% CI, 0.611–0.776); miR-143, 0.706 (95% CI, 0.624–0.788); and miR-146a, 0.707 (95% CI, 0.625–0.788)"
2026-09-28 recall check (full-text pass on studies whose abstract lacked an accuracy statement),E127,Dong H,2015,added,,,,study missed by the abstract-based accuracy filter; full text read and estimate extracted,"The areas under the curve (AUC) of the four miRNAs in the training set were as follows: miR-31, 0.717 (95% CI, 0.615–0.818); miR-93, 0.755 (95% CI, 0.660–0.850); miR-143, 0.808 (95% CI, 0.723–0.892); and miR-146a, 0.757 (95% CI, 0.663–0.851)"
2026-09-28 recall check (full-text pass on studies whose abstract lacked an accuracy statement),E128,Dong H,2015,added,,,,study missed by the abstract-based accuracy filter; full text read and estimate extracted,"For the serum samples in the validation set, the AUC for the four miRNA were as follows: miR-31, 0.720 (95% CI, 0.639–0.801); miR-93, 0.693 (95% CI, 0.611–0.776); miR-143, 0.706 (95% CI, 0.624–0.788); and miR-146a, 0.707 (95% CI, 0.625–0.788)"
2026-09-28 recall check (full-text pass on studies whose abstract lacked an accuracy statement),E129,Dong H,2015,added,,,,study missed by the abstract-based accuracy filter; full text read and estimate extracted,"The areas under the curve (AUC) of the four miRNAs in the training set were as follows: miR-31, 0.717 (95% CI, 0.615–0.818); miR-93, 0.755 (95% CI, 0.660–0.850); miR-143, 0.808 (95% CI, 0.723–0.892); and miR-146a, 0.757 (95% CI, 0.663–0.851)"
2026-09-28 recall check (full-text pass on studies whose abstract lacked an accuracy statement),E130,Dong H,2015,added,,,,study missed by the abstract-based accuracy filter; full text read and estimate extracted,"For the serum samples in the validation set, the AUC for the four miRNA were as follows: miR-31, 0.720 (95% CI, 0.639–0.801); miR-93, 0.693 (95% CI, 0.611–0.776); miR-143, 0.706 (95% CI, 0.624–0.788); and miR-146a, 0.707 (95% CI, 0.625–0.788)"
2026-09-28 recall check (full-text pass on studies whose abstract lacked an accuracy statement),E131,Dong H,2015,added,,,,study missed by the abstract-based accuracy filter; full text read and estimate extracted,"The AUC for the combination of the four miRNAs was 0.746 (95% CI, 0.647–0.846) and 0.709 (95% CI, 0.628–0.791) for AD in the training and in validation sets, respectively"
2026-09-28 recall check (full-text pass on studies whose abstract lacked an accuracy statement),E132,Dong H,2015,added,,,,study missed by the abstract-based accuracy filter; full text read and estimate extracted,"The AUC for the combination of the four miRNAs was 0.746 (95% CI, 0.647–0.846) and 0.709 (95% CI, 0.628–0.791) for AD in the training and in validation sets, respectively"
2026-09-28 recall check (full-text pass on studies whose abstract lacked an accuracy statement),E133,Siedlecki-Wullich D,2019,added,,,,study missed by the abstract-based accuracy filter; full text read and estimate extracted,"AUC values for miR-92a-3p, miR-181c-5p and miR-210-3p when AD subjects were compared to HC were 0.70, 0.77 and 0.80, respectively. Whereas miR-92a-3p has 47.37% of sensitivity and 92.86% of specificity, miR-181c-5p has 70.18% of sensitivity and 85.71% of specificity and miR-210-3p has 80.70% of sensitivity and 71.43% of specificity (Table)."
2026-09-28 recall check (full-text pass on studies whose abstract lacked an accuracy statement),E134,Siedlecki-Wullich D,2019,added,,,,study missed by the abstract-based accuracy filter; full text read and estimate extracted,"AUC values for miR-92a-3p, miR-181c-5p and miR-210-3p when AD subjects were compared to HC were 0.70, 0.77 and 0.80, respectively. Whereas miR-92a-3p has 47.37% of sensitivity and 92.86% of specificity, miR-181c-5p has 70.18% of sensitivity and 85.71% of specificity and miR-210-3p has 80.70% of sensitivity and 71.43% of specificity (Table)."
2026-09-28 recall check (full-text pass on studies whose abstract lacked an accuracy statement),E135,Siedlecki-Wullich D,2019,added,,,,study missed by the abstract-based accuracy filter; full text read and estimate extracted,"AUC values for miR-92a-3p, miR-181c-5p and miR-210-3p when AD subjects were compared to HC were 0.70, 0.77 and 0.80, respectively. Whereas miR-92a-3p has 47.37% of sensitivity and 92.86% of specificity, miR-181c-5p has 70.18% of sensitivity and 85.71% of specificity and miR-210-3p has 80.70% of sensitivity and 71.43% of specificity (Table)."
2026-09-28 recall check (full-text pass on studies whose abstract lacked an accuracy statement),E136,Siedlecki-Wullich D,2019,added,,,,study missed by the abstract-based accuracy filter; full text read and estimate extracted,"This molecular miRNA signature provided an AUC value of 0.855, a sensitivity of 92.86% and a specificity of 71.43% when AD samples were compared to HC (Fig.b and Table)."
2026-09-28 recall check (full-text pass on studies whose abstract lacked an accuracy statement),E137,Siedlecki-Wullich D,2019,added,,,,study missed by the abstract-based accuracy filter; full text read and estimate extracted,"The values obtained for miR-92a-3p, miR-181c-5p and miR-210-3p when HC were compared with MCI subjects were as follows: AUC values of 0.67, 0.84 and 0.74, respectively; 50.00%, 84.62% and 76.92% of sensitivity, respectively; and 92.86%, 85.71% and 71.43% of specificity, respectively (Table)."
2026-09-28 recall check (full-text pass on studies whose abstract lacked an accuracy statement),E138,Siedlecki-Wullich D,2019,added,,,,study missed by the abstract-based accuracy filter; full text read and estimate extracted,"The values obtained for miR-92a-3p, miR-181c-5p and miR-210-3p when HC were compared with MCI subjects were as follows: AUC values of 0.67, 0.84 and 0.74, respectively; 50.00%, 84.62% and 76.92% of sensitivity, respectively; and 92.86%, 85.71% and 71.43% of specificity, respectively (Table)."
2026-09-28 recall check (full-text pass on studies whose abstract lacked an accuracy statement),E139,Siedlecki-Wullich D,2019,added,,,,study missed by the abstract-based accuracy filter; full text read and estimate extracted,"The values obtained for miR-92a-3p, miR-181c-5p and miR-210-3p when HC were compared with MCI subjects were as follows: AUC values of 0.67, 0.84 and 0.74, respectively; 50.00%, 84.62% and 76.92% of sensitivity, respectively; and 92.86%, 85.71% and 71.43% of specificity, respectively (Table)."
2026-09-28 recall check (full-text pass on studies whose abstract lacked an accuracy statement),E140,Siedlecki-Wullich D,2019,added,,,,study missed by the abstract-based accuracy filter; full text read and estimate extracted,"We determined an AUC value of 0.893, a sensitivity of 84.62% and a specificity of 85.71% for distinguishing MCI from HC (Fig.a and Table)."
2026-09-28 recall check (full-text pass on studies whose abstract lacked an accuracy statement),E141,Ravanidis S,2020,added,,,,study missed by the abstract-based accuracy filter; full text read and estimate extracted,"To evaluate the utility of plasma miRNA levels in discriminating subjects with PD from healthy controls, ROC curve analysis was performed after merging the data from both studies. The diagnostic sensitivity and specificity of a three‐miRNA panel (miR‐7‐5p, miR‐136‐3p, miR‐409‐3p), when age and sex are taken into account, were 72% and 67%, respectively, and the AUC was 0.736 (Fig.)."
2026-09-28 recall check (full-text pass on studies whose abstract lacked an accuracy statement),E142,Chen Q,2021,added,,,,study missed by the abstract-based accuracy filter; full text read and estimate extracted,"ROC curve analysis revealed good diagnostic values for miR-133b to differentiate PD from controls (AUC values 0.84, 82.6% sensitivity and 88.9% specificity; Fig.a), whereas the diagnostic values for miR-221-3p were lower (AUC values 0.64, 55.2% sensitivity and 80.0% specificity; Fig.b)."
2026-09-28 recall check (full-text pass on studies whose abstract lacked an accuracy statement),E143,Chen Q,2021,added,,,,study missed by the abstract-based accuracy filter; full text read and estimate extracted,"ROC curve analysis revealed good diagnostic values for miR-133b to differentiate PD from controls (AUC values 0.84, 82.6% sensitivity and 88.9% specificity; Fig.a), whereas the diagnostic values for miR-221-3p were lower (AUC values 0.64, 55.2% sensitivity and 80.0% specificity; Fig.b)."
2026-09-28 recall check (full-text pass on studies whose abstract lacked an accuracy statement),E144,Chen Q,2021,added,,,,study missed by the abstract-based accuracy filter; full text read and estimate extracted,Combining miR-133b with miR-221-3p increased the AUC values to 0.85 (84.8% sensitivity and 88.9% specificity; Fig.c).
2026-09-28 recall check (full-text pass on studies whose abstract lacked an accuracy statement),E145,Chen Q,2021,added,,,,study missed by the abstract-based accuracy filter; full text read and estimate extracted,"The area under the curve (AUC) value for miR-221-3p was 0.80, with 74.1% sensitivity and 86.7% specificity (Fig.a). The AUC value for miR-133b and miR-320a was 0.74 with 77.8% and 66.7% sensitivity and 66.7% and 86.7% specificity, respectively (Fig.b,c). Combining these three miRNAs increased the AUC value to 0.82. They sensitivity was 81.5%, and the specificity was 86.7% (Fig.d)."
2026-09-28 recall check (full-text pass on studies whose abstract lacked an accuracy statement),E146,Chen Q,2021,added,,,,study missed by the abstract-based accuracy filter; full text read and estimate extracted,"The AUC value for miR-133b and miR-320a was 0.74 with 77.8% and 66.7% sensitivity and 66.7% and 86.7% specificity, respectively (Fig.b,c)."
2026-09-28 recall check (full-text pass on studies whose abstract lacked an accuracy statement),E147,Chen Q,2021,added,,,,study missed by the abstract-based accuracy filter; full text read and estimate extracted,"The AUC value for miR-133b and miR-320a was 0.74 with 77.8% and 66.7% sensitivity and 66.7% and 86.7% specificity, respectively (Fig.b,c)."
2026-09-28 recall check (full-text pass on studies whose abstract lacked an accuracy statement),E148,Chen Q,2021,added,,,,study missed by the abstract-based accuracy filter; full text read and estimate extracted,"Combining these three miRNAs increased the AUC value to 0.82. They sensitivity was 81.5%, and the specificity was 86.7% (Fig.d)."
2026-09-28 recall check (full-text pass on studies whose abstract lacked an accuracy statement),E149,Chen Q,2021,added,,,,study missed by the abstract-based accuracy filter; full text read and estimate extracted,"For early PD diagnosis, the AUC values for miR-133b and miR-221-3p were 0.68 and 0.75, respectively. The sensitivity and specificity of miR-133b were both 66.7%, and those of miR-221-3p were 72.2% and 86.7%, respectively (Fig.c,d)."
2026-09-28 recall check (full-text pass on studies whose abstract lacked an accuracy statement),E150,Chen Q,2021,added,,,,study missed by the abstract-based accuracy filter; full text read and estimate extracted,"For early PD diagnosis, the AUC values for miR-133b and miR-221-3p were 0.68 and 0.75, respectively. The sensitivity and specificity of miR-133b were both 66.7%, and those of miR-221-3p were 72.2% and 86.7%, respectively (Fig.c,d)."
2026-09-28 recall check (full-text pass on studies whose abstract lacked an accuracy statement),E151,Chen Q,2021,added,,,,study missed by the abstract-based accuracy filter; full text read and estimate extracted,"The combination of miR-133b and miR-221-3p did not change the AUC value (0.75) and the sensitivity was 77.8%%, and the specificity was 80.0% (Fig.e)."
2026-09-28 recall check (full-text pass on studies whose abstract lacked an accuracy statement),E152,Chen Q,2021,added,,,,study missed by the abstract-based accuracy filter; full text read and estimate extracted,"For early PD diagnosis, the AUC values for miR-133b and miR-221-3p were 0.90 and 0.67, respectively. The sensitivity and specificity of miR-133b were 94.4% and 91.1%, respectively, and those of miR-221-3p were 55.6% and 80%, respectively (Fig.c,d)."
2026-09-28 recall check (full-text pass on studies whose abstract lacked an accuracy statement),E153,Chen Q,2021,added,,,,study missed by the abstract-based accuracy filter; full text read and estimate extracted,"For early PD diagnosis, the AUC values for miR-133b and miR-221-3p were 0.90 and 0.67, respectively. The sensitivity and specificity of miR-133b were 94.4% and 91.1%, respectively, and those of miR-221-3p were 55.6% and 80%, respectively (Fig.c,d)."
2026-09-28 recall check (full-text pass on studies whose abstract lacked an accuracy statement),E154,Chen Q,2021,added,,,,study missed by the abstract-based accuracy filter; full text read and estimate extracted,"The combination of miR-133b and miR-221-3p did not change the diagnostic value (AUC value 0.90, 94.4% sensitivity and 91.1% specificity, Fig.e)."
2026-09-28 recall check (full-text pass on studies whose abstract lacked an accuracy statement),E155,Chen Q,2021,added,,,,study missed by the abstract-based accuracy filter; full text read and estimate extracted,"Interestingly, ROC curve analysis of miR-133b also showed good diagnostic value to distinguish MSA from controls (AUC values 0.88, 85.7% sensitivity and 84.4% specificity; Fig.d)."
2026-09-28 recall check (full-text pass on studies whose abstract lacked an accuracy statement),E156,Chen Q,2021,added,,,,study missed by the abstract-based accuracy filter; full text read and estimate extracted,The AUC value for miR-4454 to distinguish PD from MSA was 0.72with 57.1% sensitivity and 82.6% specificity (Fig.e).
2026-09-28 recall check (full-text pass on studies whose abstract lacked an accuracy statement),E157,Paz S,2026,added,,,,study missed by the abstract-based accuracy filter; full text read and estimate extracted,"The four-biomarker panel and the combination ADAMTSL4, PML, ZYX yielded the highest specificity and sensitivity (Fig.E), with an extremely high specificity (96%), a positive predictive value (PPV) of 92% and a negative predictive value (NPV) of 67% when an ADps threshold of > 1.5 was applied (Fig.F)."
2026-09-28 recall check (full-text pass on studies whose abstract lacked an accuracy statement),E158,Paz S,2026,added,,,,study missed by the abstract-based accuracy filter; full text read and estimate extracted,"The area under the ROC curve (AUC) was similar for most biomarker combinations utilized in the analysis, except for the panel composed of TNRC18, PML and ZYX, which displayed a lower AUC when compared with the other biomarker combinations (AUC = 0.715 vs. AUC > 0.790) (Fig.D)."
2026-09-28 recall check (full-text pass on studies whose abstract lacked an accuracy statement),E159,Novobilský R,2025,added,,,,study missed by the abstract-based accuracy filter; full text read and estimate extracted,"Six biomarkers (serum NfL, CSF NfL, hsa-mir-29c-3p, CSF Aβ 1–42, CSF p-tau, CSF t-tau) demonstrated the capacity to predict neurodegenerative processes with adequate diagnostic efficacy (AUC > 0.8,,). ROC analysis demonstrated that the optimal cut-off value for the selection of biomarkers for the identification of patients is 16.9 ng/L for serum NfL, with 73.1% sensitivity and 92.3% specificity, and 777 ng/L for CSF NfL, with 74.6% sensitivity and 75.0% specificity, 0.0038 for hsa-miR-29c-3p with 59.7% sensitivity and 69.2% specificity"
2026-09-28 recall check (full-text pass on studies whose abstract lacked an accuracy statement),E160,Novobilský R,2025,added,,,,study missed by the abstract-based accuracy filter; full text read and estimate extracted,"Concurrently, the integration of conventional biomarkers (serum NfL, CSF NfL, CSF Aβ 1–42, CSF t-tau, and CSF p-tau) with hsa-miR-29c-3p enhanced the overall diagnostic efficacy, attaining an area under the curve (AUC) of 0.917."
2026-09-28 recall check (full-text pass on studies whose abstract lacked an accuracy statement),E161,Ravanidis S,2025,added,,,,study missed by the abstract-based accuracy filter; full text read and estimate extracted,"For distinguishing iPD patients from healthy controls, a two-miRNA panel (miR-153-3p, miR-598-3p) yielded an AUC of 0.73 (Fig.A)."
2026-09-28 recall check (full-text pass on studies whose abstract lacked an accuracy statement),E162,Ravanidis S,2025,added,,,,study missed by the abstract-based accuracy filter; full text read and estimate extracted,"For identifying MSA-C, a three-miRNA panel (miR-154-5p, miR-409-3p, and miR-411-5p) achieved an AUC of 0.88, while a four-miRNA panel (miR-136-3p, miR-154-5p, miR-329-5p, and miR-487b-3p) yielded an AUC of 0.91 for MSA-P detection (Fig.B, C)."
2026-09-28 recall check (full-text pass on studies whose abstract lacked an accuracy statement),E163,Ravanidis S,2025,added,,,,study missed by the abstract-based accuracy filter; full text read and estimate extracted,"For identifying MSA-C, a three-miRNA panel (miR-154-5p, miR-409-3p, and miR-411-5p) achieved an AUC of 0.88, while a four-miRNA panel (miR-136-3p, miR-154-5p, miR-329-5p, and miR-487b-3p) yielded an AUC of 0.91 for MSA-P detection (Fig.B, C)."
2026-09-28 recall check (full-text pass on studies whose abstract lacked an accuracy statement),E164,Ravanidis S,2025,added,,,,study missed by the abstract-based accuracy filter; full text read and estimate extracted,"For PSP, miR-22-3p, miR-382-5p, and miR-654-3p provided an AUC of 0.88 compared to controls (Fig.D)."
2026-09-28 recall check (full-text pass on studies whose abstract lacked an accuracy statement),E165,Ravanidis S,2025,added,,,,study missed by the abstract-based accuracy filter; full text read and estimate extracted,"For differential diagnosis among parkinsonian syndromes, miR-154-5p and miR-409-3p distinguished iPD from MSA-C with an AUC of 0.93, and miR-153-3p and miR-154-5p discriminated iPD from MSA-P with an AUC of 0.95 (Fig.E, F)."
2026-09-28 recall check (full-text pass on studies whose abstract lacked an accuracy statement),E166,Ravanidis S,2025,added,,,,study missed by the abstract-based accuracy filter; full text read and estimate extracted,"For differential diagnosis among parkinsonian syndromes, miR-154-5p and miR-409-3p distinguished iPD from MSA-C with an AUC of 0.93, and miR-153-3p and miR-154-5p discriminated iPD from MSA-P with an AUC of 0.95 (Fig.E, F)."
2026-09-28 recall check (full-text pass on studies whose abstract lacked an accuracy statement),E167,Ravanidis S,2025,added,,,,study missed by the abstract-based accuracy filter; full text read and estimate extracted,"MiR-410-3p alone distinguished between PSP from iPD with an AUC of 0.76, while miR-330-3p and miR-410-3p differentiated MSA-C from MSA-P with an AUC of 0.76 (Fig.G, H)."
2026-09-28 recall check (full-text pass on studies whose abstract lacked an accuracy statement),E168,Ravanidis S,2025,added,,,,study missed by the abstract-based accuracy filter; full text read and estimate extracted,"MiR-410-3p alone distinguished between PSP from iPD with an AUC of 0.76, while miR-330-3p and miR-410-3p differentiated MSA-C from MSA-P with an AUC of 0.76 (Fig.G, H)."
2026-09-28 recall check (full-text pass on studies whose abstract lacked an accuracy statement),E169,Ravanidis S,2025,added,,,,study missed by the abstract-based accuracy filter; full text read and estimate extracted,"miR-411-5p and miR-487b-3p distinguished MSA-C from PSP with an AUC of 0.83, while miR-153-3p and miR-329-5p discriminated MSA-P from PSP with an AUC of 0.86 (Fig.I, J)."
2026-09-28 recall check (full-text pass on studies whose abstract lacked an accuracy statement),E170,Ravanidis S,2025,added,,,,study missed by the abstract-based accuracy filter; full text read and estimate extracted,"miR-411-5p and miR-487b-3p distinguished MSA-C from PSP with an AUC of 0.83, while miR-153-3p and miR-329-5p discriminated MSA-P from PSP with an AUC of 0.86 (Fig.I, J)."
2026-09-28 recall check (full-text pass on studies whose abstract lacked an accuracy statement),E171,Wang J,2019,added,,,,study missed by the abstract-based accuracy filter; full text read and estimate extracted,"The following ROC curve analyses displayed that miR‐103 presented great value in distinguishing AD patients from healthy controls with AUC of 0.891 (95% CI: 0.850‐0.931); the sensitivity and specificity were 80.0% and 84.2%, respectively, at the best cutoff point (miR‐103 = .601) (FigureB)."
2026-09-28 recall check (full-text pass on studies whose abstract lacked an accuracy statement),E172,Wang J,2019,added,,,,study missed by the abstract-based accuracy filter; full text read and estimate extracted,"The following ROC curve analyses displayed that miR‐107 presented good value in distinguishing AD patients from healthy controls with AUC of 0.739 (95% CI: 0.677‐0.801); the sensitivity and specificity were 77.5% and 59.2%, respectively, at the best cutoff point (miR‐107 = 0.842) (FigureB)."
2026-09-28 recall check (full-text pass on studies whose abstract lacked an accuracy statement),E173,Wang J,2019,added,,,,study missed by the abstract-based accuracy filter; full text read and estimate extracted,"miR‐103 also had relatively good value in differentiating AD patients from PD patients with AUC of 0.755 (95% CI: 0.694‐0.815); sensitively and specificity were 86.7% and 55.0%, respectively, at the best cutoff value (miR‐103 = .734) (FigureC)."
2026-09-28 recall check (full-text pass on studies whose abstract lacked an accuracy statement),E174,Wang J,2019,added,,,,study missed by the abstract-based accuracy filter; full text read and estimate extracted,"However, the value of miR‐107 for differentiating AD patients from PD patients was poor with AUC being 0.547 (95% CI: 0.474‐0.620) (FigureC)."
2026-09-28 recall check (full-text pass on studies whose abstract lacked an accuracy statement),E175,Guévremont D,2022,added,,,,study missed by the abstract-based accuracy filter; full text read and estimate extracted,"Derived AUCs were CN‐Aβ+: 0.857 (miR‐29c‐3p and miR‐335‐5p); MCI: 0.823 (miR‐142‐3p, miR‐324‐5p, miR‐195b‐5p, miR‐148a‐3p); and AD: 0.817 (miR‐27a‐3p, miR‐27b‐3p, miR‐122‐5p, miR‐193b‐3p, miR‐324‐5p and miR‐885‐5p)."
2026-09-28 recall check (full-text pass on studies whose abstract lacked an accuracy statement),E176,Guévremont D,2022,added,,,,study missed by the abstract-based accuracy filter; full text read and estimate extracted,"Derived AUCs were CN‐Aβ+: 0.857 (miR‐29c‐3p and miR‐335‐5p); MCI: 0.823 (miR‐142‐3p, miR‐324‐5p, miR‐195b‐5p, miR‐148a‐3p); and AD: 0.817 (miR‐27a‐3p, miR‐27b‐3p, miR‐122‐5p, miR‐193b‐3p, miR‐324‐5p and miR‐885‐5p)."
2026-09-28 recall check (full-text pass on studies whose abstract lacked an accuracy statement),E177,Guévremont D,2022,added,,,,study missed by the abstract-based accuracy filter; full text read and estimate extracted,"Derived AUCs were CN‐Aβ+: 0.857 (miR‐29c‐3p and miR‐335‐5p); MCI: 0.823 (miR‐142‐3p, miR‐324‐5p, miR‐195b‐5p, miR‐148a‐3p); and AD: 0.817 (miR‐27a‐3p, miR‐27b‐3p, miR‐122‐5p, miR‐193b‐3p, miR‐324‐5p and miR‐885‐5p)."
2026-09-28 recall check (full-text pass on studies whose abstract lacked an accuracy statement),E178,Sandau US,2026,added,,,,study missed by the abstract-based accuracy filter; full text read and estimate extracted,"Here we recapitulated the performance of the top-2 miRNA classifier for AD vs. NC (cvAUC = 0.75 [0.66, 0.82];), just as we saw in our prior study (). But interestingly, the top-2 miRNA classifier showed even larger signal for both PD (cvAUC = 0.86 [0.79, 0.92]) and DLB (cvAUC = 0.88 [0.76, 0.97]) vs. NC ()."
2026-09-28 recall check (full-text pass on studies whose abstract lacked an accuracy statement),E179,Sandau US,2026,added,,,,study missed by the abstract-based accuracy filter; full text read and estimate extracted,"Here we recapitulated the performance of the top-2 miRNA classifier for AD vs. NC (cvAUC = 0.75 [0.66, 0.82];), just as we saw in our prior study (). But interestingly, the top-2 miRNA classifier showed even larger signal for both PD (cvAUC = 0.86 [0.79, 0.92]) and DLB (cvAUC = 0.88 [0.76, 0.97]) vs. NC ()."
2026-09-28 recall check (full-text pass on studies whose abstract lacked an accuracy statement),E180,Sandau US,2026,added,,,,study missed by the abstract-based accuracy filter; full text read and estimate extracted,"As expected, this AD-specific miRNA classifier achieved good separation of AD from NC (cvAUC = 0.75 [0.66, 0.82]) and almost no separation of either PD (cvAUC = 0.55 [0.46, 0.62]) or DLB (cvAUC = 0.45 [0.35, 0.54]) from NC ()."
2026-09-28 recall check (full-text pass on studies whose abstract lacked an accuracy statement),E181,Sandau US,2026,added,,,,study missed by the abstract-based accuracy filter; full text read and estimate extracted,"In line with this, the AD-specific miRNA classifier had good performance for separating AD vs. PD and DLB (cvAUC = 0.77 [0.70, 0.83]) and AD vs. PD (cvAUC = 0.79 [0.71, 0.85]), but not as much for AD vs. DLB (cvAUC = 0.58 [0.43, 0.79])"
2026-09-28 recall check (full-text pass on studies whose abstract lacked an accuracy statement),E182,Sandau US,2026,added,,,,study missed by the abstract-based accuracy filter; full text read and estimate extracted,"The ENR models incorporating all 57 miRNAs achieved roughly equal separation of NC (green) from AD (orange, cvAUC = 0.78 [0.69, 0.84]), PD (pink, cvAUC = 0.83 [0.76, 0.88]), and DLB (blue, cvAUC = 0.81 [0.69, 0.89];)."
2026-09-28 recall check (full-text pass on studies whose abstract lacked an accuracy statement),E183,Sandau US,2026,added,,,,study missed by the abstract-based accuracy filter; full text read and estimate extracted,"The ENR models incorporating all 57 miRNAs achieved roughly equal separation of NC (green) from AD (orange, cvAUC = 0.78 [0.69, 0.84]), PD (pink, cvAUC = 0.83 [0.76, 0.88]), and DLB (blue, cvAUC = 0.81 [0.69, 0.89];)."
2026-09-28 recall check (full-text pass on studies whose abstract lacked an accuracy statement),E184,Sandau US,2026,added,,,,study missed by the abstract-based accuracy filter; full text read and estimate extracted,"In line with this, the classification performance of the 57-miRNA model showed good separation of AD (orange) from PD (pink, cvAUC = 0.80 [0.72, 0.86]) and DLB (blue, cvAUC = 0.77 [0.64, 0.87]), as well as the pooled group of PD and DLB samples ({PD + DLB} gray, cvAUC = 0.78 [0.71, 0.83])"
2026-09-28 recall check (full-text pass on studies whose abstract lacked an accuracy statement),E185,Sandau US,2026,added,,,,study missed by the abstract-based accuracy filter; full text read and estimate extracted,"The LD functions achieved very good classification of AD vs. PD + DLB (cvAUC = 0.94 [0.87, 0.97]) with only 5 participants (orange circles) being classified to the right of the orange boundary that optimally separates the AD from PD + DLB groups (). Likewise, there was a very good separation of PD from AD+DLB (cvAUC = 0.88 [0.80, 0.92]) and DLB from AD+PD (cvAUC = 0.85 [0.78, 0.89])"
2026-09-28 recall check (full-text pass on studies whose abstract lacked an accuracy statement),E186,Giuliani A,2021,added,,,,study missed by the abstract-based accuracy filter; full text read and estimate extracted,"To evaluate the ability of the selected inflamma-miRs to discriminate between HC and AD patients, we performed ROC curve analysis, unraveling significant AUCs for miR-21-5p (= 0.675,= 0.001) and miR-126-3p (= 0.620,= 0.024;). The optimal relative expression cut-off for miR-21-5p (0.214) was associated with a sensitivity of 55.0%, a specificity of 70.7%, a positive predictive value (PPV) of 84.6%, and a negative predictive value (NPV) of 34.9%."
2026-09-28 recall check (full-text pass on studies whose abstract lacked an accuracy statement),E187,Giuliani A,2021,added,,,,study missed by the abstract-based accuracy filter; full text read and estimate extracted,"To evaluate the ability of the selected inflamma-miRs to discriminate between HC and AD patients, we performed ROC curve analysis, unraveling significant AUCs for miR-21-5p (= 0.675,= 0.001) and miR-126-3p (= 0.620,= 0.024;). The optimal relative expression cut-off for miR-21-5p (0.214) was associated with a sensitivity of 55.0%, a specificity of 70.7%, a positive predictive value (PPV) of 84.6%, and a negative predictive value (NPV) of 34.9%. For miR-126-3p, the optimal cut-off (0.653) was associated with a sensitivity of 38.3%, a specificity of 87.5%, a PPV of 90.2%, and a NPV of 32.2%."
2026-09-28 recall check (full-text pass on studies whose abstract lacked an accuracy statement),E188,Giuliani A,2021,added,,,,study missed by the abstract-based accuracy filter; full text read and estimate extracted,"ROC curve analysis revealed a significant AUC only for miR-126-3p (= 0.676,= 0.002;), with an optimal cut-off (0.838) associated with a sensitivity of 52.7%, a specificity of 39.0%, a PPV of 80.6%, and a NPV of 62.9%."
2026-09-28 recall check (full-text pass on studies whose abstract lacked an accuracy statement),E189,Baghi M,2021,added,,,,study missed by the abstract-based accuracy filter; full text read and estimate extracted,"The ROC curve analyses confirmed the significance of miR‐193b level as a potential biomarker for PD diagnosis, with AUC value of 0.7925 (= .0016, 95% CI: 0.6434‐0.9416, Figure)."
2026-09-28 recall check (full-text pass on studies whose abstract lacked an accuracy statement),E190,Gámez-Valero A,2019,added,,,,study missed by the abstract-based accuracy filter; full text read and estimate extracted,A predictive diagnostic value -based on ROC curves- to discriminate between AD and DLB patients rendered high specificity and sensitivity (AUC over 0.9) for the miRNAs hsa-miR-451a and hsa-miR-21-5p (Fig.).
2026-09-28 recall check (full-text pass on studies whose abstract lacked an accuracy statement),E191,Gámez-Valero A,2019,added,,,,study missed by the abstract-based accuracy filter; full text read and estimate extracted,A predictive diagnostic value -based on ROC curves- to discriminate between AD and DLB patients rendered high specificity and sensitivity (AUC over 0.9) for the miRNAs hsa-miR-451a and hsa-miR-21-5p (Fig.).
2026-09-28 recall check (full-text pass on studies whose abstract lacked an accuracy statement),E192,Barbagallo C,2020,added,,,,study missed by the abstract-based accuracy filter; full text read and estimate extracted,"Results showed significant curves for GS1-304P7.3, NONHSAT090268, TC0100011037, TC0400008478, and, with a good diagnostic performance for TC0400008478 (AUC > 0.8) and a fair performance (AUC > 0.7) for GS1-304P7.3, NONHSAT090268, and TC0100011037."
2026-09-28 recall check (full-text pass on studies whose abstract lacked an accuracy statement),E193,Barbagallo C,2020,added,,,,study missed by the abstract-based accuracy filter; full text read and estimate extracted,"Results showed significant curves for GS1-304P7.3, NONHSAT090268, TC0100011037, TC0400008478, and, with a good diagnostic performance for TC0400008478 (AUC > 0.8) and a fair performance (AUC > 0.7) for GS1-304P7.3, NONHSAT090268, and TC0100011037."
2026-09-28 recall check (full-text pass on studies whose abstract lacked an accuracy statement),E194,Barbagallo C,2020,added,,,,study missed by the abstract-based accuracy filter; full text read and estimate extracted,"Results showed significant curves for GS1-304P7.3, NONHSAT090268, TC0100011037, TC0400008478, and, with a good diagnostic performance for TC0400008478 (AUC > 0.8) and a fair performance (AUC > 0.7) for GS1-304P7.3, NONHSAT090268, and TC0100011037."
2026-09-28 recall check (full-text pass on studies whose abstract lacked an accuracy statement),E195,Barbagallo C,2020,added,,,,study missed by the abstract-based accuracy filter; full text read and estimate extracted,"Results showed significant curves for GS1-304P7.3, NONHSAT090268, TC0100011037, TC0400008478, and, with a good diagnostic performance for TC0400008478 (AUC > 0.8) and a fair performance (AUC > 0.7) for GS1-304P7.3, NONHSAT090268, and TC0100011037."
2026-09-28 recall check (full-text pass on studies whose abstract lacked an accuracy statement),E196,Barbagallo C,2020,added,,,,study missed by the abstract-based accuracy filter; full text read and estimate extracted,"Moreover, we evaluated the diagnostic accuracy of a biomarker signature including all six DE transcripts; this multivariable ROC curve showed a significantvalue but did not improve the diagnostic performances of single univariate univariable ROC curves (and)."
2026-09-28 recall check (full-text pass on studies whose abstract lacked an accuracy statement),E197,Liu Y,2022,added,,,,study missed by the abstract-based accuracy filter; full text read and estimate extracted,"The area under the curve (AUC) of serum miR-4722-5p was 0.781, the sensitivity was 0.697 and the specificity was 0.848 (). The AUC of serum miR-615-3p was 0.835, the sensitivity was 0.727 and the specificity was 0.909 ()."
2026-09-28 recall check (full-text pass on studies whose abstract lacked an accuracy statement),E198,Liu Y,2022,added,,,,study missed by the abstract-based accuracy filter; full text read and estimate extracted,"The area under the curve (AUC) of serum miR-4722-5p was 0.781, the sensitivity was 0.697 and the specificity was 0.848 (). The AUC of serum miR-615-3p was 0.835, the sensitivity was 0.727 and the specificity was 0.909 ()."
2026-09-28 recall check (full-text pass on studies whose abstract lacked an accuracy statement),E199,Liu Y,2022,added,,,,study missed by the abstract-based accuracy filter; full text read and estimate extracted,"The logistic regression model showed that the AUC of both miRNAs combined was 0.870, the sensitivity was 0.697 and the specificity was 0.939 ()."
2026-09-28 recall check (full-text pass on studies whose abstract lacked an accuracy statement),E200,Saberian P,2025,added,,,,study missed by the abstract-based accuracy filter; full text read and estimate extracted,Table 2 row: mir‐30b‐5p 0.65 0.001 0.56‐0.73
2026-09-28 recall check (full-text pass on studies whose abstract lacked an accuracy statement),E201,Saberian P,2025,added,,,,study missed by the abstract-based accuracy filter; full text read and estimate extracted,Table 2 row: mir‐22‐3p 0.64 0.001 0.56‐0.72
2026-09-28 recall check (full-text pass on studies whose abstract lacked an accuracy statement),E202,Saberian P,2025,added,,,,study missed by the abstract-based accuracy filter; full text read and estimate extracted,Table 2 row: mir‐7g‐5p 0.60 0.022 0.52‐0.69
2026-09-28 recall check (full-text pass on studies whose abstract lacked an accuracy statement),E203,Saberian P,2025,added,,,,study missed by the abstract-based accuracy filter; full text read and estimate extracted,Table 2 row: mir‐150‐5p 0.60 0.027 0.52‐0.69
2026-09-28 recall check (full-text pass on studies whose abstract lacked an accuracy statement),E204,Saberian P,2025,added,,,,study missed by the abstract-based accuracy filter; full text read and estimate extracted,Table 2 row: mir‐181c‐5p 0.60 0.022 0.52‐0.69
2026-09-28 recall check (full-text pass on studies whose abstract lacked an accuracy statement),E205,Saberian P,2025,added,,,,study missed by the abstract-based accuracy filter; full text read and estimate extracted,Table 2 row: mir‐24‐3p 0.61 0.012 0.52‐0.70
2026-09-28 recall check (full-text pass on studies whose abstract lacked an accuracy statement),E206,Saberian P,2025,added,,,,study missed by the abstract-based accuracy filter; full text read and estimate extracted,Table 2 row: mir‐323a‐3p 0.62 0.008 0.53‐0.71
2026-09-28 recall check (full-text pass on studies whose abstract lacked an accuracy statement),E207,Saberian P,2025,added,,,,study missed by the abstract-based accuracy filter; full text read and estimate extracted,Table 2 row: mir‐26a‐5p 0.60 0.036 0.50‐0.68
2026-09-28 recall check (full-text pass on studies whose abstract lacked an accuracy statement),E208,Saberian P,2025,added,,,,study missed by the abstract-based accuracy filter; full text read and estimate extracted,Table 2 row: mir‐29b‐3p 0.61 0.013 0.53‐0.70
2026-09-28 recall check (full-text pass on studies whose abstract lacked an accuracy statement),E209,Saberian P,2025,added,,,,study missed by the abstract-based accuracy filter; full text read and estimate extracted,Table 2 row: mir‐30a‐3p 0.62 0.008 0.53‐0.71
2026-09-28 recall check (full-text pass on studies whose abstract lacked an accuracy statement),E210,Han S-W,2025,added,,,,study missed by the abstract-based accuracy filter; full text read and estimate extracted,"Model 1, including age, sex, andε4 carrier status, achieved a mean AUC value of 0.708. The mean AUC value of Model 2, obtained by adding two AD-associated key miRNAs, miR-423-5p and miR-92a-3p, to Model 1, increased to 0.757."
2026-09-28 recall check (full-text pass on studies whose abstract lacked an accuracy statement),E211,Tong G,2022,added,,,,study missed by the abstract-based accuracy filter; full text read and estimate extracted,"The area under the curve (AUC) values were miR-151a-5p, AUC = 0.857 (95% confidence interval, CI, 0.835–0.901); miR-24, AUC = 0.875 (95% CI, 0.754–0.853); mir-485-5p, AUC = 0.896 (95% CI, 0.753–0.842); mir-331-5p, AUC = 0.88 (95% CI, 0.912–0.749); and mir-214, AUC = 0.929 (95% CI, 0.843–0.921). The sensitivity and specificity at the optimal cutoff value for differentiating PD were 89.23% for miR-151a-5p, 92.35% for miR-24, 95.34% for mir-485-5p, 85.34% for mir-331-5p, and 82.34% for mir-214."
2026-09-28 recall check (full-text pass on studies whose abstract lacked an accuracy statement),E212,Tong G,2022,added,,,,study missed by the abstract-based accuracy filter; full text read and estimate extracted,"The area under the curve (AUC) values were miR-151a-5p, AUC = 0.857 (95% confidence interval, CI, 0.835–0.901); miR-24, AUC = 0.875 (95% CI, 0.754–0.853); mir-485-5p, AUC = 0.896 (95% CI, 0.753–0.842); mir-331-5p, AUC = 0.88 (95% CI, 0.912–0.749); and mir-214, AUC = 0.929 (95% CI, 0.843–0.921). The sensitivity and specificity at the optimal cutoff value for differentiating PD were 89.23% for miR-151a-5p, 92.35% for miR-24, 95.34% for mir-485-5p, 85.34% for mir-331-5p, and 82.34% for mir-214."
2026-09-28 recall check (full-text pass on studies whose abstract lacked an accuracy statement),E213,Tong G,2022,added,,,,study missed by the abstract-based accuracy filter; full text read and estimate extracted,"The area under the curve (AUC) values were miR-151a-5p, AUC = 0.857 (95% confidence interval, CI, 0.835–0.901); miR-24, AUC = 0.875 (95% CI, 0.754–0.853); mir-485-5p, AUC = 0.896 (95% CI, 0.753–0.842); mir-331-5p, AUC = 0.88 (95% CI, 0.912–0.749); and mir-214, AUC = 0.929 (95% CI, 0.843–0.921). The sensitivity and specificity at the optimal cutoff value for differentiating PD were 89.23% for miR-151a-5p, 92.35% for miR-24, 95.34% for mir-485-5p, 85.34% for mir-331-5p, and 82.34% for mir-214."
2026-09-28 recall check (full-text pass on studies whose abstract lacked an accuracy statement),E214,Tong G,2022,added,,,,study missed by the abstract-based accuracy filter; full text read and estimate extracted,"The area under the curve (AUC) values were miR-151a-5p, AUC = 0.857 (95% confidence interval, CI, 0.835–0.901); miR-24, AUC = 0.875 (95% CI, 0.754–0.853); mir-485-5p, AUC = 0.896 (95% CI, 0.753–0.842); mir-331-5p, AUC = 0.88 (95% CI, 0.912–0.749); and mir-214, AUC = 0.929 (95% CI, 0.843–0.921). The sensitivity and specificity at the optimal cutoff value for differentiating PD were 89.23% for miR-151a-5p, 92.35% for miR-24, 95.34% for mir-485-5p, 85.34% for mir-331-5p, and 82.34% for mir-214."
2026-09-28 recall check (full-text pass on studies whose abstract lacked an accuracy statement),E215,Tong G,2022,added,,,,study missed by the abstract-based accuracy filter; full text read and estimate extracted,"The area under the curve (AUC) values were miR-151a-5p, AUC = 0.857 (95% confidence interval, CI, 0.835–0.901); miR-24, AUC = 0.875 (95% CI, 0.754–0.853); mir-485-5p, AUC = 0.896 (95% CI, 0.753–0.842); mir-331-5p, AUC = 0.88 (95% CI, 0.912–0.749); and mir-214, AUC = 0.929 (95% CI, 0.843–0.921). The sensitivity and specificity at the optimal cutoff value for differentiating PD were 89.23% for miR-151a-5p, 92.35% for miR-24, 95.34% for mir-485-5p, 85.34% for mir-331-5p, and 82.34% for mir-214."
2026-09-28 recall check (full-text pass on studies whose abstract lacked an accuracy statement),E216,Mancuso R,2019,added,,,,study missed by the abstract-based accuracy filter; full text read and estimate extracted,"The area under curve (AUC) analysis showed that miR-223-3p serum concentration clearly discriminate between: 1) MCI and HC (AUC = 0.747; 95% CI = 0.634–0.840); 2) AD and HC (0.844; 0.771–0.900)3) PD and HC (0.934; 0.846–0.980), and 4) AD and PD (0.988; 0.926–1.000)"
2026-09-28 recall check (full-text pass on studies whose abstract lacked an accuracy statement),E217,Mancuso R,2019,added,,,,study missed by the abstract-based accuracy filter; full text read and estimate extracted,"The area under curve (AUC) analysis showed that miR-223-3p serum concentration clearly discriminate between: 1) MCI and HC (AUC = 0.747; 95% CI = 0.634–0.840); 2) AD and HC (0.844; 0.771–0.900)3) PD and HC (0.934; 0.846–0.980), and 4) AD and PD (0.988; 0.926–1.000)"
2026-09-28 recall check (full-text pass on studies whose abstract lacked an accuracy statement),E218,Mancuso R,2019,added,,,,study missed by the abstract-based accuracy filter; full text read and estimate extracted,"The area under curve (AUC) analysis showed that miR-223-3p serum concentration clearly discriminate between: 1) MCI and HC (AUC = 0.747; 95% CI = 0.634–0.840); 2) AD and HC (0.844; 0.771–0.900)3) PD and HC (0.934; 0.846–0.980), and 4) AD and PD (0.988; 0.926–1.000)"
2026-09-28 recall check (full-text pass on studies whose abstract lacked an accuracy statement),E219,Mancuso R,2019,added,,,,study missed by the abstract-based accuracy filter; full text read and estimate extracted,"The area under curve (AUC) analysis showed that miR-223-3p serum concentration clearly discriminate between: 1) MCI and HC (AUC = 0.747; 95% CI = 0.634–0.840); 2) AD and HC (0.844; 0.771–0.900)3) PD and HC (0.934; 0.846–0.980), and 4) AD and PD (0.988; 0.926–1.000)"
2026-09-28 recall check (full-text pass on studies whose abstract lacked an accuracy statement),E220,Piscopo P,2023,added,,,,study missed by the abstract-based accuracy filter; full text read and estimate extracted,"The miR-92a-3p distinguished healthy controls from AD patients with AUC = 0.76 (= 0.0002) and best accuracy of (60 ± 5)% and 63% sensitivity, both in females (AUC = 0.77; = 0.003; (62 ± 6)% accuracy; 52% sensitivity) and in males (AUC = 0.75; = 0.02; (50 ± 2)% accuracy; 93% sensitivity)."
2026-09-28 recall check (full-text pass on studies whose abstract lacked an accuracy statement),E221,Piscopo P,2023,added,,,,study missed by the abstract-based accuracy filter; full text read and estimate extracted,"Regarding miR-320a, we observed that it discriminates controls from AD with AUC = 0.73 (p = 0.001; (61 ± 4)% accuracy; 84% sensitivity) that reached the value of 0.86 in males after sex-stratification (p = 0.001; (80 ± 6)% accuracy; 63% sensitivity)"
2026-09-28 recall check (full-text pass on studies whose abstract lacked an accuracy statement),E222,Piscopo P,2023,added,,,,study missed by the abstract-based accuracy filter; full text read and estimate extracted,"The miR-92a-3p distinguished healthy controls from AD patients with AUC = 0.76 (= 0.0002) and best accuracy of (60 ± 5)% and 63% sensitivity, both in females (AUC = 0.77; = 0.003; (62 ± 6)% accuracy; 52% sensitivity) and in males (AUC = 0.75; = 0.02; (50 ± 2)% accuracy; 93% sensitivity)."
2026-09-28 recall check (full-text pass on studies whose abstract lacked an accuracy statement),E223,Piscopo P,2023,added,,,,study missed by the abstract-based accuracy filter; full text read and estimate extracted,"The miR-92a-3p distinguished healthy controls from AD patients with AUC = 0.76 (= 0.0002) and best accuracy of (60 ± 5)% and 63% sensitivity, both in females (AUC = 0.77; = 0.003; (62 ± 6)% accuracy; 52% sensitivity) and in males (AUC = 0.75; = 0.02; (50 ± 2)% accuracy; 93% sensitivity)."
2026-09-28 recall check (full-text pass on studies whose abstract lacked an accuracy statement),E224,Piscopo P,2023,added,,,,study missed by the abstract-based accuracy filter; full text read and estimate extracted,"Regarding miR-320a, we observed that it discriminates controls from AD with AUC = 0.73 (p = 0.001; (61 ± 4)% accuracy; 84% sensitivity) that reached the value of 0.86 in males after sex-stratification (p = 0.001; (80 ± 6)% accuracy; 63% sensitivity)"
2026-09-28 recall check (full-text pass on studies whose abstract lacked an accuracy statement),E225,Piscopo P,2023,added,,,,study missed by the abstract-based accuracy filter; full text read and estimate extracted,"Interestingly, this miRNA distinguishes FTD and AD with AUC = 0.76 (= 0.0001; (64 ± 4)% accuracy; 78% sensitivity), reaching 0.88 for males (= 0.0008; (77 ± 6)% accuracy; 93% sensitivity) and 69% for females (= 0.03; (61 ± 5)% accuracy; 89% sensitivity)."
2026-09-28 recall check (full-text pass on studies whose abstract lacked an accuracy statement),E226,Piscopo P,2023,added,,,,study missed by the abstract-based accuracy filter; full text read and estimate extracted,"The sum of miR-92a-3p, miR-320a and miR-320b to discriminate AD and controls provided a Bayesian classifier with avalue<0.001, an accuracy of (73 ± 4)% and 55% sensitivity."
2026-09-28 recall check (full-text pass on studies whose abstract lacked an accuracy statement),E227,Cha DJ,2019,added,,,,study missed by the abstract-based accuracy filter; full text read and estimate extracted,"ROC analysis () revealed that miR-132 levels separated controls from AD-MCI with an AUC of 0.58 (95% CI: 0.38–0.78), and controls from AD dementia with an AUC of 0.77 (95% CI: 0.61–0.93)."
2026-09-28 recall check (full-text pass on studies whose abstract lacked an accuracy statement),E228,Cha DJ,2019,added,,,,study missed by the abstract-based accuracy filter; full text read and estimate extracted,"ROC analysis of miR-212 levels separated controls from AD-MCI with an AUC of 0.68 (95% CI: 0.5–0.86), and controls from AD dementia with an AUC of 0.84 (95% CI: 0.72–0.96) (). miR-212 achieves a sensitivity (the ability to predict AD cases) of 92.2% (95% CI: 68.5–99.6%), and a specificity (the ability to exclude controls) of 69.0% (95% CI: 50.8–82.7%) at the best cut-off point determined by Youden‘s J statistics."
2026-09-28 recall check (full-text pass on studies whose abstract lacked an accuracy statement),E229,Cha DJ,2019,added,,,,study missed by the abstract-based accuracy filter; full text read and estimate extracted,"ROC analysis () revealed that miR-132 levels separated controls from AD-MCI with an AUC of 0.58 (95% CI: 0.38–0.78), and controls from AD dementia with an AUC of 0.77 (95% CI: 0.61–0.93)."
2026-09-28 recall check (full-text pass on studies whose abstract lacked an accuracy statement),E230,Cha DJ,2019,added,,,,study missed by the abstract-based accuracy filter; full text read and estimate extracted,"ROC analysis of miR-212 levels separated controls from AD-MCI with an AUC of 0.68 (95% CI: 0.5–0.86), and controls from AD dementia with an AUC of 0.84 (95% CI: 0.72–0.96) (). miR-212 achieves a sensitivity (the ability to predict AD cases) of 92.2% (95% CI: 68.5–99.6%), and a specificity (the ability to exclude controls) of 69.0% (95% CI: 50.8–82.7%) at the best cut-off point determined by Youden‘s J statistics."
2026-09-28 recall check (full-text pass on studies whose abstract lacked an accuracy statement),E231,Shu Y,2020,added,,,,study missed by the abstract-based accuracy filter; full text read and estimate extracted,"As demonstrated in, the AUC of miR-132-3p and miR-146a-5p in discriminating PD from healthy controls was 0.7325 (95% CI = 0.6400–0.8251) and 0.7295 (95% CI = 0.3658–0.8232), respectively. Meanwhile, the AUC of miR-132-3p and miR-146a-5p in discriminating severe PD from normal PD patients was 0.8175 (95% CI = 0.7229–0.9121) and 0.7921 (95% CI = 0.6937–0.8905), respectively ()."
2026-09-28 recall check (full-text pass on studies whose abstract lacked an accuracy statement),E232,Shu Y,2020,added,,,,study missed by the abstract-based accuracy filter; full text read and estimate extracted,"As demonstrated in, the AUC of miR-132-3p and miR-146a-5p in discriminating PD from healthy controls was 0.7325 (95% CI = 0.6400–0.8251) and 0.7295 (95% CI = 0.3658–0.8232), respectively. Meanwhile, the AUC of miR-132-3p and miR-146a-5p in discriminating severe PD from normal PD patients was 0.8175 (95% CI = 0.7229–0.9121) and 0.7921 (95% CI = 0.6937–0.8905), respectively ()."
2026-09-28 recall check (full-text pass on studies whose abstract lacked an accuracy statement),E233,Shu Y,2020,added,,,,study missed by the abstract-based accuracy filter; full text read and estimate extracted,"As demonstrated in, the AUC of miR-132-3p and miR-146a-5p in discriminating PD from healthy controls was 0.7325 (95% CI = 0.6400–0.8251) and 0.7295 (95% CI = 0.3658–0.8232), respectively. Meanwhile, the AUC of miR-132-3p and miR-146a-5p in discriminating severe PD from normal PD patients was 0.8175 (95% CI = 0.7229–0.9121) and 0.7921 (95% CI = 0.6937–0.8905), respectively ()."
2026-09-28 recall check (full-text pass on studies whose abstract lacked an accuracy statement),E234,Shu Y,2020,added,,,,study missed by the abstract-based accuracy filter; full text read and estimate extracted,"As demonstrated in, the AUC of miR-132-3p and miR-146a-5p in discriminating PD from healthy controls was 0.7325 (95% CI = 0.6400–0.8251) and 0.7295 (95% CI = 0.3658–0.8232), respectively. Meanwhile, the AUC of miR-132-3p and miR-146a-5p in discriminating severe PD from normal PD patients was 0.8175 (95% CI = 0.7229–0.9121) and 0.7921 (95% CI = 0.6937–0.8905), respectively ()."
2026-09-28 recall check (full-text pass on studies whose abstract lacked an accuracy statement),E235,Citterio LA,2023,added,,,,study missed by the abstract-based accuracy filter; full text read and estimate extracted,"ROC curve analysis showed that serum miR-7-1-5p concentration discriminates between PD and HC (= 0.0001, AUC: 0.7; 95%CI: 0.6–0.8; sensibility: 54.5%; specificity: 81.6%)."
2026-09-28 recall check (full-text pass on studies whose abstract lacked an accuracy statement),E236,Citterio LA,2023,added,,,,study missed by the abstract-based accuracy filter; full text read and estimate extracted,"ROC curve analysis showed that miR-223-3p serum concentration discriminates between PD and HC (= 0.0001, AUC: 0.7; 95%CI: 0.6–0.8; sensibility: 93.2%; specificity: 51.2%)."
2026-09-28 recall check (full-text pass on studies whose abstract lacked an accuracy statement),E237,Citterio LA,2023,added,,,,study missed by the abstract-based accuracy filter; full text read and estimate extracted,"In performing the ROC curve analysis with the combination of the two miRNAs (product of the two values obtained in serum), we found a sensitivity of 71.1, a specificity of 79.9 and, notably, an AUC value of 0.771 (< 0.0001), which was higher than the one provided by the previous two ROC curve analyses with the two separate miRNAs (0.71 for both)"
2026-09-28 recall check (full-text pass on studies whose abstract lacked an accuracy statement),E238,Citterio LA,2023,added,,,,study missed by the abstract-based accuracy filter; full text read and estimate extracted,"The concentration of miR-223-3p was significantly increased in both the serum (PD: 7843.02; 3761.14–26,972.84 copies/ng; HC: 2593.12 copies/ng; 502.96–10,989.89 copies/ng;= 0.0006) and exosomes (PD: 4715.67 copies/ng; 2832.13–16,175.03 copies/ng; HC: 1698.53 copies/ng; 463.20–5547.85 copies/ng;= 0.0002) of PD patients compared to HC"
2026-09-28 recall check (full-text pass on studies whose abstract lacked an accuracy statement),E239,Shigemizu D,2019,added,,,,study missed by the abstract-based accuracy filter; full text read and estimate extracted,"As a result, 78 miRNAs out of 2562 were employed for the final model construction in AD, which achieved an AUC of 0.874 in the validation cohort (Fig.). Of the 78, two miRNAs (MIMAT0004947 and MIMAT0022726) were AD-specific miRNAs reported in previous studies. The remaining previously reported miRNAs did not show significantly better outcome in logistic regression in the selection of miRNAs (Supplementary Data). A maximum average sensitivity and specificity of the ROC curve was achieved at a sensitivity of 0.933 and specificity of 0.660 in AD. | We divided 1601 Japanese individuals (1021 AD cases, 91 VaD cases, 169 DLB cases, 32 mild cognitive impairment (MCI), and 288 NC) into a discovery cohort of 786 individuals (511 AD cases, 46 VaD cases, 85 DLB cases and 144 NC) and a validation cohort of 783 individuals (510 AD cases, 45 VaD cases, 84 DLB cases, and 144 NC)"
2026-09-28 recall check (full-text pass on studies whose abstract lacked an accuracy statement),E240,Shigemizu D,2019,added,,,,study missed by the abstract-based accuracy filter; full text read and estimate extracted,"in AD, the combination of (,) = (4.5, 10) achieved the highest AUC of 0.877 in the discovery cohort. | We divided 1601 Japanese individuals (1021 AD cases, 91 VaD cases, 169 DLB cases, 32 mild cognitive impairment (MCI), and 288 NC) into a discovery cohort of 786 individuals (511 AD cases, 46 VaD cases, 85 DLB cases and 144 NC) and a validation cohort of 783 individuals (510 AD cases, 45 VaD cases, 84 DLB cases, and 144 NC)"
2026-09-28 recall check (full-text pass on studies whose abstract lacked an accuracy statement),E241,Shigemizu D,2019,added,,,,study missed by the abstract-based accuracy filter; full text read and estimate extracted,"We constructed risk prediction models based on the LASSO method using all miRNAs in the entire training data set. The adjusted models were then evaluated on the validation cohort. The AUCs achieved were 0.898 in AD, 0.821 in VaD and 0.892 in DLB."
2026-09-28 recall check (full-text pass on studies whose abstract lacked an accuracy statement),E242,Shigemizu D,2019,added,,,,study missed by the abstract-based accuracy filter; full text read and estimate extracted,"We also constructed risk prediction models based on the logistic regression method using only clinical information (age, sex and apolipoprotein E (APOE)) for the entire training data set. The adjusted models were then evaluated on the validation cohort. The AUCs achieved were 0.857 in AD, 0.813 in VaD and 0.827 in DLB."
2026-09-28 recall check (full-text pass on studies whose abstract lacked an accuracy statement),E243,Shigemizu D,2019,added,,,,study missed by the abstract-based accuracy filter; full text read and estimate extracted,"As a result, all of the 10 converted subjects were correctly predicted by our model (sensitivity = 1.0). Furthermore, all 4 subjects predicted not to covert to AD did not actually convert to AD (negative predictive value = 1.0). The remaining 18 subjects were predicted to convert to AD, but had not yet converted (specificity = 0.18)"
2026-09-28 recall check (full-text pass on studies whose abstract lacked an accuracy statement),E244,Kenny A,2019,added,,,,study missed by the abstract-based accuracy filter; full text read and estimate extracted,"ROC analysis showed a good accuracy of miR-206 in plasma for identifying FCSRT deficits at MCI (0.0277, AUC = 0.82) and for identifying MCI subjects with declining MMSE scores over 4 years (= 0.021, AUC = 0.83) (A). Notably, the inclusion of early drop-outs with “last observation carried forward” (subject is included in analysis with last analysis before dropout taken as the endpoint) increased correlations and sensitivity and specificity of miR-206 for MCI with cognitive decline profoundly (= 0.001, AUC = 0.90)"
2026-09-28 recall check (full-text pass on studies whose abstract lacked an accuracy statement),E245,Kenny A,2019,added,,,,study missed by the abstract-based accuracy filter; full text read and estimate extracted,"ROC analysis showed a good accuracy of miR-206 in plasma for identifying FCSRT deficits at MCI (0.0277, AUC = 0.82) and for identifying MCI subjects with declining MMSE scores over 4 years (= 0.021, AUC = 0.83) (A). Notably, the inclusion of early drop-outs with “last observation carried forward” (subject is included in analysis with last analysis before dropout taken as the endpoint) increased correlations and sensitivity and specificity of miR-206 for MCI with cognitive decline profoundly (= 0.001, AUC = 0.90)"
2026-09-28 recall check (full-text pass on studies whose abstract lacked an accuracy statement),E246,Kenny A,2019,added,,,,study missed by the abstract-based accuracy filter; full text read and estimate extracted,"ROC analysis showed a good accuracy of miR-206 in plasma for identifying FCSRT deficits at MCI (0.0277, AUC = 0.82) and for identifying MCI subjects with declining MMSE scores over 4 years (= 0.021, AUC = 0.83) (A). Notably, the inclusion of early drop-outs with “last observation carried forward” (subject is included in analysis with last analysis before dropout taken as the endpoint) increased correlations and sensitivity and specificity of miR-206 for MCI with cognitive decline profoundly (= 0.001, AUC = 0.90)"
2026-09-28 recall check (full-text pass on studies whose abstract lacked an accuracy statement),E247,Vallelunga A,2021,added,,,,study missed by the abstract-based accuracy filter; full text read and estimate extracted,"Similarly, miR-96-5p expression was decreased in PD patients (Mean ± SEM:0.051 ± 0.012) compared with HC (Mean ± SEM:0.057 ± 0.009) (fc:0.89;< 0.01) (). The AUC for miR-96-5p, when comparing PD and HC, was 0.645 ()."
2026-09-28 recall check (full-text pass on studies whose abstract lacked an accuracy statement),E248,Vallelunga A,2021,added,,,,study missed by the abstract-based accuracy filter; full text read and estimate extracted,we observed that this miRNA discriminated well between MSA and HC [area under the curve (AUC) = 0.736;< 0.001] with a sensitivity of 77.4% and a specificity of 67.3%
2026-09-28 recall check (full-text pass on studies whose abstract lacked an accuracy statement),E249,Vallelunga A,2021,added,,,,study missed by the abstract-based accuracy filter; full text read and estimate extracted,"Nevertheless, when comparing MSA and HC male patients, we observed a high specificity (92%) and moderate sensitivity (63%) ()."
2026-09-28 recall check (full-text pass on studies whose abstract lacked an accuracy statement),E250,Vallelunga A,2021,added,,,,study missed by the abstract-based accuracy filter; full text read and estimate extracted,The specificity of miR339-5p to discriminate between MSA and PD was 90.6% but the sensitivity was 51% ().
2026-09-28 recall check (full-text pass on studies whose abstract lacked an accuracy statement),E251,Vallelunga A,2021,added,,,,study missed by the abstract-based accuracy filter; full text read and estimate extracted,"The specificity of miR339-5p to discriminate between PD and MSA female subjects was 88%, and the sensitivity was 68.8% ()."
