PMID,DOI,Title,Abstract,Journal,Year,Authors,MeSH,Keywords
41918250,10.1080/07853890.2026.2634566,Epigenetic regulators polyphenols in neurodegenerative diseases: a promising intervention strategy.,"Neurodegenerative diseases are complex disorders characterized by the progressive loss of neuronal structure and function, involving pathological mechanisms such as oxidative stress, chronic inflammation, protein misfolding, and impaired synaptic plasticity. Recent studies have revealed that epigenetic regulation plays a critical role in the onset and progression of these diseases, including mechanisms such as DNA methylation, histone modifications, and non-coding RNA regulation. Natural polyphenolic compounds, known for their safety and multi-target properties, have emerged as promising candidates for neuroprotection and therapeutic intervention.

This review summarizes recent advances in the neuroprotective effects of polyphenols in neurodegenerative diseases through epigenetic mechanisms. It focuses on their regulation of DNA methyltransferase activity, histone acetylation status, and non-coding RNA expression, as well as their influence on neurotrophic factors, inflammatory mediators, and synapse-related gene expression.

Polyphenolic compounds such as curcumin, resveratrol, and epigallocatechin gallate (EGCG) have been shown to modulate epigenetic enzyme activity, alleviate neuroinflammation, improve mitochondrial function, and promote neuroregeneration, demonstrating multi-level neuroprotective effects. However, clinical translation is limited by low oral bioavailability, rapid metabolism, and insufficient brain-targeting capacity. Emerging strategies including nano-delivery systems, prodrug design, and omics technologies hold promise in overcoming these limitations and enhancing therapeutic efficacy.

Polyphenols exert multi-target regulatory effectsepigenetic mechanisms in neurodegenerative diseases, showing great potential for intervention. In the future, integrating precision nutrition, personalized treatment, and multi-omics approaches may facilitate the development of novel epigenetic-based strategies for the prevention and treatment of neurodegenerative disorders.",Annals of medicine,2026,Li LH; Huang Y; Wang XX; Xu CC; Wu L; He KL; Han DX; Chang Z; Wang JQ; Ma RJ,"Humans; Neurodegenerative Diseases; Polyphenols; Epigenesis, Genetic; Neuroprotective Agents; Animals; Resveratrol; Catechin; DNA Methylation; Oxidative Stress; Curcumin",Polyphenols; curcumin; epigallocatechin-3-gallate; epigenetic modulation; histone acetylation; miRNA regulation; neurodegeneration; resveratrol
42663279,10.3892/ijmm.2026.5966,lncRNAmediates palmitic acid‑induced neuronal lipotoxic injury via the miR‑449a‑5p/caspase‑3 and Akt/GSK‑3β axes.,"A close relationship exists between excessive lipids and structural and functional brain dysfunction, with the long non‑coding (lncRNA)‑microRNA (miR)‑mRNA network having an emerging role. Given the increasingly recognized role of the lncRNA taurine upregulated gene 1 () in metabolic and neurodegenerative diseases, the present study investigated its function and mechanism in palmitic acid (PA)‑induced neuronal injury. Results showed that lncRNAexpression was elevated in PA‑treated HT‑22 and SH‑SY5Y cells. Moreover, cell‑baseddetection including reverse transcription‑quantitative polymerase chain reaction, western blotting and lactate dehydrogenase cytotoxicity assays demonstrated a positive association between lncRNAexpression and lactate dehydrogenase release and cleaved caspase‑3 levels, whereas a negative association was observed with the expression levels of Bcl‑2 and synaptic proteins (synapsin‑1, synaptotagmin‑1 and brain‑derived neurotrophic factor) and the ratios of phosphorylated (p‑)Akt/Akt and p‑GSK‑3β/GSK‑3β. The downregulation of lncRNAreversed PA‑induced damage in HT‑22 cells. Bioinformatics and dual‑luciferase assays identified miR‑449a‑5p as the direct target of lncRNA. Rescue experiments revealed that miR‑449a‑5p mediated the effects of lncRNAby targeting caspase‑3 via the Akt/GSK‑3β pathway. Collectively, these findings establish a causal axis in which lncRNAderepresses caspase‑3 and suppresses Akt/GSK‑3β signaling by sponging miR‑449a‑5p, thereby driving neuronal lipotoxic injury.",International journal of molecular medicine,2026,Wei YD; Chen PQ; Zheng X; Wu LQ; Wang XY; Gao XR; Ge JF,"MicroRNAs; RNA, Long Noncoding; Glycogen Synthase Kinase 3 beta; Palmitic Acid; Neurons; Humans; Proto-Oncogene Proteins c-akt; Caspase 3; Animals; Signal Transduction; Cell Line; Cell Line, Tumor; Mice; Apoptosis",Akt/GSK‑3β pathway; Caspase‑3; lncRNA TUG1; miR‑449a‑5p; palmitic acid
42600914,10.1016/j.fct.2026.116339,Multi-omics analysis reveals coordinated epigenetic dysregulation in atrazine-induced dopaminergic neurotoxicity.,"Atrazine (ATR), a widely used triazine herbicide, has been linked to neurotoxicity, yet the epigenetic mechanisms underlying its dopaminergic effects remain unclear. This study investigated whether coordinated miRNA dysregulation and DNA methylation alterations contribute to ATR-induced Parkinson's disease (PD)-like neurotoxicity. Male Sprague-Dawley rats were administered ATR (50 mg/kg/day) for 90 days, resulting in motor and cognitive deficits with dopaminergic dysfunction, including increased α-synuclein and reduced tyrosine hydroxylase expression. Small RNA sequencing identified 72 differentially expressed miRNAs in the substantia nigra, enriched in PI3K-Akt, MAPK, and Ras signaling pathways. In a cohort of six PD patients and six matched controls, genome-wide DNA methylation profiling revealed 4694 differentially methylated positions, predominantly hypomethylated, with overlapping enrichment in neuronal signaling pathways. Weighted gene co-expression network analysis identified a PD-associated module strongly correlated with disease status (r = -0.95, P < 0.001). Multi-omics integration identified CASP3 as a central hub gene. External validation supported CASP3 relevance in PD (AUC = 0.833), and molecular docking suggested potential ATR-CASP3 interaction. Further analysis predicted upregulated miR-3552 as a potential upstream regulator of CASP3. These findings indicate that ATR-induced neurotoxicity may be mediated through the miR-3552/CASP3 signaling axis, ultimately regulating apoptosis and contributing to neurodegeneration.",Food and chemical toxicology : an international journal published for the British Industrial Biological Research Association,2026,Ning S; Liu Z; Li Y; Zhang R,"Animals; Atrazine; Male; Rats, Sprague-Dawley; Rats; Epigenesis, Genetic; Multiomics; Herbicides; DNA Methylation; Humans; MicroRNAs; Neurotoxicity Syndromes; Dopamine; Signal Transduction",Atrazine; DNA methylation; Multi-omics; Parkinson's disease; miRNA
42600995,10.1016/j.nbd.2026.107574,Circular RNAs in amyotrophic lateral sclerosis.,"Amyotrophic lateral sclerosis (ALS) is a fatal neurodegenerative disorder characterized by the progressive loss of motor neurons, with most cases lacking a clear genetic basis. Emerging evidence highlights the involvement of non-coding RNAs, particularly circular RNAs (circRNAs), in disease onset and progression. Here, we investigated circRNAs implicated in ALS and related motor neuron diseases (MNDs). Here, we provide a general overview of circular RNA metabolism and cellular functions. We then present our systematic literature review that identified ALS-associated circRNAs, followed by in silico analyses of 15 circular RNA candidates that were selected based on the most compelling data regarding ALS. Our results revealed that several circular RNAs regulate ALS-related genes, such as unfolded protein response, oxidative stress, cell cycle regulation, and apoptosis. Protein-RNA interaction analysis further showed that ALS-related circRNAs can sponge 20 RNA-binding proteins. Additionally, molecular docking analysis demonstrated that ALS-associated FUS variants significantly alter its binding affinity to circular RNAs. RNA-seq data from ALS patients confirmed significant alterations in the expression of host genes of ALS-related circRNAs and hub proteins in ALS-affected CNS tissues. Collectively, our findings identify circRNAs as potential key contributors to ALS pathogenesis.",Neurobiology of disease,2026,Ataei R; Amini J; Sanadgol N; Simon AF; Duennwald ML,"Amyotrophic Lateral Sclerosis; Humans; RNA, Circular; Animals; RNA-Binding Protein FUS",Amyotrophic lateral sclerosis (ALS); Circular RNAs (circRNAs); FUS; miRNA sponging
42385887,10.1016/j.fct.2026.116238,Integrated whole-transcriptome analysis reveals ceRNA network dysregulation underlying methcathinone-induced synaptic damage and cognitive impairment.,"Methcathinone (MCAT), a synthetic cathinone structurally analogous to amphetamine, poses substantial public health concerns due to its high addictive liability and pronounced neurotoxicity. In the present study, rat models of MCAT-induced neurotoxicity were established using low (0.5 mg/kg), medium (5 mg/kg), and high (20 mg/kg) doses. Cognitive function was assessed using the Morris water maze, while hippocampal synaptic morphology and ultrastructure were examined via Golgi staining and transmission electron microscopy. To elucidate the underlying molecular mechanisms, whole-transcriptome sequencing was performed to profile mRNAs, miRNAs, circRNAs, and lncRNAs in the hippocampus across exposure groups relative to controls. Differential expression analysis identified extensive transcriptional alterations, including 1646, 1539, and 1477 DEmRNAs; 32, 28, and 23 DEmiRNAs; 749, 728, and 753 DEcircRNAs; and 391, 369, and 371 DElncRNAs in the low-, medium-, and high-dose groups, respectively. Functional enrichment analyses consistently implicated synapse-related processes and neurodegeneration-associated pathways. Notably, activity-dependent immediate-early genes (c-Fos, Nr4a1, Arc, Egr1, Egr2, and Npas4) were uniformly downregulated across all exposure levels, indicating impaired neuronal activity-dependent transcriptional responses. Integration of multi-layered transcriptomic data enabled the construction of circRNA-miRNA-mRNA and lncRNA-miRNA-mRNA competing endogenous RNA (ceRNA) networks, revealing extensive post-transcriptional regulatory interactions. A core ceRNA network was identified, comprising 6 hub mRNAs, 9 miRNAs, 95 lncRNAs, and 146 circRNAs. Quantitative RT-PCR validation demonstrated high concordance with RNA-seq results, supporting the robustness of the dataset. These findings demonstrate that MCAT induces cognitive deficits and synaptic structural impairments by disrupting activity-dependent gene expression and neurotrophic signaling through complex ceRNA-mediated regulatory networks. This study provides novel mechanistic insights into MCAT-induced neurotoxicity and identifies potential molecular targets for therapeutic intervention in psychostimulant-related cognitive dysfunction.",Food and chemical toxicology : an international journal published for the British Industrial Biological Research Association,2026,Zhou R; Xu C; Chen Z; Lv J; Yun K; Wei Z,"Animals; Propiophenones; RNA, Competitive Endogenous; Rats; Gene Expression Profiling; Synapses; Cognitive Dysfunction; Hippocampus; Male; Rats, Sprague-Dawley; Transcriptome; Gene Regulatory Networks; MicroRNAs; RNA, Messenger",Methcathinone; Neurotoxicity; Whole transcriptomics; ceRNA
41467429,10.4103/NRR.NRR-D-25-00554,Therapeutic potential of astrocyte transdifferentiated neurons.,"The permanent functional deficits resulting from the inability of adult mammalian central nervous system neurons to regenerate after injury present a significant clinical challenge. While traditional stem cell transplantation strategies continue to encounter ethical concerns and the risk of immune rejection, this impasse has shifted regenerative medicine research toward targeting endogenous astrocytes. Due to their intrinsic plasticity, widespread distribution throughout the central nervous system, and affinity for neurodevelopmental lineage, astrocytes are a unique target for in situ neuronal regeneration. This review systematically elucidates the core regulatory network governing astrocyte transdifferentiation, identifying 10 key signaling pathways, such as Wnt signaling pathway, that form a cascade regulatory system. Directed overexpression of transcription factors such as NeuroD1, Ascl1, or Neurog2 can directly initiate neuronal phenotypic conversion. Meanwhile, small molecule compounds such as valproic acid combined with CHIR99021 activate endogenous neurogenic programs by inhibiting the bone morphogenetic protein signaling axis. Notably, polypyrimidine tract binding protein 1 ( PTB ) gene silencing significantly enhances transdifferentiation efficiency by suppressing the microRNA 124/re1 silencing transcription factor (miR-124/REST) feedback loop. From a translational perspective, a multidimensional evaluation system based on morphological, molecular marker, and electrophysiological properties has demonstrated considerable therapeutic potential. In stroke models, NeuroD1-mediated transdifferentiation replenished approximately 30% of lost cortical neurons and improved motor coordination, evidenced by enhanced performance in food pellet retrieval, grid walking, and cylinder tests compared with controls. In spinal cord injury studies, SOX2-induced glutamatergic neurons moderately reduced glial scar density by about 25%, permitting regenerating axons to pass through while preserving the supportive structure of scar. In neurodegenerative contexts, PTB inhibition yielded functionally mature dopaminergic neurons and reconstructed nigrostriatal pathways in Parkinson's disease models. In Alzheimer's disease models, adeno-associated virus-delivered NeuroD1 induced whole-brain neural circuit remodeling, generating 500,000 new neurons widely distributed across the cortex and hippocampus, accompanied by improved cognitive performance. Current technical limitations include off-target effects of adeno-associated virus vectors, which cause nonspecific gene expression and require rigorous validation via Cre-loxP lineage tracing. Transdifferentiation efficiency is also highly influenced by regional microenvironments: gray matter astrocytes show higher conversion rates than those in white matter, and oxidative stress increases apoptosis among newly generated neurons. Clinical translation is further constrained by the safety of delivery systems and the aging tissue microenvironment, where transforming growth factor beta 1 is often elevated. Ferroptosis inhibitors have been shown to nearly double the survival rate of transdifferentiated cells, offering a novel strategy to mitigate oxidative damage. Based on current evidence, astrocyte transdifferentiation enables neural functional recovery across multiple disease models through endogenous repair mechanisms. Future advances should focus on optogenetically inducible vectors for spatiotemporal precision, non-viral delivery systems to mitigate vector-related risks, and integration of long-term safety validation in non-human primates with single-cell multi-omics technologies to facilitate the clinical translation of personalized regenerative therapies.",Neural regeneration research,2025,Liang X; Qin R; Qin Q; Xu W; Xu H; Lai X; Shao L; Li C; Xie M; Xiong X; Tang Q; Chen L,,Alzheimer’s disease; Huntington’s disease; Parkinson’s disease; amyotrophic lateral sclerosis; cell transdifferentiation; ischemic stroke; nervous system diseases; ptbp1 protein; small molecule; spinal cord injury; transcription factors
42716230,10.1016/j.nbd.2026.107603,"MicroRNAs in polyglutamine diseases: Mechanistic insights, circulating biomarkers, and emerging microRNA-based therapeutic strategies.","MicroRNAs (miRNAs) have emerged as critical regulators in the pathogenesis of polyglutamine (PolyQ) diseases-a group of fatal neurodegenerative disorders caused by CAG repeat expansions, such as Huntington's disease, spinocerebellar ataxias, dentatorubral-pallidoluysian atrophy, and spinal and bulbar muscular atrophy. This review synthesizes recent advances in miRNA dysregulation across all nine PolyQ diseases, focusing on studies published since 2019. We examine how specific miRNAs modulate core pathogenic cascades-including mutant protein aggregation, transcriptional dysregulation, mitochondrial dysfunction, and apoptosis-and then link these molecular events to disease-relevant motor, cognitive, and psychiatric phenotypes. The review highlights therapeutic progress, including the preclinical efficacy of adeno-associated virus (AAV)-delivered artificial miRNAs and emerging exosome-based platforms that target mutant transcripts such as HTT, ATXN1, ATXN3, and ATXN7. AAV5-miHTT has advanced to a first-in-human trial for Huntington's disease (NCT04120493)-a key milestone in clinical translation. Circulating miRNAs in plasma and cerebrospinal fluid show diagnostic potential as minimally invasive, stage-specific biomarkers, but challenges persist in normalization, cross-biofluid concordance, and clinical validation. Despite substantial progress, translational barriers remain-including off-target effects, delivery optimization, immunogenicity, and patient heterogeneity. Overcoming these barriers will require integrative approaches that combine single-cell transcriptomics, engineered delivery systems, machine learning, and longitudinally phenotyped clinical cohorts. This review integrates mechanistic insights, biomarker discovery, and therapeutic development to move miRNA-based strategies toward disease-modifying interventions for PolyQ disorders.",Neurobiology of disease,2026,Liu Y; Cui Y; Sun M; Gong L; Liu K; Zhang S; Tan X; Cong S,,Biomarker; Circulating miRNA; Polyglutamine disease; microRNA
42711740,10.1186/s40035-026-00581-1,Human amniotic mesenchymal stromal cell-derived extracellular vesicles reprogram microglia and prevent neurodegeneration in experimental models of Alzheimer's disease.,"Alzheimer's disease (AD) is the most prevalent neurodegenerative disorder and disproportionately affects women, with neuroinflammation emerging as a key driver of disease onset and progression. Beyond amyloid-β (Aβ) and hyperphosphorylated tau protein accumulation, chronic activation of microglia and astrocytes amplifies synaptic dysfunction and neuronal loss. Mesenchymal stromal cell-derived extracellular vesicles (MSC-EVs) represent a promising translational strategy due to their capacity to modulate inflammation and promote neuroprotection. Here, we investigated whether intranasal administration of extracellular vesicles derived from human amniotic membrane MSCs (hAMSC-EVs) could counteract cognitive decline, neuroinflammation, and synaptic alterations in experimental and human cellular models of AD.

hAMSC-EVs were isolated and characterized for size, markers, and biodistribution. Female 3 × Tg-AD mice received chronic intranasal hAMSC-EV administration from 3 to 9 months of age. Cognitive performance was assessed using novel object recognition, object place recognition, and Y-maze tests. Hippocampal Aβ levels, tau phosphorylation, glial density, microglial morphology, cytokine profiles, and synaptic protein expression were analyzed by immunoblotting, ELISA, immunofluorescence, and morphometric analyses. Bioinformatic analyses were performed to investigate the miRNA cargoes of hAMSC-EVs. Translational relevance of the hAMSC-EV effects was assessed in glutamatergic neurons differentiated from induced pluripotent stem cells derived from sporadic AD patients.

The hAMSC-EVs delivered intranasally reached the hippocampus and were internalized by neurons and microglia. hAMSC-EV treatment significantly improved cognitive performance of female 3 × Tg-AD mice and reduced hippocampal Aβ levels without affecting tau phosphorylation. The hAMSC-EVs attenuated neuroinflammation by reducing microglial and astrocytic density, inducing microglial structural remodeling, and downregulating TMEM119 and TREM2 expression. We also detected a shift toward an anti-inflammatory cytokine profile and increased expression of neuroplasticity-related proteins, including BDNF, GluA1, and ARC in the hippocampus of 3 × Tg-AD mice. Bioinformatic analyses identified EV miRNA cargoes enriched in immunomodulatory and neuroprotective pathways. In human AD neurons, hAMSC-EVs prevented neurite atrophy and rescued synaptic protein expression without affecting the cell viability.

hAMSC-EVs exert robust anti-inflammatory and neuroprotective effects in both murine and human AD models, improving cognition, modulating glial activation, and restoring synaptic integrity. These findings highlight the translational potential of intranasal hAMSC-EVs as an adjuvant therapeutic strategy targeting neuroinflammation and neurodegeneration in AD.",Translational neurodegeneration,2026,Papait A; Natale F; Silini AR; Nifo Sarrapochiello I; Orecchini E; Sollazzo R; Rinaudo M; Farigu S; Garofalo N; Mantini G; Giuffrè GM; Romele P; Ragozzino E; Dellaria A; Giacò L; Marra C; Ripoli C; Grassi C; Parolini O; Fusco S,"Alzheimer Disease; Extracellular Vesicles; Animals; Humans; Microglia; Female; Mice; Mesenchymal Stem Cells; Disease Models, Animal; Mice, Transgenic; Amnion; Hippocampus; Administration, Intranasal",Extracellular vesicles; Microglia; Neuroinflammation; Neuroplasticity; iPSC-derived human neurons
42708923,10.1021/acsnano.6c09351,A Rapid Poly(ethylene glycol)-Assisted Magnetic Isolation Approach for High-Throughput Extracellular Vesicle Isolation and Subsequent Biomarker Analysis.,"Extracellular vesicles (EVs) are crucial mediators of intercellular communication and have the potential to serve as biomarkers for disease diagnosis and therapeutic monitoring. However, most EV isolation methods often require large sample volumes and specialized instruments or involve trade-offs between purity, yield, cost, and scalability. We developed MagPEG, a workflow that combines poly(ethylene glycol) (PEG)-mediated EV aggregation with magnetic beads to provide a simple, reproducible alternative to ultracentrifugation, size-exclusion chromatography, and commercial precipitation kits. Our optimization experiments clarified the PEG concentration, ionic strength, and bead surface chemistry that collectively influence EV aggregation, capture efficiency, and contaminant coprecipitation, allowing us to define conditions that improve purity while maintaining high recovery. Compared with commonly used methods, MagPEG produced EVs with comparable size distribution, EV markers, and proteomic profiles while relying only on standard laboratory supplies. A key feature of the platform is that EVs and EV-associated DNA, RNA, and proteins can be sequentially extracted from the same bead-bound material, reducing sample loss and hands-on time and enabling multiomic analysis for limited clinical or small animal samples. MagPEG is compatible with downstream applications including proteomics, bead-based assays, and miRNA quantification. When applied to human serum, the method supported high-throughput EV proteomic profiling and enabled the identification of Alzheimer's disease-associated protein signatures, illustrating its utility for biomarker discovery. Overall, our results establish MagPEG as a powerful, rapid, scalable, and high-throughput solution for translational applications in biomarker discovery.",ACS nano,2026,Sun L; Duke L; Vied C; Hammel G; Pate B; Wang J; Zhang Y; Tian DS; Fan J; Ren Y,Polyethylene Glycols; Biomarkers; Extracellular Vesicles; Humans; Animals; High-Throughput Screening Assays; Proteomics,Biomarker Profiling; Extracellular Vesicles; High-throughput; Magnetic Beads; PEG
42696105,10.1007/s12264-026-01711-5,Identification of Age-Associated Upstream Regulators to Promote Neuronal Resilience in HD Patient-Derived Neurons.,"Aging is a risk factor for neurodegenerative disorders, but the molecular link between neuronal aging and neurodegeneration remains unclear. Huntington's disease (HD) is an inherited neurodegenerative disorder with adult-onset clinical symptoms. Striatal medium spiny neurons (MSNs) are mainly affected in HD, but how aging contributes to MSN degeneration remains uncertain. Using directly converted MSNs from fibroblasts of HD patients (HD-MSNs), we studied age-related pathological features, including neuronal cell death, mutant huntingtin (mHTT) aggregation, and DNA damage in HD. In this study, through transcriptomic analysis of longitudinally aged MSNs and HD-MSNs, we identified four upstream regulators, NFKB1, SOD1, IRF3, and REST, that modulate downstream gene expression in aged MSNs. Among these, knocking down NFKB1 significantly reduced HD pathologies in HD-MSNs, while overexpressing NFKB1 reversed these protective effects. Overall, these results identify NFKB1 as a key age-associated upstream regulator whose downregulation confers neuronal resilience and is a potential therapeutic target in HD.",Neuroscience bulletin,2026,Oh YM; Bacallao EA; Lee SA; Kim J; Swinford S; Smith GE; Britt B; Abdalla SM; Lee SW,,Age-associated upstream regulator; Huntington’s disease; Medium spiny neurons; MicroRNA-mediated direct neuronal conversion; Neurodegeneration; Neurodegenerative disease; Neuronal aging; Patient-derived neurons
42690211,10.15288/jsad.26-00200,"Preclinical Models of Alcohol Use and Alcohol-Induced Neurotoxicity: Behavioral, Cognitive, and Developmental Perspectives.","This review conceptualizes ethanol and methanol neurotoxicity through a tri-domain framework encompassing motivational, degenerative, and developmental mechanisms, and integrates decades of rodent research into a multidimensional map of how alcohol reshapes the brain. It emphasizes exposure route-specific paradigm, oral gavage, vapor inhalation, and intraperitoneal administration, as translational anchors linking behavioral, metabolic, and molecular signatures.

A literature search was conducted across PubMed, Scopus, and Web of Science databases for articles published between June 1999 and May 2026. Search terms integrated keywords related to alcohol exposure routes and neurotoxicity (e.g., ethanol, methanol, neurodegeneration, prenatal/adolescent exposure, oral gavage, vapor, and injection paradigms). Boolean operators and manual citation tracking were utilized. Out of 205 initially identified articles, 182 studies meeting selection criteria were included in the final synthesis.

Chronic gavage models effectively capture nutrient-metabolic interactions under sustained drinking, vapor inhalation isolates central oxidative and inflammatory cascades under stress-neutral conditions, and injection paradigms offer mechanistic precision for acute mitochondrial dysfunction. Hybrid protocols reveal time-coded dynamics of degeneration and recovery. Developmental studies demonstrate that prenatal and adolescent alcohol exposure drives epigenetic remodeling, DNA methylation drift, histone acetylation, and microRNA dysregulation, leading to long-term deficits in cortical maturation and cognitive control. Methanol models extend this neuroenergetic spectrum through formate-driven mitochondrial failure and optic-cerebellar injury.

The tri-domain framework integrates diverse rodent paradigms across exposure routes and life stages. To enhance clinical translation, future research should leverage multi-omics, connectomic mapping, and bioengineered platforms (e.g., organoids and brain-on-chip) to identify early molecular markers and targeted neuroprotective interventions.",Journal of studies on alcohol and drugs,2026,Rastgoo M; Keshvari B; Mohseni F,,Alcohol Drinking/adverse effects; Animal; Methanol/toxicity; Models; Neurotoxicity Syndromes/chemically induced; Substance-Related Disorders
42485567,10.2337/db26-0179,Deletion of 12/15-Lipoxygenase Preserves Retinal Thickness and Function and Selectively Restores Dysregulated miRNAs in Experimental Diabetes Mice.,"Diabetic retinopathy (DR) remains a leading cause of blindness, characterized by progressive neurovascular dysfunction. While the enzyme 12/15-lipoxygenase (12/15-LO) and its metabolites are upregulated in DR, their interactions with epigenetic regulators, such as miRNAs, are poorly understood. This study investigates the role of 12/15-LO in miRNA dysregulation and its functional consequences in a type 1 diabetic mouse model. We generated 12/15-LO knockout mice on an (Ins2+/akita) (Akita) background. Retinal miRNA expression was profiled using microarray analysis, and retinal structure and function were assessed using histology and electroretinography. Our results demonstrate that diabetes induces significant dysregulation of a distinct subset of retinal miRNAs (e.g., downregulation of miR-329-3p and miR-431-5p and upregulation of miR-3078-3p and miR-323-5p). Deletion of 12/15-LO normalized a subset of these diabetes-associated miRNA alterations and prevented retinal thinning and the loss of neuronal markers (NeuN and SCGN). Functionally, 12/15-LO deletion rescued diabetes-induced deficits in retinal ganglion cell (positive scotopic threshold response), cone bipolar cell (photopic b-wave), and cone pathway function (response to natural noise). In conclusion, our findings establish 12/15-LO as a critical upstream regulator of miRNA in the diabetic retina and demonstrate that its deletion protects against neuronal damage in DR. Thus, targeting the 12/15-LO pathway may represent a novel therapeutic strategy to mitigate neuronal dysfunction associated with DR progression.

Retina of Akita diabetic mice demonstrated significant thinning and dysfunction. Deletion of 12/15-lipoxygenase (12/15-LO) in Akita diabetic mice, an essential enzyme that metabolizes arachidonic acid to 12- and 15-hydroxyeicosatetraenoic acids, restored normal retinal thickness and preserved retinal neurons and function. Deletion of 12/15-LO selectively restored essential mature forms of miRNA, such as miR431 and miR329, which are implicated in neuroprotection, synaptic plasticity, and cellular response to stress. Targeting 12/15-LO and its metabolites has the potential to protect retina against diabetes neurodegeneration.",Diabetes,2026,Moustafa M; Guirguis Y; Humble J; Grace M; Wang M; Ensley AN; Risner M; Saul A; Ibrahim AS; Al-Shabrawey M,"Animals; Arachidonate 15-Lipoxygenase; Arachidonate 12-Lipoxygenase; MicroRNAs; Retina; Mice; Diabetes Mellitus, Experimental; Mice, Knockout; Diabetic Retinopathy; Electroretinography; Male",
42431487,10.1016/j.ijbiomac.2026.153252,Multi-omics integration combined with multi-source weighted analysis identifies a key microRNA combination that reverses α-synuclein aggregation and pathological phenotypes in Parkinson's disease.,"Parkinson's disease (PD) is a progressive neurodegenerative disorder characterized by pathological aggregation of α-synuclein and selective loss of dopaminergic neurons. The molecular mechanisms involving microRNA regulation of protein homeostasis remain incompletely understood.

We integrated single cell RNA-seq, miRNA-seq, bulk RNA-seq, weighted gene co-expression network analysis (WGCNA), and multi-source weighted data integration to screen key miRNAs and core gene modules. The candidate miRNA combination was validated in an MPP-induced SH-SY5Y PD cell model by measuring TH, DAT, SNCA and LRRK2 using ELISA, and TUJ1 and MAP2 using immunofluorescence.

Six miRNAs (miR-194-5p, miR-95-3p, miR-1303, miR-889-3p, miR-6506-5p, miR-1287-5p) were identified. Their combined transfection restored cell viability to ∼98%, reversed PD-like morphology, reduced SNCA by ∼46% and LRRK2 by ∼51%, restored TH (∼4.4-fold) and DAT (∼3.6-fold), and induced neuronal fate transition.

This six-miRNA combination modulates multiple PD-related proteins, reverses PD-like cellular phenotypes in vitro, and induces neuronal-like marker expression, providing a preliminary basis for developing potential protein-targeted therapeutic strategies for PD.",International journal of biological macromolecules,2026,Wang G; Huang C; Luo X; Pan J; Pan S; Xu A; Liu Q; Chen J; Sun L; Duan J; Huang B,"alpha-Synuclein; Humans; MicroRNAs; Parkinson Disease; Multiomics; Phenotype; Cell Line, Tumor; Gene Expression Regulation; Gene Expression Profiling; Gene Regulatory Networks",Neuronal fate transition; Parkinson's disease; Protein homeostasis
42323054,10.1016/j.bbcan.2026.189641,Beyond Raf-1 inhibition: RKIP's multifaceted roles in cellular homeostasis.,"Raf Kinase Inhibitory Protein (RKIP), also known as PEBP1, is a multifunctional modulator of intracellular signaling with pivotal roles in cellular homeostasis, cancer suppression, cardiac physiology, and neurobiology. Initially characterized by its inhibition of the Raf-1/MEK/ERK cascade, RKIP has since emerged as a dynamic regulator of numerous pathways, including NF-κB, GRK2, GSK3β, and Aurora B kinase. RKIP activity is modulated through phosphorylation-dependent conformational shifts that dictate its binding partners and regulatory outcomes. In oncology, RKIP acts as a metastasis suppressor by promoting let-7 microRNA expression and inhibiting pro-metastatic genes such as HMGA2, BACH1, MMPs, and CXCR4. In the nervous system, RKIP influences synaptic signaling, pain perception, and neuroprotection, while in cardiomyocytes, it enhances β-adrenergic signaling and protects mitochondria under stress. Dysregulation of RKIP is implicated in cancer progression, heart failure, and neurodegenerative diseases. Ongoing research into pharmacological modulation of RKIP holds promise for novel therapeutic interventions across diverse pathologies.",Biochimica et biophysica acta. Reviews on cancer,2026,Albeloushi S; Mohammad A; Hasan A; Al-Mulla F,Humans; Phosphatidylethanolamine Binding Protein; Homeostasis; Animals; Proto-Oncogene Proteins c-raf; Neoplasms; Signal Transduction,GSK3β; RKIP; Raf-1
42308989,10.1016/j.phymed.2026.158417,Wuzi Yanzong Pill improves Parkinson's disease via miR-146a-5p/USP3/NF-κB axis.,"Neuroinflammation, characterized by dysregulated activation of microglia, is a hallmark of Parkinson's disease (PD). Nevertheless, therapeutic strategies aimed at the mechanism of inflammation resolution remain limited.

This study integrated PD clinical cohorts, MPTP-induced and miR-146a-induced mouse models, as well as LPS-stimulated and miR-146a-activated cell models. Combined with omics analysis, behavioral detection and molecular biology experiments, we systematically evaluated the anti-inflammatory protective effects of Wuzi Yanzong Pills (WYP). The active plant metabolites of WYP were identified using a combination of UHPLC-Q-Exactive-MS/MS, AP-SMALDI Orbitrap MSI, and pharmacokinetic analysis.

In PD patients, WYP significantly improved motor dysfunction, inhibited pro-inflammatory cytokines, and elevated neurotransmitter levels. Exosomal miRNA sequencing analysis indicated that miR-146a-5p may serve as a biomarker for PD and is positively correlated with disease severity. Animal experiments further showed that WYP improved motor symptoms and neuroinflammation in MPTP- and miR-146a-induced PD mice models. A dual-luciferase reporter assay confirmed ubiquitin specific peptidase 3 (USP3) as a direct target gene of miR-146a-5p. In an LPS-activated BV2 microglial cell model, WYP intervention reduced the content of miR-146a-5p in cell-derived exosomes and mitigated their pro-inflammatory damaging effects on neuronal cells. Component analysis revealed that 16 plant metabolites in WYP can enter the bloodstream, among which 11 can cross into the brain. Notably, geniposidic acid, hyperoside, kaempferol, protocatechuic acid, and schisandrol A significantly suppressed the expression of pro-inflammatory factors in BV2 cells, suggesting that they may be the main active components underlying the anti-inflammatory effects of WYP.

WYP improves PD by regulating the miR-146a-5p/USP3/NF-κB pathway. Meanwhile, the active plant metabolites of WYP have been identified. These findings provide experimental evidence for WYP as a potential therapeutic agent for PD.",Phytomedicine : international journal of phytotherapy and phytopharmacology,2026,Xu L; Feng Z; Li Z; Qin S; Yang L; Xiao B; Ma C; Fan H; Chai Z,"Animals; MicroRNAs; Mice; NF-kappa B; Parkinson Disease; Humans; Drugs, Chinese Herbal; Male; Mice, Inbred C57BL; Disease Models, Animal; Microglia; Anti-Inflammatory Agents",Exosomes; Microglia; Neuroinflammation; Parkinson’s disease; miR-146a-5p
42032299,10.1038/s41380-026-03611-6,Blood-derived microRNA signatures associated with hippocampal structure and atrophy rate: findings from the Rhineland Study.,"MicroRNAs (miRNAs) have been linked to brain disorders, but their relations with hippocampal structure and atrophy remain unexplored. As the hippocampus is pivotal for cognition and dementia, understanding these relations and their specificity for the hippocampus would elucidate miRNA involvement in brain health and neurodegeneration. Here, using population-based data, we cross-sectionally and longitudinally examined the associations of blood-derived miRNAs with left and right hippocampal volume, hippocampal asymmetry, and total brain volume. Expression of miRNAs and their putative target genes was measured at study baseline in whole blood using RNA sequencing. Brain imaging measures were examined at baseline and re-examined 4.60-8.02 years later using 3 T MRI. We investigated miRNA associations with imaging measures cross-sectionally using linear regression and longitudinally using linear mixed-effect models. Cross-sectionally, six miRNAs (miR-199a-3p, miR-199b-3p, miR-155-5p, miR-146a-5p, miR-6859-5p, miR-505-5p) were associated exclusively with left hippocampal volume. Longitudinally, another five miRNAs (miR-361-3p, miR-4473, miR-381-3p, miR-543, miR-370-3p) were associated with left hippocampal, right hippocampal, and total brain atrophy rates. Twenty-one miRNAs were exclusively associated with total brain atrophy rate. In whole blood, miRNAs identified in the cross-sectional analysis targeted genes related to brain development, memory, and synapse assembly. MiRNAs from the longitudinal analysis targeted genes related to axonal and dendritic growth. Several identified miRNAs were previously linked to neurodegeneration. Especially miR-146a-5p and miR-370-3p have been consistently linked to dementia and could be investigated as presymptomatic blood-based biomarkers. The brain-specific functions and interactions with target genes of identified miRNAs could be further investigated to develop therapeutic strategies against neurodegeneration.",Molecular psychiatry,2026,Melas K; Talevi V; Imtiaz MA; Krüger DM; Pena-Centeno T; Fischer A; Aziz NA; Breteler MMB,Humans; Hippocampus; MicroRNAs; Atrophy; Female; Male; Magnetic Resonance Imaging; Longitudinal Studies; Cross-Sectional Studies; Aged; Middle Aged; Brain; Dementia,
42675804,10.1002/acn3.70488,Region Specific miRNA-mRNA Networks in Gray and White Matter Lesions of Progressive Multiple Sclerosis.,"Multiple sclerosis (MS) is a neurodegenerative demyelinating disease of the central nervous system. This study aimed to identify micro-RNA (miRNA)-mRNA regulatory networks underlying region-specific molecular mechanisms in white matter and gray matter lesions in progressive MS.

Global miRNA and mRNA expression profiling were previously performed on white matter and gray matter lesion tissues from postmortem progressive MS brains. These datasets were integrated using Ingenuity Pathway Analysis (IPA) to identify enriched canonical pathways based on experimentally validated miRNA target genes. Functional effects of selected miRNAs were evaluated in primary oligodendrocyte progenitor cells (OPCs) following miRNA mimic transfection using immunocytochemistry and qPCR.

Nine miRNAs were commonly dysregulated in both White Matter lesions (WMLs) and Gray Matter lesions (GMLs). Pathway analysis identified two major downstream pathways-cellular senescence and EIF2 signaling-with opposing predicted activation states (activated in White Matter lesions and inhibited in Gray Matter lesions). Among the shared miRNAs, miR-30a and miR-100 exhibited opposing expression patterns, with downregulation in GMLs and upregulation in WMLs, and both were predicted to regulate each pathway. Corresponding target genes of these miRNAs were significantly dysregulated in MS lesions. In primary Oligodendrocyte Progenitor Cells, overexpression of miR-30a or miR-100 significantly reduced proliferation and impaired differentiation, accompanied by decreased expression of their respective target genes.

These findings identify miRNAs commonly dysregulated across white matter and gray matter lesions in progressive multiple sclerosis. Furthermore, this study also identifies distinct miRNA-mRNA networks and miRNA-driven regulatory mechanisms that contribute to region-specific impairment of oligodendrocyte maturation and remyelination.",Annals of clinical and translational neurology,2026,Sapra A; Rai NK; Niepokny TD; Courtney H; Tripathi A; Dutta R,,gray matter lesions; miRNAs; oligodendrocyte progenitor cells; progressive multiple sclerosis; remyelination failure; white matter lesions
42712981,10.3389/fonc.2026.1907571,"MicroRNA-phytochemical interactome targeting thioredoxin-interacting protein: a narrative review at the nexus of RNA therapeutics, cancer biology, and metabolic regulation.","MicroRNAs (miRNAs) are increasingly recognized as central regulators of gene expression, cellular adaptation, and disease progression. This is fundamentally reshaping current understanding of disease molecular pathogenesis and therapeutic intervention. Beyond their established roles in development and metabolism, miRNAs actively participate in oncogenesis, metabolic dysfunction, inflammation, and redox homeostasis. Emerging evidence shows that phytochemicals can modulate miRNA-mediated regulatory networks by influencing miRNA biogenesis, expression, stability, and functional activity through transcriptional, epigenetic, and post-transcriptional mechanisms. Among these pathways, the thioredoxin-interacting protein (TXNIP) axis has attracted considerable attention because of its critical involvement in oxidative stress, inflammation, metabolic reprogramming, apoptosis, and cancer-associated signalling. For instance, dysregulated TXNIP expression is strongly associated with metabolic dysfunction-associated fatty liver disease (MAFLD), diabetes, cardiovascular diseases, neurodegenerative disorders, and multiple cancers, making it an attractive therapeutic target. This narrative review discussed emerging trends on phytochemical-mediated regulation of TXNIP-associated miRNAs, including miR-148b, miR-33a/b, miR-17-5p, miR-224, and miR-20a. Particular emphasis was placed on the conserved miRNA seed region as the principal determinant of target recognition, while discussing the emerging hypothesis that phytochemicals may allosterically modulate structurally accessible RNA motifs to influence miRNA conformation, stability, RNA-induced silencing complex loading, and target accessibility without disrupting canonical Watson-Crick base pairing. We further discussed molecular docking, RNA-specific molecular dynamics simulations, and complementary structural validation approaches as emerging tools for investigating RNA-ligand interactions. Therefore, this review has provided a mechanistic and translational framework integrating RNA biology, redox signalling, and precision medicine to guide future development of RNA-targeted phytochemical therapeutics for cancer, metabolic disorders, and other chronic diseases.",Frontiers in oncology,2026,Agu PC; Aja PM; Ofor CO; Ross K; Lu J,,RNA therapeutics; RNA–small molecule interactions; cancer biology; microRNA; molecular docking; oxidative stress; phytochemicals; thioredoxin-interacting protein (TXNIP)
42642833,10.1080/01616412.2026.2721323,Hippocampal GDNF signaling modulation by high-intensity interval swimming and gallic acid in an animal model of Parkinson's disease.,"Neurotrophic signaling is dysregulated in Parkinson's disease (PD), while gallic acid possesses anti-inflammatory and potential neuroprotective properties. This study investigated the effects of high-intensity interval training (HIIT) swimming and gallic acid supplementation on the glial cell line-derived neurotrophic factor (GDNF) signaling pathway in a rat model of PD.

Thirty-five male Wistar rats (8-10 weeks) were randomly assigned to five groups: healthy control, PD control, PD + HIIT swimming, PD + gallic acid, and PD + HIIT + gallic acid. PD was induced by reserpine (1 mg/kg/day, 5 days). Following induction, animals underwent six weeks of HIIT swimming (three sessions/week), while supplemented groups received gallic acid (200 mg/kg, three times/week). Gene expression levels of GDNF, RET proto-oncogene (RET), nuclear receptor-related 1 protein (NURR1), and microRNA-132 (miR-132) were assessed in hippocampal tissue.

Reserpine significantly reduced GDNF ( = 0.003), RET ( = 0.03), and NURR1 ( = 0.04) expression and increased miR-132 expression ( = 0.002) compared with healthy controls. HIIT increased GDNF ( = 0.002), RET ( = 0.001), and NURR1 ( = 0.01) expression and decreased miR-132 expression ( = 0.04). Gallic acid significantly affected RET expression ( = 0.02), whereas its effects on GDNF ( = 0.05), NURR1 ( = 0.07), and miR-132 ( = 0.16) were not significant. No significant interaction was observed between HIIT and gallic acid for GDNF ( = 0.11), RET ( = 0.86), NURR1 ( = 0.08), or miR-132 ( = 0.83).

HIIT swimming effectively modulated components of the GDNF signaling pathway in this PD model, suggesting its neuroprotective potential. Gallic acid did not provide additional benefits under these conditions, and HIIT swimming showed broader effects than gallic acid.",Neurological research,2026,Moghadasi M; Abdollahi S; Edalatmanesh MA; Motl RW; Najafi P; Salehi O,,GDNF; Neurotrophins; Parkinson’s disease; Swimming; antioxidant
42640413,10.1007/s12223-026-01574-3,The gut microbiota-miRNA axis in multiple sclerosis: Mechanisms and therapeutic potentials.,"Multiple sclerosis (MS) is a chronic immune-mediated neuroinflammatory and neurodegenerative disease characterized by demyelination, blood-brain barrier disruption, and progressive neurological disability. Increasing evidence identifies the gut microbiota (GM) as a key environmental factor in MS pathogenesis, with microbial dysbiosis contributing to immune dysregulation, impaired intestinal barrier integrity, and chronic systemic inflammation. At the same time, microRNAs (miRNAs) have emerged as pivotal post-transcriptional regulators of immune responses, neuroinflammation, and neurodegeneration. Recent studies further indicate that the GM and host miRNAs engage in a dynamic bidirectional interaction, whereby microbial metabolites modulate host miRNA expression, while host-derived miRNAs influence microbial composition and function. This reciprocal crosstalk has emerged as an important mechanism linking intestinal homeostasis to central nervous system immunity and disease progression in MS. In this review, we comprehensively summarize current evidence on the GM-miRNA axis and its role in MS pathophysiology, highlighting the molecular mechanisms underlying host-microbiota communication and immune regulation. We also discuss emerging microbiota- and miRNA-targeted therapeutic strategies, including fecal microbiota transplantation, probiotics, and miRNA-based therapeutics, as potential approaches for restoring immune homeostasis and attenuating neuroinflammation. Finally, we address current challenges, knowledge gaps, and future research directions required to translate these findings into clinical practice. A better understanding of the GM-miRNA axis may facilitate the development of novel biomarkers and personalized therapeutic strategies, ultimately shifting MS management from symptomatic treatment toward precision, disease-modifying interventions.",Folia microbiologica,2026,Rafie Sedaghat F; Hasani A; Poortahmasebi V; Hosseini S; Kafil HS; Heydarlou MM; Ahmadi S; Mehdizadehfar E; Sadeghpour Y; Hasani R; Zahmat-Dar TS,,Dysbiosis; Gut Microbiota; MicroRNAs; Multiple Sclerosis; Therapy
42635855,10.1007/s12640-026-00823-0,Therapeutic Effects of miR-29b-Enriched Nanovesicles on Mitochondrial Injury and Neuroinflammatory Processes in Alzheimer's Disease.,"Alzheimer's disease (AD) is defined by the accumulation of extracellular amyloid-β plaques and intracellular neurofibrillary tangles, which drive neuronal and synaptic impairment. In AD, the accumulation of protein aggregates leads to neuroinflammation, increased oxidative stress, and mitochondrial damage, resulting in neuronal loss and cognitive impairment. Emerging evidence highlights that microRNAs (miRNAs) modulate AD-related pathological pathways and may offer opportunities for therapeutic intervention. In this study, we investigated the therapeutic potential of microRNA-29b (miR-29b) delivered via small extracellular vesicles (sEVs) in an in vitro neuroblastoma model of AD. Four experimental groups were established using SH-SY5Y neuroblastoma cells: (1) untreated control cells, (2) Aβ-treated cells to model AD-like pathology, (3) cells treated with unloaded sEVs, and (4) cells treated with miR-29b-loaded sEVs (sEV-miR-29b). To evaluate treatment effects, we assessed markers of oxidative stress (ROS, LDH, SOD, MDA, GPX1), neuroinflammation (BDNF, ICAM1, TNF-α, NfL, MIF, VEGFA, MCP-1), mitochondrial dysfunction (Cytc, TFAM, PINK1, DNM1L), synaptic integrity (CPLX2, ROR1), and AD pathology (Amyloid-β, Total Tau, pTau181, pTau217). Our findings demonstrate that treatment with sEV-miR-29b attenuated Aβ-induced oxidative stress, reduced pro-inflammatory signaling, and improved mitochondrial homeostasis compared with Aβ-only and sEV-only groups. Moreover, sEV-miR-29b treatment partially restored synaptic protein expression and decreased pathological tau phosphorylation. These results indicate that miR-29b plays a regulatory role in neuroinflammation, oxidative stress, and mitochondrial function, suggesting that sEV-mediated delivery of miR-29b represents a promising therapeutic strategy for modulating AD-related neurodegenerative mechanisms. This study highlights the potential of miR-29b-loaded sEVs as a therapeutic approach for AD.",Neurotoxicity research,2026,Gönüllü S; Dalkılınç E; Çelik O; Çelik H; Küçükler S; Topal A; Akay R; Yıldız MO; Alım B; Özdemir S,"MicroRNAs; Humans; Alzheimer Disease; Mitochondria; Neuroinflammatory Diseases; Oxidative Stress; Cell Line, Tumor; Amyloid beta-Peptides; Extracellular Vesicles",Alzheimer’s disease; Mitochondrial dysfunction; Neuroinflammation and oxidative stress; miR-29b; small extracellular vesicles
42631818,10.1007/s12035-026-06143-w,The Role of MicroRNA in Diagnosis of Huntington's Disease: A Systematic Review.,"Huntington's disease (HD) is an autosomal dominant genetic neurodegenerative disorder with features of progressive motor, cognitive, and psychiatric dysfunction. Current diagnosis relies largely on clinical presentation and genetic testing but lacks sensitivity to early disease diagnosis or progression monitoring. MicroRNAs (miRNAs) are short non-coding RNA molecules that regulate gene expression post-transcriptionally. They are increasingly being investigated as potential diagnostic biomarkers, especially given their detectability in biofluids like plasma and cerebrospinal fluid. This review aimed to evaluate the clinical utility of miRNAs in HD, specifically defining their roles not as primary diagnostic screeners, but as dynamic biomarkers for predicting clinical conversion in premanifest individuals, tracking disease progression, and monitoring therapeutic responses. A comprehensive literature search was conducted in Medline, Embase, PubMed, Scopus, Cochrane, and ClinicalTrials.gov up to November 2024. Studies written in English including human subjects or HD models quantifying miRNA expression level for diagnostic purposes were included in this systematic review. Data was extracted onto a standard form and quality assessed with the MINORS and Cochrane tools. Thirty studies with 1889 participants were included. Dysregulated miRNAs that had been repeatedly identified in HD were miRNA-9, miRNA-124, miRNA-214, miRNA-146a, and miRNA-10b. Remarkably, Romano et al. have attained 88% sensitivity and 92% specificity for SNORD13 in plasma, and Chang et al. have achieved AUC > 0.90 for a multi-miRNA panel. While promising trends, high heterogeneity of methods and incomplete reporting of diagnostic metrics limited meta-analysis. miRNAs, particularly exosome-derived ones, possess great potential as minimally invasive biomarkers for HD diagnosis. However, while current evidence strongly supports this biomarker potential, immediate clinical implementation is not yet feasible. Future studies must resolve ongoing challenges in assay standardization, cross-cohort external validation, and integration with clinical and imaging data before clinical deployment can be realized.",Molecular neurobiology,2026,Khan S; Thalib HI; Khan TN; Alawi KM; Alabdrabalrasol ZH; Hassan FE,Humans; MicroRNAs; Huntington Disease; Biomarkers; Animals,Huntington’s disease; MiR-10b-5p; MiR-124a; MiR-9; MicroRNA; SNORD13; Systematic review
42626787,10.1177/10998004261473903,Differential microRNA Expression Reveals Sex-Specific Neuroinflammatory and Neurodegenerative Pathways in MS.,"Relapsing-remitting multiple sclerosis (RRMS) exhibits clear sex-based disparities: females have higher incidence and inflammatory activity, whereas males have lower incidence, yet experience an accelerated disease course of neurodegeneration and disability accumulation. MicroRNAs (miRNAs). Key epigenetic regulators of immune and neuronal pathways may contribute to these differences, but sex is rarely examined as a primary biological variable in MS miRNA research. This exploratory pilot study characterized sex-specific miRNA expression in treatment-naïve individuals with RRMS using samples from 46 participants (17 males and 17 females with RRMS; 6 male and 6 female healthy controls) obtained from the Accelerated Cure Project biorepository. miRNA expression was quantified using the NanoString nCounter Human v3 panel, and differential expression (0.05, fold-change ≥1.3) was evaluated across four comparisons: Multiple sclerosis (MS) females vs. MS males; sex-matched MS vs. control groups; and female vs. male healthy controls. Distinct sex-biased miRNA signatures emerged. Males with RRMS demonstrated dysregulation of immune-associated miRNAs, including coordinated changes in the miR-29, miR-30, and miR-199 families. Females with RRMS exhibited consistent downregulation of miR-941 and differential expression of immune-associated miRNAs including miR-223-3p, miR-485-3p, and miR-199a-5p. Several immune-regulatory miRNAs, including miR-223-3p, miR-146a-5p, miR-196b-5p, and miR-183-5p, were differentially expressed in both healthy controls and disease-related comparisons, suggesting that sexually dimorphic immune regulatory programs may precede disease onset. These findings indicate that disease-associated miRNA alterations are superimposed on pre-existing sex-specific immune networks and underscore the importance of incorporating sex as a biological variable in biomarker discovery and precision medicine for MS.",Biological research for nursing,2026,Buxhoeveden S; Swift-Scanlan T; Olex A; Carter C; Oh U,,epigenetics; microRNA; multiple sclerosis; neurodegeneration; neuroinflammation; sex differences
42608670,10.1186/s12859-026-06479-z,MiRQuery: a user-friendly web app for the interactive analysis and visualization of microRNA sequencing data.,"MicroRNAs (miRNAs) are a class of small noncoding RNAs that inhibit the translation of target messenger RNAs (mRNAs). Given that a single miRNA can regulate the translation of many mRNAs, miRNAs have emerged as critical regulators of physiological processes. MiRNAs have been linked to the development and progression of cancers, neurodegenerative and other diseases, most recently using high-throughput miRNA ""miRNome"" sequencing. As miRNome sequencing represents a newer 'omics application, limited guidance is available for how to analyze this data. Existing interfaces that enable non-computational users to interpret and perform comprehensive secondary analysis on their own miRNome data are limited in functionality and/or interactivity. Therefore, we developed MiRQuery to address this need.

MiRQuery is an RShiny application which features common visualization methods for high-throughput sequencing data, such as multidimensional scaling, stacked column charts, heatmaps, and boxplots to compare expression across groups for a user-specified miRNA of interest. MiRQuery further provides support for differential miRNA and gene expression analysis. Unique to miRNome sequencing data analysis, users may retrieve predicted gene targets of differentially expressed miRNA and follow up with pathway overrepresentation analysis of the gene targets. Finally, if users upload paired bulk mRNA sequencing data, they may identify differentially expressed genes and negatively correlated miRNA-gene pairs.

By providing access to sophisticated bioinformatics tools through a user-friendly interface, MiRQuery empowers both scientists new to bioinformatics and bioinformaticians new to the field to extract insights rapidly and reproducibly from their sequencing data. MiRQuery can be accessed through PositConnect at https://julianneyang-mirquery.share.connect.posit.cloud/ , and alternatively is available by user local installation via instructions on the Github project homepage.",BMC bioinformatics,2026,Yang JC; Sauter J; Adam GC; Carr R,"MicroRNAs; Software; High-Throughput Nucleotide Sequencing; Sequence Analysis, RNA; Internet; Computational Biology; User-Computer Interface; Humans",High-throughput sequencing; Next-generation sequencing; RShiny; miRNA; miRNome; miRnomics
42606643,10.1007/s12035-026-06137-8,Elevated MicroRNA-146a in Alzheimer's Disease and Its Diagnostic Potential.,"Alzheimer's disease (AD) is a progressive neurological condition marked by memory impairment and cognitive deterioration. Early diagnosis remains difficult due to the absence of reliable peripheral biomarkers. Circulating microRNAs (miRNAs) have recently gained attention as non-invasive indicators measurable in blood. Among these, microRNA-146a is of particular interest because of its role in inflammatory signaling and its altered expression in AD. This article highlights the diagnostic potential and biological function of microRNA-146a as a peripheral biomarker for Alzheimer's disease. The current study aimed to examine the expression and clinical relevance of microRNA-146a and to assess its possible influence on disease progression in Alzheimer's disease patients. Blood samples were collected after obtaining signed informed consent (No. 3912/2022 MRB) from 50 AD patients and from 50 healthy controls (HC); the miRNA content was screened by RT-PC. The expression of miRNA-146a is significantly greater in the Alzheimer's disease group (4.369 ± 3.168 -fold change) than in the control group (1.056 ± 0.702) (p < 0.001). In order to evaluate miR146a expression efficiency, a receiver operating characteristic (ROC) curve showed miR146a exhibited strong discriminative capability, with an AUC of 0.906 (95% CI 0.83-0.98). At a threshold of 2.21, the sensitivity was 90% and the specificity was 92%, demonstrating exceptional diagnostic efficacy. Logistic regression showed a strong inverse association trend (B = -6.803, OR = 0.001), with borderline statistical significance (p = 0.09). Cross-tabulation with Chi-square test confirmed a highly significant association between miR-146a expression and disease status (p < 0.001). A decision tree using Exhaustive CHAID further supported the finding, achieving 90% classification accuracy with a split point at 2.195. Collectively, these results demonstrate the robustness of miR-146a as a potential biomarker for distinguishing Alzheimer's patients from healthy individuals. An increase was found in the content of expression of microRNA-146a in AD patients compared with HC. Level of microRNA-146a, and correlated with disease; might be used as a biomarker reflecting AD.",Molecular neurobiology,2026,Mansor MR,Humans; Alzheimer Disease; MicroRNAs; Female; Male; Aged; Biomarkers; ROC Curve; Case-Control Studies,Alzheimer’s disease; Biomarker; Diagnosis; Inflammation; MicroRNA-146a
42603243,10.1007/s12031-026-02587-w,Restoration of Neuronal Metabolism and Memory in Alzheimer's Disease by Reprogramming the Exosomal microRNA Network.,"Historically the development of amyloid-β plaques and tau neurofibrillary tangles have been used as the hallmarks of Alzheimer's disease (AD). However, there is increasing evidence suggests that these pathological hallmarks are secondary to deeper metabolic defect in the brain. AD is progressively being recognized as a metabolic synaptic disorder characterized by insulin resistance, impaired cellular energy homeostasis, mitochondrial dysfunction, and synaptic degeneration. Synaptic plasticity is closely linked to the insulin-sensitive system of glucose utilization, mitochondrial activity, and local protein synthesis that render the synapses highly sensitive to the malfunction of the metabolic system. Recent discoveries highlight the important role of exosomes in mediating communication between neural cells by transferring regulatory miRNAs across neuronal networks. Exosomal miRNAs regulate insulin signaling, synaptic gene expression, mitochondrial function, and neuroinflammation. In AD, exosomal miRNA profiles are significantly altered, with enrichment of miR-29, miR-34a, miR-146a, and miR-21, alongside depletion of synapse-supporting miR-132. These changes contribute to insulin resistance, impaired glucose transporter trafficking, dendritic spine destabilization, and reduced expression of synaptic proteins such as PSD-95 and synaptophysin, ultimately leading to cognitive decline. Importantly, neuron-derived exosomes can cross the blood-brain barrier, making their miRNA cargo promising biomarkers and therapeutic targets for early AD diagnosis and precision treatment.",Journal of molecular neuroscience : MN,2026,Anwer T; Verma A; Asiri A; Alaklobie M; Albaqami A; Alshahrani F; Aly K; Sharma M; Siddiqui S; Alam N; Alam MF,Humans; Alzheimer Disease; MicroRNAs; Exosomes; Animals; Neurons; Neuronal Plasticity; Memory,Alzheimer’s disease; Exosomes; MicroRNAs; Neuronal insulin resistance; Synaptic plasticity
42162905,10.1016/j.cca.2026.121094,Exosomal miRNA in cerebrospinal fluid as biomarkers for neurodegenerative disease.,"Cerebrospinal fluid protein biomarkers, such as the Aβ42/Aβ40 ratio, phosphorylated tau, and neurofilament light chain, have significantly advanced the diagnostic process for Alzheimer's disease. Nonetheless, these biomarkers face challenges in effectively distinguishing Alzheimer's disease from frontotemporal dementia or Parkinson's disease from dementia with Lewy bodies. This limitation arises from overlapping protein profiles and the variability inherent in immunoassay techniques. A complementary class of analytes is exosomal microRNAs in cerebrospinal fluid, where these non-coding RNAs are secreted by neurons, astrocytes, and microglia, are resistant to RNase degradation, and have a disease-specific expression pattern. This review critically evaluates the existing evidence of cerebrospinal fluid exosomal miRNAs as diagnostic biomarkers in Alzheimer's disease, frontotemporal dementia, Parkinson's disease, dementia with Lewy bodies, and amyotrophic lateral sclerosis. Exosome isolation techniques and detection platform characteristics were compared using RT-qPCR, droplet digital PCR, and small RNA sequencing. Pre-analytical factors, such as collection protocols, hemolysis contamination, freeze-thaw cycling, and circadian sampling variation, were assessed. miRNA profiling data based on disease stratification, receiver operating characteristic performance of the combinatorial panel, and strategies combining exosomal miRNAs with core cerebrospinal fluid proteins were synthesized. This article brings together disease-specific miRNA signatures, pre-analytical standardization needs, and diagnostic accuracy analyses in a translational model to fill the literature gap and form the basis for developing exosomal miRNA panels for rigorously validated clinical laboratory practice.",Clinica chimica acta; international journal of clinical chemistry,2026,Alamri MA; Afzal M; Pandey SN; Afzal O; Akela MA; Rekha A,Humans; MicroRNAs; Exosomes; Biomarkers; Neurodegenerative Diseases,Biomarker; Cerebrospinal fluid; Differential diagnosis; Exosomal microRNA; Neurodegenerative disease; Pre-analytical variables
42661704,10.3389/fimmu.2026.1959643,Editorial: Exploring miRNA roles in neuroinflammation and brain aging: mechanisms and therapeutic potential.,[Abstract not available],Frontiers in immunology,2026,Fukuchi KI; Yang J; Williams J,,Alzheimer disease; biomarker; microRNA; microglia; multiple sclerosis; neuroinflamamation; pyroptosis; spinal cord injury
42650138,10.3390/genes17080945,MicroRNA Signature in Plasma-Derived Extracellular Vesicles in Frontotemporal Dementia.,"Frontotemporal dementia (FTD) is a neurodegenerative disease that shares numerous clinical features with other forms of dementia. In this context, non-coding RNAs, specifically microRNAs (miRNAs), represent a promising tool for differential diagnosis. Since these miRNAs can be isolated from circulating extracellular vesicles (EVs) in peripheral blood, they provide a direct insight into FTD-specific molecular processes. Consequently, while EV-contained miRNAs hold potential as disease-specific biomarkers, investigating their relative target genes can help elucidate their precise functional roles.: This work aimed to identify a specific miRNA signature to better characterize FTD pathology.: Building on a previous Next-Generation Sequencing (NGS) analysis, three candidate miRNAs were selected for validation in both EVs and peripheral blood mononuclear cells (PBMCs) of FTD patients. Subsequently, the predicted target genes of two of these miRNAs were validated in PBMCs to assess their expression levels.: Our findings revealed that miR-365a-3p and miR-212 were significantly down-regulated in FTD.: Together with their target genes, these miRNAs are involved in cell cycle and apoptotic pathways, suggesting a potential role in the pathological mechanisms of the disease.",Genes,2026,Minucchi E; Dragoni F; Di Gerlando R; Pavanello G; Cotta Ramusino M; Costa A; Gagliardi S,"Humans; Frontotemporal Dementia; Extracellular Vesicles; MicroRNAs; Female; Biomarkers; Male; Leukocytes, Mononuclear; Middle Aged; Aged; Gene Expression Profiling; High-Throughput Nucleotide Sequencing",EV; FTD; biomarkers; extracellular vesicles; frontotemporal dementia; microRNA
42643736,10.3389/fmolb.2026.1903849,Adaptive-to-maladaptive IRE1α signaling as a driver of amyloidogenic APP processing in Alzheimer's disease.,"Alzheimer's disease (AD) is increasingly recognized as a disorder of proteostatic failure characterized by progressive disruption of neuronal protein quality control, culminating in amyloid-β (Aβ) accumulation and synaptic dysfunction. Chronic activation of the endoplasmic reticulum (ER) stress response represents one of the earliest molecular alterations detected in vulnerable brain regions and correlates with Braak progression before overt plaque deposition. Inositol-requiring enzyme 1 alpha (IRE1α), the most evolutionarily conserved sensor of the unfolded protein response (UPR), functions as a signaling rheostat within this network through its divergent downstream outputs. Under moderate proteotoxic stress, adaptive IRE1α- X-box binding protein 1 (XBP1) signaling supports ER proteostasis, preserves amyloid precursor protein (APP) quality control, and favors non-amyloidogenic α-secretase processing. Persistent ER stress, however, drives sustained IRE1α hyperactivation and engages regulated IRE1α-dependent decay (RIDD), which destabilizes microRNA (miRNA) networks that normally constrain beta-site APP-cleaving enzyme 1 (BACE1) expression, thereby favoring amyloidogenic APP processing. Accumulating evidence suggests that aging progressively compromises ER proteostatic capacity, thereby redirecting IRE1α signaling away from adaptive XBP1s-mediated responses toward a predominantly RIDD-driven state. This shift may reinforce a self-sustaining cycle in which accumulating Aβ further amplifies ER stress signaling. Here, we examine how dynamic changes in IRE1α signaling bias contribute to amyloidogenic progression in AD and consider whether selective modulation of adaptive versus maladaptive IRE1α outputs may offer stage-dependent therapeutic benefit.",Frontiers in molecular biosciences,2026,Wang D; Yin Q,,APP processing; Alzheimer’s disease; BACE1; ER stress; IRE1α; RIDD; XBP1s; amyloid-β
42643339,10.3389/fnagi.2026.1788991,"Plasma multi-miRNA models classify Alzheimer's, Parkinson's, and Lewy body dementia.","Differentiating Alzheimer's disease (AD) from both Parkinson's disease (PD) and Lewy body dementia (DLB) is difficult due to their clinical similarities. Plasma biomarkers offer an alternative to neuroimaging and cerebrospinal fluid analysis; however, there are limitations with respect to differential diagnosis of AD, PD, and DLB with current clinical assays.

Here we used machine learning to assess plasma miRNAs for their specificity in diagnosing AD vs. PD, and DLB. Our multi-center study assayed 57 AD-associated miRNAs in human plasma from 82 cognitively normal controls (NC), 87 AD, 100 PD, and 20 DLB. Predictive models generated by three independent machine learning methods were evaluated by cross-validated ROC curves [cvAUC (bootstrap bias-corrected 95% CI)]. We also used linear discriminant analysis with all 57 miRNAs to identify a model that best separates AD from PD + DLB participants and DLB from AD+PD participants. Further, we used Target prediction and Ingenuity Pathway Analysis to identify highly relevant mRNA targets of the miRNAs.

Individual assessment of the 57 miRNAs identified a subset of 10 miRNAs that were more AD-specific, and 23 miRNAs that were more PD and/or DLB associated. Ridge logistic regression predictive models with the 10 AD-specific miRNAs had good performance for separating AD vs. PD and DLB (cvAUC = 0.77 [0.70, 0.83]) and AD vs. PD (cvAUC = 0.79 [0.71, 0.85]), but not for AD vs. DLB (cvAUC = 0.58 [0.43, 0.79]). By developing a predictive model using data from all 57 miRNAs and elastic-net regression we achieved good separation of AD from PD (cvAUC = 0.80 [0.72, 0.86]) and DLB (cvAUC = 0.77 [0.64, 0.87]) with a subset of six miRNAs (miRs-19a-3p, 22-3p, 92b-3p, 101-3p, 143-3p, 423-5p) identified as the most important to these models. The linear discriminant analysis model achieved very good classification of AD vs. PD + DLB (cvAUC = 0.94 [0.87, 0.97]), PD from AD+DLB (cvAUC = 0.88 [0.80, 0.92]), and DLB from AD+PD (cvAUC = 0.85 [0.78, 0.89]) with miR-26a-5p and 146a-5p being most important for AD vs. PD + DLB, and miR-142-3p and 101-3p being most important for DLB vs. AD+PD. Target prediction and Ingenuity Pathway Analysis with miR-26a-5p, 146a-5p, 142-3p, 101-3p returned highly relevant mRNA targets associated with tauopathy, dementia, and movement disorders.

These data demonstrate that predictive modeling using plasma miRNA expression data may improve the differential diagnosis of AD from PD from DLB.",Frontiers in aging neuroscience,2026,Sandau US; Wiedrick JT; McFarland TJ; Yearout D; Zabetian CP; Hu SC; Tsuang DW; Quinn JF; Saugstad JA,,Alzheimer’s disease; Lewy body dementia; Parkinson’s disease; human; microRNA; plasma; predictive modeling; sex differences
42557483,10.1007/s12035-026-06085-3,Cross-link Between CircRNAs and Neuroinflammation in Parkinson's Disease.,"Parkinson's disease (PD) is a major neurodegenerative disorder affecting a large number of people worldwide. PD has been characterized by motor abnormalities, as well as non-motor abnormalities that lower patients' quality of life. The pathological features of PD include the substantia nigra's dopaminergic neurons degradation, leading to a progressive clinical course, Lewy bodies and Lewy neurites, which are primarily composed of α-synuclein, and chronic neuroinflammatory changes that contribute to disease progression. Circular RNAs (circRNAs) are a type of circular single-stranded RNAs possessing high stability. Their expression varies depending on tissue type, cell type, and developmental stage, suggesting their roles in regulating biological processes. Recent research has indicated that circRNAs participate in PD pathophysiology by modulating neuroinflammation, immune response, mitochondrial dysfunction, and reactive oxygen species accumulation. Mechanistically, many circRNAs appear to act as molecular sponges for microRNAs, thereby influencing the expression of key genes involved in inflammatory signaling, synaptic regulation, and neuronal survival. This review summarizes the impact of circRNAs on neuroinflammation, astrocyte/microglia dysfunction, mitochondrial damage, and oxidative stress in PD. It also summarizes experimental evidence from cellular and animal models showing that multiple circRNAs can modulate inflammatory pathways in PD and related neurological disorders. However, only a limited number of studies have evaluated circRNAs as biomarkers or therapeutic targets in patient samples, and comprehensive in vivo validation of circRNA-miRNA-target network remains insufficient. A better understanding of these regulatory pathways may help identify clinically relevant biomarkers and support the development of circRNA-based therapeutic strategies for PD.",Molecular neurobiology,2026,El-Ashmawy NE; Khedr EG; Darwish RT; Ibrahim AO,"Humans; Parkinson Disease; Animals; RNA, Circular; Neuroinflammatory Diseases; Inflammation; MicroRNAs",Astrocytes/microglia activation; CircRNA; MiRNA; Neuroinflammation; Non-coding RNA; Parkinson’s disease
42571753,10.1016/j.talanta.2026.130405,AuNP decorated-Ni-MOF nanosheet based cDNA sensor for detection of miRNA-128 in Alzheimer's disease.,"A cDNA sensor based on gold nanoparticles (Au) supported on nickel metal-organic framework nanosheets (MOF-NS) modified fluorine-tin oxide (FTO) glass electrode for the ultrasensitive and selective detection of miRNA-128 biomarker associated with the progression of Alzheimer's disease (AD) has been reported. The MOF-NS and Au nanoparticles were electrodeposited onto FTO electrode using chronoamperometry to immobilize 5'-biotinylated DNA (btn-cDNA) complementary to miRNA-128 by streptavidin-biotin interaction, generating the modified electrode (btn-cDNA/SV/Au/MOF-NS/FTO). The fabricated electrode was characterized using various surface characterization techniques, including FESEM, XPS, FTIR, and electrochemical methods. The fabricated electrode was then utilized for the selective detection of miRNA-128 using electrochemical impedance spectroscopy. The results indicated a linear response range of 1.0 × 10fM-1.0 × 10 nM with limit of detection of 0.017 fM, and sensitivity of 180.11 Ω fMcm. Moreover, the cDNA sensor showed satisfactory performance with real serum samples from AD patients and healthy individuals, as validated by real time-PCR technique with area under curve of 0.93 and a sensitivity of 90%, respectively, demonstrating the potential of present cDNA sensing approach in the biomedical field.",Talanta,2026,Rani S; Mahesh KV; Sandhir R; Prabhakar N,,Alzheimer's disease; Gold nanoparticles; Metal-organic framework; Nanosheet; cDNA sensor; miRNA-128
42554796,10.1007/s12031-026-02579-w,miRNA-mRNA Interaction Network Analysis in Alzheimer's Disease for Biomarker Discovery.,"Alzheimer's disease (AD) is a complex neurodegenerative disorder characterized by widespread dysregulation of gene expression and regulatory pathways. MicroRNAs (miRNAs) act as key post-transcriptional regulators by modulating messenger RNAs (mRNAs), and their disruption can influence synaptic function, neuroinflammation, and neuronal survival. In this study, we present a transcriptomic-driven framework in which differentially expressed genes (DEGs) are identified from gene expression data and integrated with curated miRNA-target interaction databases to infer putative AD-associated miRNA-mRNA regulatory signatures and potential candidate biomarkers. Transcriptomic and clinical data were obtained from the Alzheimer's Disease Neuroimaging Initiative (ADNI), and the GEO dataset GSE48552 was used as supplementary support to assess the consistency of observed transcriptomic patterns. Using an exploratory differential expression threshold with Welch's t-test and FDR correction, 123 candidate dysregulated genes (34 up-regulated, 89 down-regulated) were identified between AD and cognitively normal controls. To further assess robustness, threshold-sensitivity and cross-method concordance analyses were conducted, supporting the presence of a reproducible core transcriptional signal within the broader discovery-level DEG set. Experimentally validated and predicted miRNA-target interactions were integrated using miRTarBase, yielding 1,669,089 miRNA-gene interactions involving 3,055 unique miRNAs, with strong enrichment toward down-regulated gene targeting. Functional enrichment analysis revealed convergence of miRNA-regulated genes on synaptic signaling, neuronal communication, intracellular transport, apoptosis, oxidative stress, and PI3K-Akt/MAPK-related pathways. A bipartite putative miRNA-mRNA regulatory network (2,207 nodes connected by 11,437 edges, including 2,104 miRNAs and 103 significant genes) was constructed and analyzed using centrality metrics, prioritizing candidate hub genes, including PBX1 and KREMEN1, which were subsequently interpreted in the context of neuronal transcriptional regulation, Wnt-related signalling, synaptic vulnerability, and AD-associated pathway enrichment. Finally, supervised machine learning models trained on selected molecular features showed discriminative performance in the held-out test set, with Random Forest, Gradient Boosting, and LightGBM achieving the highest ROC-AUC values, indicating strong capability in distinguishing AD from control samples. Overall, the framework provides a biologically interpretable strategy for biomarker discovery, prioritizing AD-associated candidate biomarkers and putative regulatory interactions while highlighting targets for future experimental and clinical validation.",Journal of molecular neuroscience : MN,2026,Ray A; Agarwal K; Jha S; Singh AM; Majumder S; Lodh E; Chowdhury T; ,"Alzheimer Disease; MicroRNAs; Humans; RNA, Messenger; Gene Regulatory Networks; Biomarkers; Transcriptome",Alzheimer’s disease; Differential gene expression; Network analysis; Neurodegeneration; Transcriptomic analysis; miRNA–mRNA regulatory network; microRNA
42543712,10.1177/10430342261473427,Adeno-Associated Virus-Mediated Central Nervous System Gene Transfer to Suppress Alzheimer's Disease High-Risk APOE4 Variant and Replace with Protective APOE2.,"Common genetic variants of APOE are major risk factors for sporadic late-onset Alzheimer's disease (AD). APOE has three common variants: APOE3, APOE4, and APOE2. Epidemiological, clinical, and experimental evidence demonstrate that APOE3 is associated with an average risk for AD, APOE4 is pathogenic and conveys a high risk, and APOE2 is protective and reduces risk. In prior mouse studies, we have demonstrated that (1) adeno-associated virus (AAV)-mediated central nervous system (CNS) gene transfer of APOE2 is highly protective against the toxic effects of APOE4 and (2) AAV-mediated CNS transfer of anti-APOE4 microRNA (miRNA) significantly suppresses the expression of APOE4. The ideal therapy for APOE4 homozygotes would both reduce CNS levels of APOE4 and substitute APOE4 with the addition of APOE2. We have developed a ""silence-and-replace"" therapy, where suppression of CNS APOE4 is achieved through AAV-mediated expression of miRNAs designed to silence the endogenous human APOE4 messenger RNA (mRNA), together with simultaneous replacement by an APOE2 coding sequence [APOE2(R)] resistant to those miRNAs. AAV vectors expressing APOE2(R) with and without the miRNAs were administered to the hippocampus of human APOE4 mice, and APOE levels at the mRNA and protein levels were the same for both vectors. Dideoxy Sanger sequencing and allele-specific real-time quantitative PCR were used to assess the CNS APOE2 to APOE4 ratio. As expected, both vectors with APOE2(R) increased the E2/E4 ratio relative to controls by 3.5 ± 0.6-fold for APOE2(R) and 6.3 ± 0.4-fold for APOE2(R) + miRNAs. We conclude that a single AAV vector can deliver a cassette with dual functionality: suppression of the toxic APOE4 variant and simultaneous delivery of the protective APOE2. This dual approach may provide a more potent gene therapy for APOE4-dependent AD than either strategy.",Human gene therapy,2026,Karan KR; Hackett NR; Crystal RG,,APOE gene; APOE4 allele; Alzheimer’s disease; silence and replace gene therapy
42569825,10.1002/alz.71684,"miR155, triplicated in Down syndrome, regulates the development of neural stem cells and GABAergic interneurons in Alzheimer's disease mouse and human iPSC models.","Dysfunctional microRNAs and GABAergic interneurons are features of Alzheimer's disease (AD). The role of neuronal microRNA155 (miR155), elevated in both AD and Down syndrome (DS), remains unknown.

We utilized in silico analyses of published databases, MIR155-deleted and -overexpressing human induced pluripotent stem cell (hiPSC)-derived cells, cortical organoids, and amyloid beta precursor protein (APP)/PS1-miR155 knockout mouse.

MIR155HG (miR155 host gene) colocalizes with APP in a neuron-specific, topologically associated domain (TAD) in chromosome 21. In human neural stem cells (NSCs), neurons, and cortical organoids, MIR155 deletion enhanced NSC proliferation and GABAergic interneuron generation. MIR155 overexpression inhibited NSC marker expression and GABAergic interneuron generation. In APP/PS1 mice, miR155 deletion induced the expansion of hippocampal NSCs and increased hippocampal GABAergic interneurons.

Our findings, alongside the extensive studies of the role of microglial miR155 in neuroinflammation, reveal previously unrecognized miR155 roles in hippocampal NSC dynamics and GABAergic interneuron development, highlighting miR155 as a therapeutic target.",Alzheimer's & dementia : the journal of the Alzheimer's Association,2026,Zhu X; Haure-Mirande JV; Bicak M; Dong P; Kruglikov I; Li A; Al-Subaie A; Fossati V; Noggle S; Gandy S; Ehrlich ME,"Animals; MicroRNAs; Humans; Down Syndrome; Alzheimer Disease; Induced Pluripotent Stem Cells; Interneurons; Neural Stem Cells; Disease Models, Animal; Mice; GABAergic Neurons; Amyloid beta-Protein Precursor; Mice, Transgenic; Mice, Knockout",Alzheimer's disease; Down syndrome; GABAergic interneurons; microRNA
42528277,10.1002/brb3.71602,Epigenetic Mechanisms Underlying Cognitive Dysfunction in Parkinson's Disease: Current Evidence and Future Prospects.,"Epigenetics studies inheritable characteristics and lasting cellular changes that occur without alterations in the DNA sequence. This field is crucial for understanding how environmental factors interact with genes to influence memory, learning, and cognition. In the context of neurodegenerative disorders, particularly Parkinson's disease (PD), epigenetic mechanisms may help explain the molecular basis of cognitive impairment. The purpose of this review is to explore how epigenetic alterations affect gene expression and their potential role in cognitive dysfunction associated with PD.

This review synthesizes findings from existing literature on epigenetic mechanisms-including microRNA (miRNA) regulation, histone modification, and DNA methylation-in relation to neuronal function and cognitive processes in PD. Relevant studies were identified and analyzed to determine how these mechanisms may contribute to neuroinflammation, synaptic remodeling, and neuroprotection in PD.

Epigenetic modifications can activate or silence gene expression by altering chromatin structure and protein interactions without changing the DNA sequence. In PD, such changes may influence genes involved in neuroinflammation, neuronal plasticity, and protective signaling pathways. Evidence suggests that dysregulation of DNA methylation, histone modification, and miRNA expression could be linked to the cognitive deficits observed in PD patients. However, the current body of research remains limited and heterogeneous.

Epigenetic regulation represents a promising frontier for understanding cognitive impairment in PD. These mechanisms offer insights into how environmental and molecular factors interact to drive neurodegeneration. Further studies are needed to clarify the specific epigenetic alterations involved and to determine their potential as biomarkers or therapeutic targets for cognitive dysfunction in PD.",Brain and behavior,2026,Hasani F; Kherad ME; Sarasyabi MS; Jazi K; Ashkbari A; Ahmadi P; Heidarpour H; Masrour M; Khamaki S; Rahmati R; Surguchov A,"Humans; Parkinson Disease; Epigenesis, Genetic; DNA Methylation; MicroRNAs; Cognitive Dysfunction; Animals",DNA methylation; Parkinson's disease; alpha‐synuclein; cognition; epigenetics; miRNA
42384341,10.1007/s11010-026-05610-1,Next-generation sequencing reveals aqueous MicroRNA and piRNA signatures in age-related macular degeneration and polypoidal choroidal vasculopathy.,"MicroRNAs (miRNAs) play important roles in the pathogenesis of age-related macular degeneration (AMD), while whether polypoidal choroidal vasculopathy (PCV) represents a subtype of AMD remains controversial. However, the differential small non-coding RNA profiles in aqueous humor (AH) between neovascular AMD (nAMD) and PCV remain insufficiently characterized. Therefore, this study aimed to characterize miRNA and piRNA expression profiles in AH samples from nAMD and PCV patients and to explore the potential involvement of these small non-coding RNAs in angiogenesis-related pathways. AH samples were collected from nine cataract controls, eight treatment-naïve nAMD patients, and eight treatment-naïve PCV patients. Small RNA profiles in AH were analyzed using next-generation sequencing (NGS). Differential expression analysis was performed using DESeq2 with adjustment for age, sex, best-corrected visual acuity (BCVA), intraocular pressure (IOP), batch effects, and quality-control covariates. Target gene prediction, Gene Ontology (GO), and Kyoto Encyclopedia of Genes and Genomes (KEGG) pathway enrichment analyses were subsequently conducted. Selected miRNAs were partially validated by quantitative PCR (qPCR). To further evaluate their potential relevance to angiogenesis, expression levels of selected miRNAs were additionally examined in a laser-induced choroidal neovascularization (CNV) mouse model. A total of 35 differentially expressed miRNAs were identified between nAMD and PCV, including 28 upregulated and 7 downregulated miRNAs. Moreover, 27 and 47 uniquely expressed miRNAs were detected in nAMD and PCV, respectively. Four miRNAs exhibited opposite expression patterns between the two diseases. Functional enrichment analysis revealed significant involvement of Hippo, MAPK, and neurodegeneration-related signaling pathways. qPCR validation confirmed the differential expression of miR-150-5p and VEGF. In the laser-induced CNV mouse model, miR-150-5p showed expression changes consistent with the human AH sequencing results. Distinct miRNA and piRNA expression profiles were identified between nAMD and PCV, suggesting differential molecular mechanisms underlying the two diseases. These findings improve our understanding of AMD and PCV pathogenesis and may provide potential biomarkers for disease differentiation and angiogenesis-related research.",Molecular and cellular biochemistry,2026,Wang L; Guo ZY; Hu FX; Zhang CY; Yuan Y; Zhou BQ; Peng YT; Pang L; Wang Y,Humans; Polypoidal Choroidal Vasculopathy; Female; High-Throughput Nucleotide Sequencing; Piwi-Interacting RNA; Animals; Male; MicroRNAs; Macular Degeneration; Aged; Mice; Aqueous Humor; Choroidal Neovascularization,Choroidal neovascularization (CNV); MicroRNA; Neovascular age-related macular degeneration (nAMD); Next-generation sequencing (NGS); Polypoidal choroidal vasculopathy (PCV); piwi-interacting RNA (piRNA)
42324031,10.1016/j.arr.2026.103211,Cell-specific MicroRNA networks orchestrate the pathogenesis of Alzheimer's disease.,"Alzheimer's disease (AD) is a progressive neurodegenerative disorder marked by extracellular amyloid-β (Aβ) plaques, intracellular neurofibrillary tangles of hyperphosphorylated tau, synaptic dysfunction, and chronic neuroinflammation. AD pathogenesis involves multiple central nervous system (CNS) cell types-including neurons, astrocytes, microglia, and oligodendrocytes, and, less prominently, neural stem cells (NSCs), ependymal cells, and endothelial cells-which undergo coordinated but cell-type-specific pathological changes. These include neuronal loss, reactive gliosis, impaired myelin maintenance, reduced neurogenesis, and blood-brain barrier (BBB) dysfunction. MicroRNAs (miRNAs), the small non-coding RNAs that regulate post-transcriptional gene expression, have emerged as key modulators of these cell-specific processes and are consistently dysregulated in AD. Across AD-vulnerable brain regions and CNS cell types, miRNAs influence amyloid and tau biology, synaptic resilience, glial activation states, myelin structure, neurogenic potential, and vascular homeostasis. Dysregulated miRNAs also act across cell types through extracellular vesicle (EV) transfer, amplifying or mitigating amyloidogenesis, tauopathy, neuroinflammation, and white-matter injury. This review provides a comprehensive, cell-type-specific analysis of miRNAs involved in AD, detailing their roles in neurons, astrocytes, microglia, oligodendrocytes, NSCs, ependymal cells, and endothelial cells. We highlight common miRNAs that function across multiple CNS cell types and examine the potential of circulating and cerebrospinal fluid (CSF) miRNAs as minimally invasive biomarkers. Finally, we discuss therapeutic strategies aimed at restoring protective miRNAs or inhibiting pathogenic miRNAs, emphasizing the need for targeted interventions. By integrating pathways of miRNA dysregulation across CNS cell types, this review underscores the central role of miRNA networks in AD pathogenesis and the promise of precise, cell-specific miRNA modulation.",Ageing research reviews,2026,Donepudi K; Eadha S; Rodarte D; Sharma B; Kumar S,Humans; MicroRNAs; Alzheimer Disease; Animals; Brain; Neurons; Gene Regulatory Networks,Alzheimer’s disease; Astrocytes; MicroRNAs; Microglia; Neurons; Plasma biomarkers
42268317,10.1007/s13258-026-01781-9,"MiR-125a C > T, MiR-152 C > T, MiR-938 G > A, and MiR-491 G > A single nucleotide polymorphisms and their influence on genetic susceptibility to type 2 diabetes.","Diabetes mellitus (DM) is a chronic metabolic disorder that carries the risk of severe complications, such as cardiovascular disease, renal impairment, and an increased susceptibility to Alzheimer's disease. Considering these significant health implications, it is crucial to deepen our understanding of this condition. MicroRNAs (miRNAs), small non-coding RNAs that regulate gene expression, play a critical role in various biological processes and, when dysregulated, can contribute to the development of diseases such as diabetes mellitus.

This study aimed to investigate the association between type 2 diabetes mellitus (T2DM) and specific miRNA polymorphisms (miR-125a C > T, miR-152 C > T, miR-938 G > A, and miR-491 G > A) in a Korean population.

We examined the distribution of miRNA polymorphisms through genotyping in 238 T2DM patients and 343 healthy controls using polymerase chain reaction-restriction fragment length polymorphism technique.

Our findings indicate that the miR-938 GA genotype and its dominant model were significantly associated with an elevated risk of T2DM. Moreover, specific combinations of genetic variations were linked to either an increased or decreased risk of developing T2DM.

These results suggest that miRNA polymorphisms may influence an individual's genetic susceptibility to T2DM and offer potential therapeutic targets and diagnostic tools.",Genes & genomics,2026,Choi SA; Hong SH,"Humans; MicroRNAs; Diabetes Mellitus, Type 2; Polymorphism, Single Nucleotide; Genetic Predisposition to Disease; Female; Male; Middle Aged; Case-Control Studies; Aged; Genotype",Polymorphism; Susceptibility; Type 2 diabetes mellitus; miR-125a; miR-152; miR-491; miR-938
42251967,10.1016/j.nbd.2026.107473,PBMC DEG/miRNA biomarkers of TDP-43 pathology in ALS.,"Amyotrophic lateral sclerosis (ALS) lacks reliable, disease-specific, and minimally invasive biomarkers, representing a major barrier to early diagnosis and patient stratification. The primary aim of this translational pilot study was to identify a disease-specific, TDP-43-related, gene-microRNA (miRNA) signature in peripheral blood mononuclear cells (PBMCs) of ALS patients with potential diagnostic value. To this end, we first identified differentially expressed disease-specific genes (dsDEGs) using a TDP-43-based rat model of ALS, generated by stereotaxic infusion of full-length (FL) TAR DNA-binding protein 43 (TDP-43) into the motor cortex. Transcriptomic profiling of the motor cortex revealed candidate dsDEGs, which were subsequently validated by RT-qPCR in motor cortex, spinal cord, and PBMCs from the same animals. To assess translational relevance, expression levels of these dsDEGs were analyzed in PBMCs from early- to mid-stage ALS patients and matched healthy controls, while disease specificity was evaluated using Parkinson's disease (PD) samples. In parallel, conserved miRNAs predicted to target the identified dsDEGs were examined in both rat and human PBMCs. Five dsDEGs, Mctp1, Penk, Mt2A, Drd1, and Rasgrp2, were consistently dysregulated across central and peripheral tissues in the TDP-43 rat model. RT-qPCR analysis of human PBMCs confirmed significant and selective dysregulation of these genes in ALS, but not in PD, supporting disease specificity. Moreover, exposure of human neuroblastoma cells and healthy PBMCs to TDP-43 recapitulated the ALS-like expression changes. Computational and experimental analyses identified seven conserved miRNAs targeting these dsDEGs, of which four were significantly downregulated in ALS PBMCs, supporting a coordinated regulatory network. Receiver operating characteristic (ROC) analyses demonstrated strong discriminative performance for both the gene signature (AUC 0.87-1.00) and the associated miRNAs (AUC 0.95-1.00). Together, these findings define a novel PBMC-based gene-miRNA signature that mirrors central ALS pathology and shows high diagnostic accuracy and disease specificity, highlighting its potential as a minimally invasive biomarker for ALS.",Neurobiology of disease,2026,Manchinu MF; Congiu M; Massidda M; Borghero G; Marongiu J; Marzi I; Maschio A; Rallo V; Serra M; Porcedda C; Etzi M; Palmas MF; Angius A; Sogos V; Pateri MI; Steri M; Coroneo V; De Simone A; Cossu G; Chiti F; Carta AR,"Amyotrophic Lateral Sclerosis; Animals; MicroRNAs; DNA-Binding Proteins; Humans; Leukocytes, Mononuclear; Rats; Male; Biomarkers; Female; Middle Aged; Aged; Disease Models, Animal",Amyotrophic lateral sclerosis; Diagnostic biomarker; PBMC; TDP-43; Transcriptomic; miRNA
42207471,10.1007/s43440-026-00866-2,Selective non-nuclear estrogen receptor activation with PaPE-1 evokes neuroprotection involving mTOR/MEK in an in vitro model of hypoxic/ischemic injury.,"Hypoxic/ischemic brain injuries, including ischemic stroke and perinatal asphyxia, remain major causes of mortality and long-term neurological disability, establishing a demand for therapeutic strategies suitable against the multifactorial nature of underlying mechanisms. Estrogen receptors (ERs) signaling is known to exert neuroprotective effects, however, genomic ER activation is associated with serious adverse effects, including carcinogenesis and thromboembolisms. Pathway Preferential Estrogen-1 (PaPE-1), a compound that selectively activates the non-nuclear subset of ERs, may provide neuroprotection, thereby overcoming the deleterious effects. The aim of this study was to elucidate the molecular mechanisms underlying the neuroprotective effects of PaPE-1 in an in vitro model of hypoxic-ischemic neuronal injury, with particular emphasis on non-nuclear estrogen receptor signaling and its downstream pathways.

Primary mouse cortical neuronal cells were subjected to 6 hours of experimental hypoxic/ischemic injury, followed by 18 hours of post-treatment with PaPE-1. Subsequently, a variety of biochemical assessments were conducted, including measurements of neuronal viability, cell death, and formation of autophagy-related vesicles. Moreover, the influence of PaPE-1 was assessed with molecular methods, encompassing measurements of gene and protein expression level and a set of epigenetic-related parameters, for instance, assessment of global DNA/RNA methylation and locus-specific methylation of genes and miRNA expression. To dissect signaling pathways, selective pharmacological inhibitors targeting mTOR/MEK1/2 and autophagy regulators were applied. ER subtype involvement was examined using ER-selective antagonists and specific siRNA silencing.

Non-nuclear ER activation with PaPE-1 attenuated maladaptive autophagy, RNA/DNA oxidative stress damage, and neuronal degeneration while contributing to the regulation of gene expression and epigenetic processes. Evocation of robust neuroprotection involved modulation of mTOR and MEK1/2 signaling, predominantly mediated by estrogen receptor 1 (ESR1).

In conclusion, PaPE-1 exhibits a multitarget mode of action that provides broad-spectrum protection against hypoxic/ischemic neuronal injuries. Considering its complexity of action and confirmed strong, neuroprotective activity, this compound holds promise for broader evaluation across different brain cell types and in vivo models.",Pharmacological reports : PR,2026,Łach A; Pietrzak-Wawrzyńska BA; Przepiórska-Drońska K; Wnuk A,"Animals; TOR Serine-Threonine Kinases; Neuroprotective Agents; Mice; Hypoxia-Ischemia, Brain; Neurons; Receptors, Estrogen; Cells, Cultured; Signal Transduction; Autophagy; Neuroprotection; Cell Survival; Indans",Autophagy; Ischemic stroke; MiRNA; Neurodegeneration; Non-nuclear estrogen receptors signaling
41017705,10.4103/NRR.NRR-D-25-00354,Structure and function of voltage-gated sodium channel Nav1.6: Involvement in the pathological process of neural injury.,"The voltage-gated sodium channel Nav1.6, encoded by the sodium voltage-gated channel alpha subunit 8 gene, is a crucial regulator of neuronal excitability, with widespread expression throughout the central and peripheral nervous systems. Recent breakthroughs in structural biology, particularly the elucidation of the cryo-EM architecture of Nav1.6 at a resolution of 0.31 nm, have provided unprecedented insights into its molecular organization and functional modulation. As a key mediator of action potential initiation and propagation, Nav1.6 possesses unique biophysical properties, including persistent and resurgent sodium currents that critically influence neuronal firing patterns. This comprehensive review synthesizes current knowledge on the physiological functions and pathological roles of Nav1.6 in multiple neurological conditions. Key findings include the following: (1) Epilepsy studies reveal more than 250 sodium voltage-gated channel alpha subunit 8 mutations with distinct genotype-phenotype correlations, where gain-of-function variants lead to severe epileptic encephalopathies, while loss-of-function variants are associated with generalized epilepsy, highlighting the potential of Nav1.6-selective blockers such as XEN901 and GS967. (2) In Alzheimer's disease, Nav1.6 mediates amyloid-β oligomer-induced neuronal hyperexcitability through amyloid precursor protein-dependent membrane trafficking and regulates beta-secretase 1 expression via nuclear factor of activated T cells 1 signaling, suggesting novel disease-modifying strategies. (3) Parkinson's disease research has demonstrated that Nav1.6 upregulation in reactive astrocytes in the globus pallidus contributes to motor deficits through calcium-mediated abnormalities in neuronal synchronization. (4) Amyotrophic lateral sclerosis involves Nav1.6-dependent cortical hyperexcitability preceding motor neuron degeneration, with riluzole showing partial efficacy through sodium current modulation. (5) Multiple sclerosis pathophysiology features Nav1.6 redistribution in demyelinated axons, which drives calcium-dependent axonal injury via reverse Na + /Ca 2+ exchange. (6) Chronic pain mechanisms involve Nav1.6 overexpression in dorsal root ganglia neurons, regulated by the p38 mitogen-activated protein kinase and tumor necrosis factor-α signaling pathways. (7) Traumatic brain injury models show that exercise-induced cognitive improvement is correlated with the normalization of Nav1.6-mediated excitability. Therapeutic development has progressed from nonselective sodium channel blockers to precision approaches, including state-dependent pore blockers designed using structural insights; allosteric modulators targeting specific conformations; gene therapy strategies using clustered regularly interspaced short palindromic repeats and antisense oligonucleotides; and miRNA-based regulation of channel expression. Current challenges include achieving sufficient subtype selectivity, optimizing blood-brain barrier penetration, and developing clinically relevant biomarkers for patient stratification. Future directions emphasize the integration of advanced technologies-such as single-cell multiomics to map neuronal subtype-specific expression patterns, patient-derived organoids for personalized drug testing, and machine learning-assisted drug design-to accelerate translation. Large-scale collaborative efforts will be essential to validate therapeutic candidates and establish genotype-guided treatment protocols for Nav1.6-related disorders.",Neural regeneration research,2025,Wang H; Wei Y; Wang J; Liu J; Ou S; Wang J,,Alzheimer’s disease; Nav1.6; Parkinson’s disease; amyotrophic lateral sclerosis; brain injuries; epilepsy; multiple sclerosis; nervous system diseases; neural regeneration; voltage-gated sodium channel
42527713,10.1007/s12017-026-08941-w,LncRNA DLX6-AS1 Regulates the Pathological Process Related to Alzheimer's Disease via miR-204-5p.,"Alzheimer's disease (AD) is a neurodegenerative disorder causing progressive neuronal damage. Incidence rises with age, and early diagnosis is difficult. This study examined DLX6-AS1 clinical relevance and regulatory mechanism in AD, and its interaction with miR-204-5p in AD pathology. It offers new insights into early diagnosis and treatment. A total of 133 AD patients and 105 healthy controls were selected. Their serum levels of DLX6-AS1 and miR-204-5p were analyzed using quantitative polymerase chain reaction. β-amyloid (Aβ)-induced SH-SY5Y neuronal injury and okadaic acid (OA)-induced Neuro-2a tau abnormal phosphorylation models were constructed. The role/function of DLX6-AS1/miR-204-5p axis was then investigated using cell counting kit-8, flow cytometry, western blotting, enzyme-linked immunosorbent assay and a dual-luciferase reporter gene assay. AD patients had higher serum DLX6-AS1 and lower miR-204-5p levels. DLX6-AS1 showed an AUC of 0.838 for AD diagnosis. DLX6-AS1 levels were negatively associated with cognitive function, brain structural integrity, and benign pathology-and positively associated with disease severity, functional impairment, and pathological markers. In AD cell models, DLX6-AS1 was upregulated. Silencing it promoted cell proliferation, reduced apoptosis and oxidative stress, improved mitochondrial and synaptic function, decreased tau phosphorylation, and enhanced microtubule stability and axonal transport. Dual-luciferase assays confirmed direct binding between DLX6-AS1 and miR-204-5p. Co-inhibition reversed the protective effects of DLX6-AS1 silencing. Serum DLX6-AS1 is a potential biomarker for early diagnosis and assessment of AD. It regulates Aβ-induced neuronal damage and tau phosphorylation by targeting miR-204-5p, offering a new mechanism target for AD molecular therapy.",Neuromolecular medicine,2026,Jiang M; Lin Y; Wang L; Ou K,"Humans; Alzheimer Disease; MicroRNAs; tau Proteins; Female; Male; Amyloid beta-Peptides; Phosphorylation; RNA, Long Noncoding; Cell Line, Tumor; Aged; Animals; Homeodomain Proteins; Peptide Fragments; Aged, 80 and over; Mice; Brain",Alzheimer’s disease; LncRNA; Neuron damage; Tau phosphorylation; miRNA
42502242,10.1142/S012906572750002X,"Comparative Screening of Alzheimer's Disease, Lewy Body Dementia, and Frontotemporal Dementia Using miRNA and Machine Learning.","Current dementia diagnostic methods can be costly, invasive, or limited in their ability to distinguish between disorders with overlapping clinical symptoms. Dysregulated microRNAs (miRNAs) have emerged as promising noninvasive biomarkers for neurodegenerative disease, but individual miRNA changes alone may not capture the complex molecular patterns needed for accurate disease classification. Machine learning provides a way to integrate multiple layers of miRNA-derived information and identify disease-specific biomarker signatures. In this study, we developed machine learning models to classify dysregulated miRNAs associated with Alzheimer's disease dementia (AD), Lewy body dementia (LBD), and frontotemporal dementia (FTD). Each miRNA was represented using sequence-derived descriptors, predicted gene targets, and KEGG pathway features. The highest-performing models trained on AD, LBD, and FTD achieved 10-fold cross-validation accuracies of 90.6%, 92.9%, and 100%, respectively. When evaluated on independent datasets, the AD, LBD, and FTD models achieved accuracies of 88.9%, 77.8%, and 90.9%, respectively. Cross-disease testing showed reduced performance when models were applied across dementia types, suggesting partially disease-specific miRNA patterns while also indicating overlap among the molecular signatures of AD, LBD, and FTD. These results suggest that machine learning-based integration of miRNA sequence, target-gene, and pathway information can improve the identification of dementia-associated biomarker signatures and may support the future development of noninvasive diagnostic tools for dementia.",International journal of neural systems,2026,Luo B; Kouznetsova VL; Tsigelny IF,,Alzheimer’s disease; Lewy body dementia; frontotemporal dementia; machine learning; miRNA
42650743,10.3390/biom16081075,Development of a Novel AAV-Mediated microRNA Gene Therapy for Spatial Suppression of BACE1 to Improve Cognitive Function in Alzheimer's Disease Model Mice.,"The beta-site amyloid precursor protein (APP)-cleaving enzyme 1 (BACE1) is a promising and rational target for Alzheimer's disease (AD), but current clinical trials have been disappointing. Consequently, utilizing the intrinsic regulatory mechanisms of BACE1 during AD pathogenesis might provide valuable insights into the treatment of this devastating disease. In this study, we proposed a combination of AAV delivery and microRNA therapeutics targeting AD at its root by sustained and spatial inhibition of BACE1 with a single therapeutic injection. We demonstrate that upregulation of BACE1 is correlated with downregulation of miR-143-3p in the hippocampus of individuals with AD, and miR-143-3p can directly target BACE1 to inhibit Aβ generation. In the brains of 5×FAD model mice, BACE1 levels are found to be elevated with age in the cornu ammonis 1 (CA1) subfield of the hippocampus. AAV-mediated miR-143-3p restoration in the hippocampal CA1 subfield of AD mice can improve cognitive performance, attenuate BACE1 expression, reduce Aβ levels, induce microglia polarization toward the anti-inflammatory phenotype, modulate neural-related genes including Gal3, and promote synaptic functions. Collectively, the AAV-mediated microRNA gene therapy approach developed for spatial suppression of BACE1 can effectively enhance cognitive performance in AD model mice, offering an attractive therapeutic option for AD treatment with long-lasting efficacy.",Biomolecules,2026,Zhou Y; Diao Y; Yan Z; Shui X; Huang Z; Sun Y; Wang S; Xia Y; Lee TH; Wang L,"Animals; MicroRNAs; Alzheimer Disease; Amyloid Precursor Protein Secretases; Aspartic Acid Endopeptidases; Dependovirus; Genetic Therapy; Mice; Disease Models, Animal; Humans; Cognition; Gene Therapy Agents; Hippocampus; Male",Alzheimer’s disease; BACE1; adeno-associated virus; cognitive function; gene therapy; miRNA
42589231,10.3390/ijms27156560,Cross-Omic Comparative Analysis Identifies Transcriptomic Signatures and Exploratory Gene Set-Level Signals in Sporadic Creutzfeldt-Jakob Disease.,"Sporadic Creutzfeldt-Jakob disease (sCJD) is a rapidly progressive fatal neurodegenerative disease whose basis of pathogenesis remains incompletely defined. Public datasets allow molecular changes to be compared across transcriptomic, post-transcriptional, and epigenomic layers, but comparisons are limited by differences in tissue source and platform. We performed a cross-omic comparative analysis of four sCJD case-control datasets spanning mRNA, miRNA, and DNA methylation layers. In this study, cross-omic refers to comparison of independently analyzed molecular datasets rather than joint multi-omic modeling of matched molecular layers from the same samples. Differential feature analysis, overrepresentation analysis, and gene set enrichment analysis were conducted within each layer. Reproducibility was evaluated across discovery and validation cohorts, followed by cross-layer comparison at the gene level and GO-BP gene set level. FDR-controlled overlap was treated as the primary analysis, whereas nominal< 0.05 overlap was considered exploratory. Gene-level overlap across molecular layers was limited, consistent with tissue and platform heterogeneity. Under FDR-controlled criteria, cross-omic GO-BP gene set overlap was not observed. Exploratory nominal-threshold analyses identified recurrent gene set-level signals, mainly between transcriptomic and DNA methylation datasets, including GO-BP terms related to cell-substrate adhesion. These findings support cross-omic comparative analysis as a framework for identifying hypothesis-generating patterns in rare neurodegenerative diseases.",International journal of molecular sciences,2026,Oberoi RK; Gurung D; Harris LK,"Humans; Creutzfeldt-Jakob Syndrome; Transcriptome; Gene Expression Profiling; DNA Methylation; MicroRNAs; Multiomics; Case-Control Studies; RNA, Messenger",DNA methylation; cell–substrate adhesion; cross-omic analysis; gene set enrichment; miRNA; prion disease; sporadic Creutzfeldt–Jakob disease; transcriptomics
42538997,10.64898/2026.07.20.738977,MicroRNA-223 Enhances Microglia-Dependent Clearance of Amyloid Beta Plaques and Ameliorates Behavioral Deficits in a Mouse Model of Alzheimer's Disease.,"The Alzheimer's disease (AD) brain is characterized by dysregulated expression of multiple microRNAs (miRNA), positioning them as promising diagnostic and therapeutic targets. The levels of glia-enriched miR-223 are abnormal in the brains and plasma of AD patients and miR-223 is neuroprotective in models of stroke. However, whether miR-223 can be beneficial in AD is not known. Here, we report that intracerebroventricular (ICV) injection of miR-223 oligonucleotide mimic alleviated cognitive impairment, reduced amyloid beta (Aβ) pathology, and ameliorated the defects in synaptic marker expression in AppAD model mice. Mechanistically, miR-223 induced microglial clustering around Aβ plaques with a concomitant upregulation of microglial phagocytic receptors AXL, TREM2 and CD11c, while pharmacological microglial depletion abolished the plaque-clearance phenotype. Moreover, in human iPSC-derived microglia miR-223 directly targeted multiple genes in the endo-lysosomal pathway, including AD risk gene, indicating that it acts as a major regulator of microglial phenotype. Lastly, long-term AAV-mediated overexpression of miR-223 recapitulates its beneficial effects on cognition, pathology, and synaptic marker expression. Our study demonstrates a novel approach for the treatment of AD using miR-223 and highlights the potential of RNAi-based therapeutics in neurodegenerative disease.",bioRxiv : the preprint server for biology,2026,Krunic A; Ganesh NU; Coskun U; Brennan W; Patel C; Joshi O; Lee J; Gu TS; Caruso J; O'Connell A; Lisboa C; Crossland N; Kurkela M; Tcw J; Fowler A; Tay TL; Fischer A; Delalle I; Blusztajn JK; Mellott TJ,,
42553702,10.1093/braincomms/fcag277,Distinct brain extracellular vesicle microRNA profiles differ in frontotemporal dementia and Alzheimer's disease.,"Dementia is a syndrome caused by various diseases including Alzheimer's disease (AD) and frontotemporal dementia (FTD) with an estimated global prevalence of 60 million individuals. Recently, therapeutic development in the dementia field has accelerated, with the introduction of monoclonal antibody therapeutics such as Lecanemab and Donanemab. However, AD and FTD patients are still either diagnosed too late to benefit from available therapies or are misdiagnosed due to the clinical overlap between dementia subgroups making therapeutic intervention challenging. This highlights a real need to improve early diagnostic tools of neurodegenerative disease (ND) biomarkers. A potential source of such biomarkers come from small extracellular vesicles (sEVs), groups of cell-derived, lipid-bound assemblies with the capability to cross the blood-brain barrier (BBB) and known to carry pathogenic proteins associated with AD and FTD. A known cargo of sEVs is microRNA (miRNA), regulatory molecules that post-transcriptionally silence gene expression including transcripts of autophagic systems, processes which dysfunction in dementia-causing diseases leading to toxic aggregate build-up, causing neurodegeneration. The targeting of functional machineries in macroautophagy (MA) and chaperone-mediated autophagy (CMA) by different miRNA may vary between AD and FTD mutations, leading to potential biomarkers of disease being highlighted. Through isolating sEVs from the frontal cortex of post-mortem brain tissue of AD, FTD-, FTD-, FTD-and no-disease control patients (Manchester Brain Bank), miRNA cargoes were analysed and compared using real-time quantitative PCR (RT-qPCR). Seven autophagy-associated miRNA candidates (MA: miR-124-3p, miR-30a-5p, miR-128-3p; and CMA: miR-224-5p, miR-373-5p, miR-106a-3p and miR-26b-5p) were tested to identify dementia sub-group variations, used alongside small RNA-sequencing to explore broader miRNA variation within sEV populations. Of the miRNA tested miR-224-5p (= 1.76 × 10) and miR-106a-3p (= 0.033) showed significant group differences, and further significant pairwise comparison differences [miR-224-5p: AD fold change (FC) = 4.29, MAPT FC = 7.62; miR-106a-5p: AD FC = 5.59] when compared with no disease controls and other dementia subgroups, potentially showing initial diagnostic and differentiating potential. Small RNA-sequencing results revealed 8 AD, 2 FTD-, 52 FTD-and 12 FTD-differentially expressed sEV-miRNAs when compared with no disease controls. Further direct comparisons between AD versus FTD mutation-derived sEV cargoes, and even FTD mutation versus FTD mutation-derived sEV cargoes, identified additional miRNA with differentiating capabilities. These findings demonstrate sEV-derived miRNA signatures vary across dementia sub-types and suggest potential roles of sEV cargoes in both disease diagnostics and identifying drivers of ND, such as autophagic impairments and signalling pathways.",Brain communications,2026,Morgan J; Aarons T; Mukhopadhyay A; Lace G,,MicroRNA; biomarkers; brain; dementia; extracellular vesicles
42482158,10.1186/s13287-026-05186-z,Neuroprotective effect of mesenchymal stem cell-derived miR-143-3p on dopaminergic neurons via the TLR3/NF-κB/p53 signaling pathway.,"Transplantation of midbrain dopaminergic neurons (mDANs) derived from human pluripotent stem cells (hPSCs) represents a promising therapeutic approach for Parkinson's disease (PD), with several clinical trials currently in progress. However, the poor survival of grafted mDANs, in part due to inflammation triggered by surgical injury, poses significant challenges to both therapeutic efficacy and safety. In recent years, mesenchymal stem cells (MSCs) and their derivatives have played an important role in the field of stem cell therapy due to their easy accessibility and immunomodulatory properties. However, their potential role as an adjunct in cell therapy remains unclear. Therefore, this study aims to investigate the protective effects of conditioned medium (CM) derived from MSCs and the mechanisms of action by which it attenuates surgery-induced neuroinflammation and enhances the survival of transplanted mDANs.

To mimic the neuroinflammatory response caused by the surgical aspect of cell transplantation, transplantation medium alone (i.e. without cells) was injected into the striatum of male NOD SCID mice. The anti-inflammatory effects of MSC-CM in vivo were evaluated by assessing the activation of microglia and expression levels of pro-inflammatory cytokines. Next, an in vitro cell death model was established using IFN-γ and TNF-α stimulation. The protective effects of MSC-CM against IFN-γ and TNF-α-induced inflammatory injury in mDANs were assessed using immunofluorescence staining and TUNEL assay. To identify the active components and underlying mechanisms for the protective effects of MSC-CM, inhibitory treatments, miRNA sequencing, dual-luciferase reporter assay, and subsequent validation by qPCR and Western blotting were performed. Finally, MSC-CM was administered intranasally into male NOD SCID mice following mDAN transplantation to evaluate its protective effects on the grafted mDANs in vivo.

MSC-CM suppressed neuroinflammation and significantly protected mDANs from inflammation-induced cell death via inhibition of TLR3/NF-κB/p53 signaling pathway in this model system. This protective effect was largely reproduced by treatment with a specific component of the MSC-CM, miR-143-3p. Overexpression of miR-143-3p further enhanced the protective effects and mechanisms of action of MSC-CM.

This study demonstrates that MSC-CM or its component miR-143-3p exert protective effects on mDANs against inflammatory injury, primarily by inhibiting the TLR3/NFκB/p53 signaling pathway.",Stem cell research & therapy,2026,Sun J; Wang T; Qiu C; Li T; Wang P; Matveeva T; Boyd T; Tang Q; Xue J; Su L; Seo H; Sun YE; Cheng TL; Schweitzer J; Song B,,Dopaminergic neurons; Mesenchymal stem cells; Parkinson’s disease; TLR3/NF-κB/p53 pathway; miR-143-3p
42481587,10.1038/s41598-026-63369-3,Association of target miRNAs expression in blood plasma and cerebrospinal fluid with Alzheimer's disease biomarkers level and cognitive decline.,"Epigenetic changes can affect Alzheimer's disease (AD) susceptibility. miRNAs are novel potential circulating biomarkers of AD and mild cognitive impairment (MCI) that could support cerebrospinal fluid (CSF) biomarkers in earlier diagnosis of the disease or determination of disease stage. Our aim was to assess differences in expression of target miRNAs in patients with different stages of cognitive impairment and to evaluate the association with CSF biomarkers or cognitive test score (MMSE). We included 117 patients with cognitive impairment, among them 62 AD patients, 24 MCI patients with pathological CSF biomarker levels, and 31 MCI patients with normal CSF biomarker levels. Expression of seven target miRNAs was measured in patients' blood plasma, CSF and extracellular vesicles (EVs) enriched from plasma and CSF. None of the investigated miRNAs were differentially expressed between AD and MCI groups. Four miRNAs were associated with CSF biomarker levels, both in plasma (hsa-miR-375-3p) and CSF (hsa-miR-146a-5p, hsa-miR-29c, hsa-miR-107). The observed findings suggest that investigated miRNAs are not suitable for differentiation between different stages of cognitive impairment. However, miRNAs were associated with typical hallmarks of AD, which supports their important role in neurodegeneration. Therefore, miRNA regulatory networks could contribute to better understanding of the biological processes involved in cognitive impairment.",Scientific reports,2026,Vogrinc D; Holcar M; Lenassi M; Gregorič Kramberger M; Emeršič A; Čučnik S; Dolžan V; Goričar K,,Alzheimer’s disease; Biomarker; Extracellular vesicles; Mild cognitive impairment; miRNA
42474555,10.1007/s11011-026-01939-0,Neural network-enhanced investigation of ferroptosis and druggability in early-onset alzheimer's disease.,"Alzheimer's disease (AD) is a complex neurodegenerative disorder which is multifactorial in nature. Some of its characteristics are slow cognitive decline, memory problems and behavioral changes. AD patient brains show a progressive synaptic toxicity, autophagy, neuroinflammation, excess generation of reactive oxygen species (ROS), neuronal death and oxidative stress, which occurs due to disrupted metal homeostasis along with tau and amyloid-β protein deposition. Notably, lipid peroxidation, iron buildup and elevated oxidative stress in AD brains suggest a possible molecular connection between ferroptosis and AD neurodegeneration. This study explores the genetic and bioinformatics perspective on the relationship between ferroptosis and AD aiming to identify potential therapeutic potential biomarkers using Neural network (NN) and Machine learning models. Six ferroptosis related genes were found to be differentially expressed in AD. Further machine learning analysis shortlisted four key biomarker genes. An NN-based diagnostic prediction model was developed and validated using AUC-ROC anaysis, which gave high diagnostic values (AUC- 0.92) in the analysis. The findings highlight a strong correlation between ferroptosis and altered metabolic functions in AD. miRNA-gene interaction analysis revealed that two biomarker genes, CYBB and ACSL4 can be regulated by several regulatory miRNAs i.e., hsa-miR-146-5p, hsa-miR-106b-5p, hsa-miR-223-3p, hsa-miR-155-5p, hsa-miR-34a-5p, hsa-miR-125b-5p and hsa-miR-27a-3p suggesting their potential as early diagnostic potential biomarkers. Immune microenvironment analysis revealed strong neuroinflammatory responses in AD with increased infiltration of macrophages (M0, M1 and M2), monocytes and multiple T cell subsets. This heightened immune activity may be driven by ferroptosis-induced oxidative stress contributing to neuronal death. Furthermore, druggability of these targets was evaluated and several drugs were identified that may be potentially repurposed for therapeutic intervention in AD pathogenesis. This study presents a diagnostic predictive model integrating gene expression, miRNA regulation and immune infiltration analysis, offering a novel perspective on early AD detection. The identified ferroptosis-related potential biomarkers and regulatory miRNAs could serve as valuable tools for clinical diagnosis and targeted therapeutic intervention, advancing personalized treatment strategies for Alzheimer's disease.",Metabolic brain disease,2026,Singh P; Rath SL,"Ferroptosis; Alzheimer Disease; Humans; Biomarkers; MicroRNAs; Oxidative Stress; Neural Networks, Computer; Machine Learning",Alzheimer’s disease (AD); Biomarkers; Ferroptosis; MiRNA; Neurodegeneration; Neuroinflammation
42470121,10.1515/dmpt-2026-0006,MicroRNA sequencing reveals modulation of neurodegenerative miRNAs byin human neuroblastoma SK-N-SH cells.,"(WS) is known for its adaptogenic benefits; however, its beneficial effects in neurodegenerative diseases have not been fully explored. MicroRNAs (miRNAs) are small noncoding RNAs whose role(s) in modulating the effects of WS in neurodegeneration are yet unknown. This study aimed to investigate the impact of WS on miRNA expression in the SK-N-SH human neuroblastoma cell line.

We employed high-throughput sequencing to identify miRNAs with altered expression following dose-dependent and temporal treatment with WS.

Our findings revealed that miRNA expression profiles were significantly altered in WS-treated cells. In the dose comparison (100 μg/mL vs. 50 μg/mL), 21 miRNAs were modulated at 3 h (18 upregulated and 3 downregulated), whereas 7 miRNAs were modulated at 9 h (3 upregulated and 4 downregulated). In the temporal comparison (9 h vs. 3 h), 9 miRNAs were modulated at 50 μg/mL (6 upregulated and 3 downregulated), whereas 30 miRNAs were modulated at 100 μg/mL (4 upregulated and 26 downregulated). Bioinformatics analyses, including target prediction and functional enrichment, revealed that these WS-modulated differentially expressed miRNAs were significantly enriched in neurodegenerative, apoptotic, and inflammatory pathways. Finally, 51 novel miRNAs were identified post-WS treatment.

Taken together, our results indicate that WS may be beneficial in neurodegenerative disease and healthy aging by modulating noncoding miRNAs.",Drug metabolism and personalized therapy,2026,Mohamed Puhari SS; Mehta D; Bhaskar A; Basudkar V; Saha P; Ajgaonkar S; Biju A; Trivedi J; Dhananya S; Moorthy M; Ramaswamy G; Zhou Y; Nair S,,Withania somnifera; ashwagandha; healthy aging; microRNA; neurodegeneration; sequencing
42539325,10.1177/2689288X261454326,Salivary MicroRNAs as Biomarkers for Identification and Prognosis in Adolescents Following Concussion.,"MicroRNAs (miRNAs), which are small noncoding RNAs involved in gene regulation that can be measured reliably in saliva, have emerged as promising biomarker candidates for identifying concussion. However, research thus far is limited, and the role of miRNAs in prognosis following concussion in adolescents remains largely unexplored. This case-cohort study investigated whether salivary miRNAs collected within 10 days of injury could identify concussed adolescents from age- and sex-matched, healthy, uninjured controls, and predict symptom burden at 3-weeks post injury. Saliva samples were collected from 58 concussed adolescents (mean age [SD] = 15.4 [1.6] years; 25 females) within 10 days of injury, and 35 age- and sex-matched, healthy, uninjured controls. Using a neurodegenerative panel of 798 miRNAs, we applied feature selection to identify miRNAs that best identified concussed from healthy, uninjured adolescents. Additional analysis investigated whether these miRNAs were able to predict concussion symptom burden 3-weeks post injury. Results indicated that two miRNAs were significantly upregulated in concussed participants: (1) hsa-miR-26a-5p (F = 8.2,= 0.005, False Discovery Rate [FDR]-corrected= 0.008) and (2) hsa-miR-4286 (F = 9.6,= 0.002, FDR-corrected= 0.008). Higher hsa-miR-4286 levels predicted lower symptom burden at 3-weeks (β = -0.41,= 0.001, FDR-corrected= 0.002). The findings indicated that two salivary miRNAs demonstrated promise as clinically feasible biomarkers for identifying concussion in adolescents, one of which, was also useful for prognosis of symptom burden. The observed miRNA alterations may reflect injury-induced changes in neuroinflammatory and repair pathways, but larger, longitudinal studies are needed to validate these candidates and establish their sensitivity and specificity in this population.",Neurotrauma reports,2026,Lima Santos JP; Karthikeyan L; Harvie B; Bhattacharjee S; Hickey RW; Collins MW; Holland CL; Kontos AP; Versace A,,adolescents; biomarkers; biospecimen; concussion; mTBI; microRNA
42506451,10.3390/metabo16070500,"Extracellular Vesicle-Associated microRNAs as Candidate Biomarkers and Mediators of Diabetic Complications: Clinical and Translational Evidence Across Neuropathy, Diabetic Kidney Disease, Retinopathy, and MASLD.","Type 2 diabetes is increasingly recognized as a systemic disorder driven not only by chronic hyperglycemia and insulin resistance, but also by dysregulated interorgan communication. Extracellular vesicles (EVs), including exosomes and microvesicles, have emerged as biologically active carriers of proteins, lipids, and microRNAs capable of modulating gene expression in recipient cells. This narrative review integrates clinical, experimental, and translational evidence on EV-associated microRNAs as candidate biomarkers and potential mediators of diabetic complications, with emphasis on diabetic neuropathy, diabetic kidney disease, diabetic retinopathy, and metabolic dysfunction-associated steatotic liver disease (MASLD).

This review was aligned with the SANRA framework and focused on biological plausibility, evidence from tissue and biofluids, biomarker potential, therapeutic implications, and barriers to clinical translation. Studies were additionally interpreted according to biological matrix, EV-carrier specificity, analytical platform, study design, and level of functional validation.

Across complications, EV-associated microRNAs appear to participate in shared pathogenic processes, including oxidative stress, inflammation, endothelial dysfunction, fibrosis, angiogenesis, neurodegeneration, and metabolic memory. In diabetic neuropathy, microRNAs such as miR-146a, miR-155, miR-21-5p, and miR-148a-3p have been linked to neuroinflammation, Schwann-cell dysfunction, axonal injury, and neuropathic pain. In diabetic kidney disease, miR-21, miR-29, miR-30, and miR-126 are implicated in podocyte injury, tubulointerstitial fibrosis, albuminuria, and microvascular dysfunction. In diabetic retinopathy, microRNAs including miR-146a, miR-155, miR-21, miR-126, and miR-200b contribute to neurovascular injury, inflammation, barrier disruption, and angiogenesis. In MASLD associated with diabetes, hepatocyte-derived EVs carrying microRNAs such as miR-1 and miR-126a-3p may link hepatic lipotoxicity to endothelial inflammatory and β-cell dysfunction.

Although EV-associated microRNAs offer promising opportunities for biomarker discovery, risk stratification, and targeted therapies, clinical translation remains limited by heterogeneity in EV isolation, microRNA quantification, biological matrices, and outcome definitions. Distinguishing EV-associated miRNAs from total circulating extracellular miRNAs remains essential for biological interpretation. Standardized, longitudinal, and externally validated studies are required before these signals can be implemented as actionable tools in precision diabetes care.",Metabolites,2026,Ibarra-Salce R; Doval-Caballero JLE; Uribe-Cortés D; Eugenio-Ponce GD; Ibarra-Salce M; Jaime-Leal O; García-Sáenz MR,,MASLD; biomarkers; diabetic kidney disease; diabetic neuropathy; diabetic retinopathy; extracellular vesicles; microRNAs; type 2 diabetes
42473218,10.2174/0113895575484348260702044851,"Relationship Between miRNA and Neurodegenerative Diseases Such as Alzheimer's disease, Parkinson's, Huntington's disease, Amyotrophic Lateral Sclerosis.","The regulatory roles of miRNAs on CNS homeostasis, neuronal differentiation, and synaptic plasticity make these molecules indispensable for healthy brain functions. miRNA dysregulation, by triggering abnormal neurodevelopment, has a critical impact on the etiology and progression of neurodegenerative diseases. MicroRNAs (miRNAs) are short, single-stranded, non-coding ribonucleic acid (RNA) molecules, 18 to 24 nucleotides long. They play a role in posttranscriptional gene regulation by binding to complementary sequences on messenger RNA (mRNA), thereby promoting mRNA degradation or preventing translation into protein. MiRNAs are essential regulators of the genome because they bind targets and alter gene expression. MiRNA biogenesis and functions are tightly regulated, and their dysregulation is associated with various diseases, including cancer, cardiovascular diseases, and neurodegenerative disorders. In particular, disruption of the Blood-Brain Barrier in neurodegenerative diseases allows molecules to leak into the bloodstream, enabling the detection of miRNAs in other body fluids and making these fluids potential biomarker sources. In this context, miRNAs can be measured in blood, cerebrospinal fluid, and other biological samples. It has significant potential for early diagnosis, disease progression monitoring, and evaluation of treatment efficacy. In this review, the relationship between MiRNAs and neuronal degeneration diseases was evaluated. In this review, prepared in light of the current literature scanned through the PubMed database, we examined data from the last 5 years (2021-2026) on neurodegenerative diseases associated with miRNA dysregulation, including Alzheimer's Disease (AD), Parkinson's Disease (PD), Amyotrophic Lateral Sclerosis (ALS), and Huntington's Disease (HD).",Mini reviews in medicinal chemistry,2026,Keskin A; Mogulkoc R; Baltaci AK,,alzheimer's disease; amyotrophic lateral sclerosis; huntington's disease; miRNA; neuronal degeneration; parkinson's disease
42446817,10.1007/s12035-026-06045-x,Circulating microRNAs as Promising Biomarkers in Parkinson's Disease.,"Our study aims to examine possible Parkinson Disease (PD)-related circulating microRNAs (miRNA) and their potential roles and use cases in screening, diagnosis, and the disease progress in Turkish population. For this purpose, we selected 7 promising candidates namely miR-16-1, miR-24-3p, miR-30a, miR-30e, miR-34a, miR-34b, miR-331 from multiple studies and bioinformatic web tools. For our study, 51 PD patients with no other severe disease except for hypertension and 20 healthy matching controls were included. Serum samples were collected from venous blood and stored properly. RNA extraction, reverse transcription and real-time polymerase chain reaction (qPCR) for each pre-determined miRNA were applied to all samples with a strong normalization method to determine expression levels. Additionally, validated miR-24-3p target genes were intersected against publicly available CSF proteomics (PXD011216), PBMC transcriptomics (GSE22491), and serum metabolomics (MTBLS10958) datasets. miR-24-3p expression was also examined in two independent miRNA datasets (GSE269775; GSE16658). Statistical analyses were done using SPSS and Qiagen GeneGlobe webtools. Between PD and the control group, miR-24-3p serum levels were found increased 1.7 times (p = 0.0001). Among patients, miR-331 serum levels changed significantly with UPDRS scores (p = 0.027). Multi-omics analysis identified 21 differentially abundant miR-24-3p target proteins in PD CSF (81% downregulated), three cross-platform concordant targets, and five metabolically linked pathways. miR-24-3p levels may differ in different biological compartments in PD. In serum, miR-24-3p may provide significant value as a diagnostic biomarker with 80.4% sensitivity and 85% specificity. miR-331 might be a candidate for predicting the severity of the disease.",Molecular neurobiology,2026,Kaya IA; Demircan B; Ozdilek FB; Baran M; Dogan ES; Koc Ada S; Bursa MC; Kaya Bursa AP; Öztekin Z; Gurvit IH,Humans; Parkinson Disease; Biomarkers; Male; Female; Circulating MicroRNA; Middle Aged; Case-Control Studies; ROC Curve; MicroRNAs; Aged,Exosomal microRNA; MiR-24-3p; MiR-331; MiR-34b; Parkinson’s disease; Qrtpcr
42400752,10.1007/s12035-026-06039-9,Exerkine-Mediated Regulation of the NLRP3 Inflammasome in Neuroprotection: Mechanistic Insights and the Role of Exercise.,"Neurodegeneration is a leading cause of long-term disability and cognitive impairment, and the aberrant activation of the NOD-like receptor protein 3 (NLRP3) inflammasome is closely implicated in its pathogenesis. The NLRP3 inflammasome, as a central mediator of inflammatory cascades, can, when excessively activated, promote neuroinflammation and glial polarization, induce neuronal death, disrupt the blood-brain barrier, suppress angiogenesis and neurogenesis, impair synaptic plasticity, and induce inflammaging, ultimately leading to neurodegeneration. Exerkines, including neurotrophic factors, adipokines, myokines, hepatokines, enzymes/coenzymes, metabolites, and miRNAs, can target the aberrant activation of the NLRP3 inflammasome, exerting neuroprotective effects. Exercise has attracted increasing attention for its benefits to brain health, as it can modulate the release and expression of numerous exerkines (such as BDNF, NGF, GDNF, APN, Chemerin, Apelin, Irisin, CX3CL1, HSP90, IGF-1, LCN2, SAA, SIRT1, lactate, and exosomal miRNAs), which, through the activation of specific kinases and downstream signaling pathways in the brain, precisely target the excessive activation of the NLRP3 inflammasome and thereby ameliorate neurodegeneration. This review summarizes and critically evaluates recent advances in the mechanistic roles of the NLRP3 inflammasome in the onset and progression of neurodegeneration, as well as in the molecular mechanisms by which exerkines regulate the NLRP3 inflammasome to ameliorate neurodegeneration, and in exercise interventions, providing a theoretical basis for the precise and targeted application of exercise in the prevention and treatment of neurodegeneration.",Molecular neurobiology,2026,Tang S; Geng Y; Lin Q; Tian Z,"Humans; NLR Family, Pyrin Domain-Containing 3 Protein; Animals; Inflammasomes; Neuroprotection; Myokines; Exercise",Exercise; Exerkines; Exosomal miRNA; Ferroptosis; Lactylation; NLRP3 inflammasome
42450256,10.3390/ijms27135990,"Peripheral and Central miRNA Signatures in Alzheimer's Disease: Tissue-Specific Variability, Sex-Associated Differences, and Implications for Blood-Based Biomarkers.","Alzheimer's disease (AD) is a progressive neurodegenerative disorder characterized by cognitive decline and significant neuropathological changes. Early and accurate diagnosis remains a major challenge, highlighting the need for reliable, minimally invasive biomarkers. MicroRNAs (miRNAs), small non-coding RNAs that regulate gene expression, have emerged as promising candidates. Their expression is altered in the brains of AD patients, reflecting disease-specific pathological processes, and they are detectable in peripheral biofluids. However, discrepancies in miRNA profiles between the brain and the circulation, and between patient populations remain a significant limitation, raising questions about their origin, transport across the blood-brain barrier, and their reliability in reflecting central nervous system pathology. This review provides a comprehensive overview of current research comparing miRNA expression profiles in brain tissue and blood in AD, with a focus on their biological relevance, mechanisms of release and transport, and diagnostic potential. We also discuss the challenges associated with cross-tissue variability, methodological inconsistencies, and the need for standardized approaches. Finally, we highlight future directions, including multi-tissue analyses and integration with other noninvasive modalities, to improve the clinical utility of miRNA-based biomarkers in AD.",International journal of molecular sciences,2026,Shiyab AS; Reed EG,Humans; Alzheimer Disease; MicroRNAs; Biomarkers; Brain; Animals; Female; Organ Specificity; Male; Gene Expression Profiling,Alzheimer’s disease (AD); X chromosome inactivation (XCI); amyloid precursor protein (APP); amyloid-beta (Aβ); circulating biomarkers; extracellular vesicles (EVs); five familial AD mutations (5xFAD); four core genotypes (FCG); microRNA (miRNA); neurofibrillary tangles (NFTs)
42397457,10.1007/s11033-026-12267-y,Recent advances in the detection and functional analysis of circRNAs with short-read RNA sequencing-based methods.,"Circular RNAs (circRNAs) were first identified approximately 50 years ago in pathogenic viroids as single-stranded, covalently closed RNA molecules. Initially considered by-products of splicing, circRNAs are now recognised as an important class of regulatory RNAs involved in microRNA sponging, RNA-protein interactions, and cellular pathways. Their closed-loop structure, generated through backsplicing, confers resistance to exonucleolytic degradation and contributes to their stability. Owing to their tissue- and disease-specific expression, circRNAs have emerged as promising biomarkers for cancer, neurodegenerative disorders, and cardiovascular disease. Over the past decade, numerous bioinformatics tools utilising RNA-sequencing (RNA-seq) data have been developed for circRNA detection and analysis. Detection methods have evolved from manual split-read inspection to automated identification of the back spliced junction, while annotation pipelines now resolve the genomic origins and structural characteristics of circRNAs. Because individual circRNA callers vary considerably in sensitivity and specificity, a combined usage of tools in circRNA detection has become the preferred strategy for generating high-confidence datasets. Beyond their non-coding functions, increasing evidence suggests that some circRNAs possess protein-coding potential through open reading frames, cap-independent translation mechanisms, internal ribosome entry sites (IRESs), and N6-methyladenosine modifications. A new generation of bioinformatic tools can now assess the protein-coding potential of circRNAs, integrating the above features, as well as machine learning and deep learning approaches refining these predictions. This review summarises recently developed short-read RNA-seq bioinformatics tools for circRNA detection, consensus calling, annotation, and protein-coding potential prediction, with a particular focus on advances from the past five years that facilitate the identification of translatable circRNAs.",Molecular biology reports,2026,Lindner G; Xu SM; Santucci K; Gao Y; Janitz M,"RNA, Circular; Humans; Computational Biology; Sequence Analysis, RNA; Animals; MicroRNAs; RNA Splicing",Backsplicing; Bioinformatics tools; Circular RNAs; Machine learning; Protein-coding potential
42208462,10.1016/j.msard.2026.107265,Uncovering the role of microRNAs in response to interferon-beta therapy among multiple sclerosis patients: A systematic review.,"Multiple sclerosis (MS) is a prevalent neurodegenerative disorder (NDD) affecting young adults. While responses to interferon-beta (IFN-β) vary significantly among patients, it has remained a cornerstone of MS treatment for decades. Increasing evidence suggests that microRNAs (miRNAs) play a crucial role in immune modulation and may influence variations in treatment outcomes. Therefore, this systematic review aims to investigate the role of miRNAs in affecting the therapeutic efficacy, response, and mechanisms of IFN-β therapy in patients with MS.

This systematic review was conducted in accordance with the PRISMA guidelines. A comprehensive search of PubMed, Scopus, Web of Science, and ScienceDirect databases was performed for studies published up to 2025. Studies investigating miRNA expression levels in RRMS patients who were treated/ responded compared to those who were untreated and non-responders were included in this review. A weighted vote-counting synthesis approach was applied to prioritize significantly dysregulated miRNAs based on directional consistency (upregulation/downregulation) and effective sample-size contribution. Subsequently, target prediction performed for miRNAs introduced without targets. Ultimately, miRNA-target network and PPI network constructed and analyzed and pathway enrichment analysis performed.

13 studies were included based on the eligibility criteria, collectively reporting changes in the expression levels of over 184 miRNAs related to IFN-β therapy. Significantly dysregulated miRNAs including miR-29b, miR-504, miR-185-5p, and miR-27a were found based on weighted vote-counting synthesis approach. miR-29b-1-5p, miR-193a-3p, miR-346, miR-27a-5p were hub miRNAs come from the miRNA-target interaction network and 10 hub genes came from the PPI network. The results of pathways enrichment analysis indicated that miRNAs and hub genes mainly involved in immune regulation, interferon signaling, and neuroinflammatory mechanisms.

These findings could illuminate miRNAs' mediated mechanisms in IFN-β-treated RRMS patients and aid in creating more specialized and effective treatment options for MS patients.",Multiple sclerosis and related disorders,2026,Pourseirafi M; Mousavi SR; Niazmand A; Hosseini N; Vatandoost N; Salehi M,Humans; MicroRNAs; Interferon-beta; Multiple Sclerosis; Immunologic Factors,Biomarker; Drug response; Interferon-beta; MicroRNA; Multiple sclerosis
42138198,10.3892/ijmm.2026.5849,miR‑223‑3p promotes microglial lactylation and M1 polarization via the FBXW7/Notch1/Hes1/SIRT1 axis.,"Neuroinflammation is a hallmark of Alzheimer's disease (AD) and is closely linked to microglial M1 polarization. In the present study, miR‑223‑3p was identified as a critical regulator of microglial metabolic reprogramming. Analyses of Gene Expression Omnibus and AD Neuroimaging Initiative datasets revealed significant upregulation of miR‑223‑3p in the brain, blood, and cerebrospinal fluid of patients with AD. The overexpression of miR‑223‑3p promoted M1 polarization and increased reactive oxygen species (ROS) levels. Transcriptomic, metabolomic and Seahorse analyses revealed increased glycolysis, lactate production and lactylation, whereas inhibition of lactylation reduced M1 polarization and ROS accumulation. Mechanistically, miR‑223‑3p suppressed SIRT1 expression and directly targeted, leading to activation of the Notch1/Hes1 pathway and further suppression of. In summary, these findings demonstrate that miR‑223‑3p drives microglial lactylation‑mediated M1 polarization through the FBXW7/Notch1/Hes1/SIRT1 signaling axis. The present study provides new insight into the role of lactylation in neuroinflammation and highlights miR‑223‑3p as a potential therapeutic target for AD.",International journal of molecular medicine,2026,Wang X; Song L; Wang J; Xie Q; Wang Y; Li C; Wang T; Du Y,"MicroRNAs; Sirtuin 1; Microglia; Receptor, Notch1; Humans; F-Box-WD Repeat-Containing Protein 7; Transcription Factor HES-1; Signal Transduction; Alzheimer Disease; Animals; Reactive Oxygen Species; Cell Polarity",Alzheimer's disease; SIRT1; lactylation; microRNA‑223‑3p; microglial M1 polarization
42055093,10.1016/j.arr.2026.103149,"Tiny Titans, big promise: Nanotechnology and microRNA in the fight against Alzheimer's disease.","Alzheimer's disease (AD) remains the most common neurodegenerative disorder. It is driven by complex molecular dysfunctions that includes amyloid aggregation, tau pathology, and neuroinflammation. It leads to cognitive deficits and memory loss in elderly people. Current treatments offer limited symptomatic relief. Hence, there is urgent need for innovative therapeutics and diagnostic approaches. Among emerging therapeutic targets, microRNAs (miRNAs) have pivotal role in regulating genes linked to amyloid precursor protein (APP), tau phosphorylation, and inflammatory cascades. This review explores the synergistic as well as individual potentials of nanotechnology and microRNAs (miRNAs) in AD. Nanotechnology aids in targeted drug delivery, enhanced imaging and theranostic capabilities; whereas miRNAs are key regulators of gene expression. Beyond pathogenesis, circulating and cerebrospinal miRNAs serve as minimally invasive biomarkers capable of distinguishing AD from mild cognitive impairment, offering early diagnostic potential. However, therapeutic translation faces challenges of instability, poor bioavailability, and limited blood-brain barrier (BBB) permeability. Here, combination of nanotechnology with miRNA is a compelling solution. Engineered nano-based system enhance miRNA stability, protect them from enzymatic degradation, and enable targeted delivery. This review highlights the synergistic use of nanotechnology and miRNA for AD diagnostics and therapeutics as a multifaceted strategy. Together, these advances promise a path toward early diagnosis and personalized treatment options for AD.",Ageing research reviews,2026,Nakum B; Vejpara D; Faldu K; Soni R; Shah J,Humans; Alzheimer Disease; MicroRNAs; Nanotechnology; Animals; Drug Delivery Systems,Alzheimer's disease; amyloid pathology; miRNAs; nanotechnology; neurodegenerative disorder
42010206,10.1007/s12015-026-11126-4,"The Potentials of Stem Cell-Derived Exosomal MicroRNAs in Ferroptosis Modulation: Molecular Insights into Hepatoprotection, Neuroprotection, Cardioprotection, Renoprotection and Pulmonoprotection.","Ferroptosis is an iron-dependent, regulated form of cell death characterized by lipid peroxidation and disrupted redox homeostasis. This process plays a role in the development of various organ injuries. Stem cell-derived exosomes carrying microRNAs (miRNAs) have recently emerged as a promising therapeutic approach for modulating ferroptosis and providing organ protection. This review summarizes the core molecular mechanisms of ferroptosis, including iron metabolism, lipid peroxidation, the glutathione/GPX4 axis, and regulatory networks involving non-coding RNAs. The biological hallmarks of stem cells, particularly mesenchymal stem cells (MSCs), neural stem cells (NSCs), and induced pluripotent stem cell derivatives (iPSCs), as well as the biogenesis and cargo sorting of exosomal miRNAs, are outlined. Evidence comprehensively shows that stem cell-derived exosomal miRNAs can influence ferroptosis. They provide protective effects in the lungs, liver, nervous system, kidneys, and heart. The review highlights how various exosomal miRNAs target ferroptotic regulators such as SLC7A11, GPX4, and ACSL4, as well as upstream signaling pathways. By tackling the current translational barriers, such as improving exosome engineering, increasing miRNA encapsulation efficiency, ensuring organ-specific delivery, enhancing biosafety, and conducting thorough in vivo validation, stem cell-derived exosomal miRNAs could become a clinically useful and reliable method for precise ferroptosis modulation and multi-organ protection.",Stem cell reviews and reports,2026,Abuhassan Q; Saleh KA; Abdulsahib WK; Malathi H; Nayak PP; Jayashree S; Arora V; Chauhan AS,Humans; MicroRNAs; Ferroptosis; Exosomes; Animals; Neuroprotection; Stem Cells; Liver,Cardiovascular Disease; Epigenetic Regulation; Exosome; Neurodegenerative Disease; Non-coding RNA; Programmed Cell Death
41708889,10.1038/s41380-026-03492-9,miR126-mediated alteration of vascular integrity in Rett syndrome.,"Rett syndrome (RTT) is a neurodevelopmental disorder caused by mutations in methyl-CpG binding protein 2 (MeCP2). MeCP2 is a non-cell type-specific DNA binding protein, and its mutation influences not only neural cells but also non-neural cells in the brain, including vasculature-associated endothelial cells. Vascular integrity is crucial for maintaining brain homeostasis, and its alteration may be linked to the pathology of neurodegenerative diseases, but a non-neurogenic effect, such as the relationship between vascular alteration and RTT pathogenesis, has not been shown. Here, we developed a microvascular network model using RTT patient-derived induced pluripotent stem (iPS) cells that carry the MeCP2[R306C] or MeCP2[R168X] mutation to investigate early developmental vascular impact. To expedite endothelial cell differentiation, doxycycline-inducible ETV2 expression vectors were inserted into the AAVS1 locus of RTT patient-derived iPS cells and their isogenic controls by CRISPR/Cas9. With these endothelial cells, we established a disease microvascular network and observed higher permeability in RTT microvascular networks than in isogenic controls, indicating that the barrier function is altered by MeCP2 mutation. Furthermore, by microRNA profiling and RNAseq, we found that hyperpermeability is associated with up-regulation of miR126-3p in RTT patient-derived endothelial cells and can be rescued by restoring miR126-3p levels. Overall, our findings point to miR126-3p-mediated vascular impairment in RTT patients and suggest potential therapeutic approaches for restoring function.",Molecular psychiatry,2026,Osaki T; Wan Z; Haratani K; Jin Y; Campisi M; Barbie DA; Kamm RD; Sur M,Rett Syndrome; Humans; Methyl-CpG-Binding Protein 2; MicroRNAs; Induced Pluripotent Stem Cells; Endothelial Cells; Mutation; Cell Differentiation; Brain,
40618273,10.4103/NRR.NRR-D-25-00002,MicroRNA and Alzheimer's disease: Diagnostic biomarkers and potential therapeutic targets.,"MicroRNAs (miRNAs), small non-coding RNAs ranging from 19 to 25 nucleotides in length, are key regulators of gene expression that function primarily by inhibiting the translation of target mRNAs. Recent studies have suggested that miRNAs play important roles in regulating key aspects in the pathology of Alzheimer's disease, including the modulation and accumulation of amyloid-beta and tau proteins. Moreover, miRNAs have been implicated in the regulation of neuroinflammation through various inflammatory pathways, notably the nuclear factor kappa B signaling cascade. Additional emerging evidence has shown that miRNAs regulate synaptic growth and maturation, and they perform promising roles in regulating neuronal death and development. miRNAs also offer a novel avenue for direct reprogramming of neurons, representing a promising strategy for Alzheimer's disease treatment. The regulation of miRNA biogenesis and the post-transcriptional modifications of miRNAs are critical factors in Alzheimer's disease pathology, influencing miRNA activity and disease progression. In this review, we comprehensively explore the role of different miRNAs in regulating various pathological processes associated with Alzheimer's disease, focusing primarily on four representative miRNAs: miR-9, miR-29, miR-126, and miR-146a for further exploration. We also discuss the influence of miRNA biogenesis on Alzheimer's disease, emphasizing how dysregulation of miRNA processing may contribute to the disease. Additionally, we highlight the potential of miRNAs as both diagnostic biomarkers and therapeutic targets in Alzheimer's disease, along with promising vector delivery strategies aimed at improving clinical outcomes. Finally, we discuss the challenges and limitations associated with the use of miRNAs in the diagnosis and treatment of Alzheimer's disease. By reviewing the current clinical applications of miRNAs as biomarkers and therapeutic agents, we aim to provide insights that will inform future research and development in this promising field.",Neural regeneration research,2025,Huang Y; Chen Y; He Z; Lu W; Lai H; Wang Y; Wang J,,Alzheimer’s disease; amyloid-β; diagnostic biomarker; glial cells; microRNA; neuroinflammatory; neuronal death; synapses; tau protein; therapeutic targets
40618254,10.4103/NRR.NRR-D-25-00402,MicroRNAs in the pathogenesis of neurodegenerative disorders: Potential as therapeutic targets.,"Neurodegenerative diseases (neurodegenerative disorders) are marked by the progressive degeneration of the structure and function of the central nervous system. They may result in the deterioration of cognitive, motor, and functional abilities. Diseases such as Alzheimer's disease, Parkinson's disease, Huntington's disease, and amyotrophic lateral sclerosis represent some of the most prominent examples of neurodegenerative disorders. Despite scientific advancement in understanding disease pathology and prognosis, the therapeutic strategies available for management remain limited. In recent years, microRNAs, small non-coding RNA molecules, have emerged as key players in the pathogenesis of neurodegenerative disorders. Therefore, understanding how these microRNAs affect disease pathology and pathway signaling is essential, and may open microRNAs as new avenues for potential therapeutic intervention. This review explores the role of microRNAs in various neurodegenerative diseases, discuss how microRNAs affect signaling pathways, and examine the potential of microRNAs as therapeutic targets.",Neural regeneration research,2025,Singh A; Subramanian M; Singh A,,Alzheimer’s disease; Huntington’s disease; Parkinson’s disease; amyotrophic lateral sclerosis; gene expression regulation; genetics; microRNA; neurodegenerative diseases
42360639,10.1007/s10571-026-01767-x,The Diagnostic and Therapeutic Value of Micro-RNA in Parkinson's Disease.,"The pathogenesis of Parkinson's disease (PD) remains incompletely understood, and effective early diagnostic biomarkers and disease-modifying therapies are lacking. MicroRNAs (miRNAs), a class of small non-coding RNAs, have emerged as critical regulators of gene expression involved in key pathological processes of PD, including neuronal apoptosis, mitochondrial dysfunction, oxidative stress, and α-synuclein (α-syn) aggregation. Recent evidence suggests that dysregulated miRNAs expression contributes significantly to PD progression and may serve as minimally invasive biomarkers for early diagnosis. Furthermore, miRNA-based therapeutic strategies offer promising avenues for targeting disease-related molecular pathways. This review summarizes the mechanistic roles of miRNAs in PD pathogenesis and highlights their potential clinical applications in diagnosis and therapy.",Cellular and molecular neurobiology,2026,Lin GL; Wang Y; Cheng BH,,Biomarkers; Epigenetics; Micro-RNA (miRNA); Parkinson's disease (PD); α-synuclein (α-syn)
42395402,10.64898/2026.06.18.733253,Temporal and Regional Circular RNA profiling in a Tauopathy Mouse Model: Implications for Tau Pathology and Neurodegeneration.,"MicroRNAs (miRNA), are non-coding RNA that act as post-transcriptional regulators of gene expression in various organs including the brain where they play an important role in neurodegeneration. Circular RNAs are single-stranded, covalently closed loop RNA molecules recognized as upstream regulators of miRNA. Previous studies have shown that circRNAs are dysregulated in Alzheimer's and other neurodegenerative diseases. However, a systematic, age-and region-specific circRNA atlas in primary tauopathy is lacking. To this end, we performed comprehensive circRNA sequencing of hippocampal and cortical tissues from a model of human tauopathy, h-Tau mice, at 3, 6, and 12 months of age. We identified circRNA-miRNA sponging networks that target and regulate key tau disease-associated pathways, including kinases, phosphatases, histone deacetylase, glutamatergic and GABAergic synapse, and microglial efferocytosis. Our study demonstrates an age- and region-specific circRNA landscape in the brain of a model of human tauopathy and identify candidate circRNA-miRNA-mRNA regulatory axes converging on core tau pathological processes. These findings support the novel hypothesis that specific circRNAs have the potential to be used as biomarkers and therapeutic targets against tau-driven neurodegeneration.",bioRxiv : the preprint server for biology,2026,Hossain MS; Praticò D,,
42337584,10.1186/s12951-026-04707-5,Development of a rapid and simple Xeno Nucleic Acid (XNA) sensor-based microRNA detection platform for Parkinson's disease diagnostics.,"Current biomarkers for Parkinson's disease (PD) diagnosis, including imaging tracers, α-synuclein seeding assays, proteomic markers, and metabolomic signatures, are often limited by invasiveness, cost, scalability, or insufficient reproducibility. Circulating microRNAs (miRNAs) are attractive minimally invasive biomarkers because they are mechanistically linked to disease-associated pathways and remain stable in biofluids. However, the clinical translation of miRNA biomarkers has been hindered by multistep workflows and analytical variability arising from adapter ligation, reverse transcription, amplification drift, and cross-platform inconsistency in qRT-PCR, sequencing, and hybridization-based assays. To address these limitations, we developed XENO-Q, a rapid three-step platform that enables bias-minimized miRNA quantification through target-selective synthesis, in which only sensor-confirmed miRNAs are converted into amplifiable chimera products. XENO-Q enables linear quantification across several orders of magnitude with femtomolar sensitivity and high reproducibility while maintaining compatibility with qRT-PCR, ddPCR, and nanopore sequencing workflows. As a demonstration of clinical applicability, XENO-Q identified a two-marker circulating miRNA signature that accurately distinguished PD from other neurodegenerative conditions. These findings establish XENO-Q as a scalable and clinically translatable framework for next-generation miRNA diagnostics beyond Parkinson's disease.",Journal of nanobiotechnology,2026,Byun MY; Ryu MY; Chung SJ; Lee B; Oh JR; Woo JK; Shin JY; Han MK; Bang OY; Kim YJ; Kuo MC; Lin-Wang HH; Wu RM; Lin SP; Cho SK; Lee PH; Yang SW,,Bias-minimized quantification; Blood biomarker; MicroRNA (miRNA); Molecular diagnostics; Parkinson's disease; XENO-Q
42337208,10.1007/s10571-026-01769-9,Loss of miR-204 Drives NPTX1-Dependent Mitochondrial Dysfunction and Neuronal Degeneration in Alzheimer's Disease.,"Alzheimer's disease (AD) is characterized by progressive cognitive decline accompanied by synaptic dysfunction and neuronal loss. Dysregulation of specific microRNAs (miRNAs) has been increasingly implicated in AD pathogenesis, suggesting that miRNA-mediated regulatory pathways may represent important mechanisms underlying neuronal vulnerability. Here, we identified mmu-microRNA-204-5p (miR-204) as a critical regulator of neuronal survival that is markedly downregulated in the hippocampus of 5xFAD mice. Through integrated bioinformatics analysis and experimental validation, we established neuronal pentraxin-1 (NPTX1) as a direct post-transcriptional target of miR-204. In primary cultured neurons, exposure to Aβ₁₋₄₂ oligomer (oAβ) drove marked upregulation of NPTX1 and precipitated neuronal injury, manifested by aberrant reactive oxygen species (ROS) accumulation, collapse of mitochondrial membrane potential, diminished cell viability, and dendritic degeneration. Inhibition of miR-204 further exacerbated these pathological changes and engaged mitochondrial apoptotic signaling, as evidenced by Bax upregulation, cytochrome c release, and caspase-3 cleavage. Conversely, restoration of miR-204 expression or genetic knockdown of NPTX1 attenuated oxidative stress, preserved mitochondrial integrity, and restored neuronal survival. Collectively, our findings uncover a previously unrecognized miR-204-NPTX1 regulatory axis that governs mitochondrial integrity and apoptotic susceptibility in AD, highlighting miR-204 as a potential therapeutic target for AD and related oxidative stress-associated neurodegenerative disorders.",Cellular and molecular neurobiology,2026,Ha TY; Lim SM; Park H; Chang KA,"Animals; MicroRNAs; Pentraxins; Alzheimer Disease; Mitochondria; Nerve Tissue Proteins; C-Reactive Protein; Nerve Degeneration; Neurons; Reactive Oxygen Species; Oxidative Stress; Apoptosis; Membrane Potential, Mitochondrial; Mice; Cell Survival; Humans; Hippocampus; Mice, Transgenic; Amyloid beta-Peptides; Cells, Cultured",Alzheimer’s disease; Apoptosis; MiR-204-5p; Mitochondria dysfunction; NPTX1; Oxidative stress
42395483,10.64898/2026.06.17.732933,Multivariate Random Forests for Cross-Modal Multi-Omics Integration.,"Multi-omics studies are widely used across many areas of biomedical research. In many diseases, some signals are shared across data types, while others are strongest in a single omics layer. Current multi-omics clustering methods often either merge all data types into a single representation, which can blur biology that is strong in one layer, or rely on linear structure that may miss more complex relationships across data types. We introduce MULTIRF, a random-forest-based method that handles complex data types and separates shared and modality-specific structure for multi-omics data. MULTIRF learns sample similarities across omics layers from multivariate random forests, combines them across data types, and uses the resulting weights to estimate the part of each omics layer that is predictable from the others. The remaining residual is treated as modality-specific signal, allowing shared and modality-specific similarities to be clustered separately. In simulations, MULTIRF recovered shared clusters as well as or better than established integrative methods while more reliably separating modality-specific signal under nonlinear data structures. In TCGA head and neck squamous cell carcinoma, the shared component aligned with the main subtype structure across established reference classifications, while gene- and miRNA-specific components revealed additional immune and developmental biology. In the ADNI cohort with matched blood DNA methylation and structural MRI, the shared cross-modal aging signal was associated with future conversion to mild cognitive impairment or Alzheimer's disease, and a DNAm-specific residual signal showed exploratory additional information. These results show that MULTIRF can recover a common disease axis while retaining biologically meaningful signals specific to one data type. MULTIRF is available as an open-source R package at https://github.com/novawz/multiRF.",bioRxiv : the preprint server for biology,2026,Zhang W; Wang L; Franzmann EJ; Chen XS,,
42332537,10.1097/MD.0000000000049470,Study on diagnostic genes and immune microenvironment disorder in comorbid atherosclerosis and Alzheimer disease.,"Atherosclerosis (AS) and Alzheimer disease (AD) are globally prevalent chronic diseases with challenges of difficult early diagnosis and a lack of effective combined therapies. This study explored their shared molecular mechanisms, potential diagnostic biomarkers, and immune microenvironment disorders. Using AS dataset GSE100927 and AD dataset GSE97760, key differentially expressed genes (key DEGs) were identified via bioinformatics (differential expression analysis, protein-protein interaction network, machine learning). A risk prediction model was built and validated with receiver operating characteristic/area under the curve. Immune infiltration was compared between patient and control groups; miRNA-transcription factor-mRNA and key DEGs-chemical networks were predicted, and key DEGs-AS/AD causal relationships verified by Mendelian randomization. Venn analysis found 89 common DEGs (enriched in lipid metabolism, Wnt pathway, etc). Four key DEGs (early growth response 2 [EGR2], leukocyte-specific transcript 1 [LST1], membrane-spanning 4-domains subfamily A member 7 [MS4A7], and 2'-5'-oligoadenylate synthetase like [OASL]) were confirmed. The model had high accuracy (C-index = 0.982, area under the curve > 0.9). Mendelian randomization showed EGR2 was an AS risk/AD protective factor; LST1 an AS risk factor; MS4A7 an AD risk factor; no clear OASL-AD causality. EGR2, LST1, MS4A7, and OASL are novel diagnostic biomarkers and potential therapeutic targets for comorbid AS and AD.",Medicine,2026,Ni P; Zhao B; Xv H,Humans; Alzheimer Disease; Atherosclerosis; Biomarkers; Mendelian Randomization Analysis; Early Growth Response Protein 2; Machine Learning; Protein Interaction Maps; MicroRNAs; Computational Biology; Gene Expression Profiling; Membrane Proteins,Alzheimer disease; Mendelian randomization; atherosclerosis; diagnostic genes; immune microenvironment; machine learning
42401527,10.1016/j.joim.2026.06.003,Epigenetic modulation by essential oils: Potential applications and challenges in palliative care.,"Essential oils have long been used in complementary medicine, and recent research has demonstrated their potential to modulate epigenetic mechanisms such as DNA methylation, histone modification and microRNA regulation. These epigenetic effects suggest that essential oils may offer novel therapeutic benefits in palliative care, which primarily focus on symptom management, improvement of quality of life, and support for emotional well-being in patients with life-limiting conditions. This review examined the epigenetic mechanisms by which key compounds in essential oils, such as curcumin, eugenol, limonene and thymoquinone, modulate gene expression and cellular pathways associated with pain, inflammation, neurodegeneration and cancer progression. Preclinical studies indicate that these compounds demonstrate the ability to modulate inflammation, reduce oxidative stress, promote neuroprotection and support immune function, making them promising adjuncts in the management of pain, cognitive decline and psychological distress. Despite these promising preclinical findings, challenges remain regarding bioavailability, optimal dosing and clinical safety. Further human studies are necessary to establish standardised protocols for using essential oils in palliative care. As research progresses, the integration of epigenetically active essential oils may provide a personalised and non-invasive approach to symptom management, thereby improving the quality of life and overall well-being of palliative care patients. Despite the promising preclinical findings, it is essential to note that clinical studies evaluating the epigenetic effects of essential oils in palliative care patients are currently lacking, underscoring the need for future research. Please cite this article as: Gonçalves SD, Diogo RG. Epigenetic modulation by essential oils: Potential applications and challenges in palliative care. J Integr Med. 2026; Epub ahead of print.",Journal of integrative medicine,2026,Diogo Gonçalves S; Garcia Diogo R,,Aromatherapy; DNA methylation; Epigenesis; Essential oil; Pain management; Palliative care
42253155,10.1096/fj.202601357RR,Engineered Exosomes Deliver miR-370 Inhibitor to Regulate DNAJB1 and Synergize With miR-25 in Improving SCA3 Mice Behavior and Neuropathology.,"Spinocerebellar ataxia type 3 (SCA3), the most common inherited ataxia, lacks effective therapies. Current microRNA (miRNA) approaches directly targeting ataxin-3 (ATXN3) mRNA risk reducing essential wild-type ATXN3, a key regulator of proteostasis and various signaling pathways. Consequently, developing neuron-targeted, noninvasive miRNA delivery strategies that employ alternative mechanisms is critical for SCA3. In this study, we engineered rabies virus glycoprotein (RVG)-modified exosomes to deliver miR-370 inhibitors to the brains of SCA3 mice, thereby upregulating the molecular chaperone DnaJ homolog subfamily B member 1 (DNAJB1) to promote clearance of mutant ATXN3. Systemic administration of RVG-exosomes carrying miR-370 inhibitors led to increased DNAJB1 expression, reduced mutant ATXN3 aggregation, improved neuronal survival, and restored motor coordination in SCA3 mice. Furthermore, combining miR-370 inhibitors with miR-25-a miRNA that directly targets ATXN3 mRNA-synergistically enhanced the reduction of pathogenic ATXN3 and provided greater neuroprotection compared to either therapy alone. These findings support the use of RVG-exosome-mediated miR-370 inhibition as a noninvasive strategy to improve proteostasis in SCA3 and demonstrate its potential in combination with ATXN3 mRNA-targeting miRNAs, offering a promising therapeutic paradigm for SCA3 and similar neurodegenerative disorders.",FASEB journal : official publication of the Federation of American Societies for Experimental Biology,2026,Zhang Z; Gao S; Qin L; He M,"Animals; MicroRNAs; HSP40 Heat-Shock Proteins; Mice; Exosomes; Ataxin-3; Machado-Joseph Disease; Humans; Disease Models, Animal; Male; Neurons; Mice, Transgenic; Behavior, Animal",exosome; heat shock proteins; microRNA; microRNA inhibitor; spinocerebellar ataxia
42389429,10.1515/jtim-2026-0038,Development of a serum-based microRNA panel for Alzheimer's disease diagnosis.,"MicroRNAs (miRNAs) are emerging as promising blood-based biomarkers for Alzheimer's disease (AD) because of their stability and regulatory roles in disease-related pathways. This study aimed to develop a serum-based miRNA panel for AD diagnosis.

Serum samples from 550 participants were categorized into discovery (85 AD, 65 healthy controls [HCs]), training (73 AD, 53 HCs), and validation (99 AD, 99 HCs, 36 vascular cognitive impairment [VCI], 40 dementia with Lewy bodies [DLB]) cohorts. Through small RNA sequencing and qPCR validation, we identified key miRNAs and constructed a diagnostic panelmachine learning.

The 7-miRNA panel achieved area under the curve (AUC) values of 0.970 and 0.928 in the training and validation cohorts, respectively. The panel effectively differentiated AD from VCI (AUC = 0.951) and DLB (AUC = 0.851). Diagnostic performance remained robust across subgroups defined by age, gender, disease severity, and comorbidities (AUC 0.758-0.988). The risk score derived from the 7-miRNA panel was significantly associated with cognitive impairment (Mini-Mental State Examination [MMSE] score,= -0.72) and plasma amyloid pathology biomarkers (Aβ42/40 ratio,= -0.25; p-tau217,= 0.36).

A serum-based 7-miRNA panel, which offers a minimally invasive and accessible approach, has strong diagnostic potential for AD.",Journal of translational internal medicine,2026,Qin Q; Xia X; Zhang X; Yang S; Zhao G; Su C; Tang Y,,Alzheimer's disease; biomarker; diagnosis; microRNAs; serum
42357473,10.3390/molecules31122075,Study on Regulatory Mechanism ofSpecific microRNA Targeting JNK3 in Alzheimer's Disease.,"Alzheimer's disease (AD) is characterized by Tau hyperphosphorylation, β-amyloid (Aβ) accumulation, and progressive neuronal loss.(), a traditional Chinese medicine with well-established neuroprotective properties, was investigated. Two-derived miRNAs, Gas-miR04-3p and Gas-miR19-5p, were identified as regulators of JNK3. By means of Western blot, RT-qPCR, and assessments of antioxidant indices, it was demonstrated that Gas-miR04-3p and Gas-miR19-5p can suppress JNK3 expression, reduce Tau phosphorylation at Ser202 and Ser396, enhance antioxidant capacity, and attenuate apoptosis in AD-related cellular and molecular pathology models. These miRNAs were also detectable in murine brain tissues following oral administration of total RNA extracted from. Their administration was associated with decreased JNK3 activation, alleviated Tau hyperphosphorylation, and improved expression of apoptosis-related proteins in AD mouse models. These results suggest thatmiRNAs may exert neuroprotective effects through regulation of JNK3 signaling, thereby attenuating Tau-related pathological changes and neuronal injury in AD-related models.","Molecules (Basel, Switzerland)",2026,Li H; Lu Z; Gao K; Guo J; Nie Z; Sheng Q,"Alzheimer Disease; Animals; Gastrodia; MicroRNAs; Mitogen-Activated Protein Kinase 10; Mice; Humans; Phosphorylation; Disease Models, Animal; tau Proteins; Apoptosis; Gene Expression Regulation; Amyloid beta-Peptides; Neuroprotective Agents; Male",Alzheimer’s disease; Gastrodia elata miRNA; JNK3; cross-kingdom; tau hyperphosphorylation
42343519,10.13703/j.0255-2930.20250309-k0001,[Mechanism of moxibustion at the governor vessel for regulating autophagy against Alzheimer's disease via lncRNA-RP4-mediated Wnt/β-catenin pathway].,"To observe the effect of moxibustion at the governor vessel on lncRNA-RP4/miR-939-5p and Bnip3 in APP/PS1 double transgenic mice mediated by Wnt/β-catenin pathway, and to explore the mechanism of moxibustion in the treatment of Alzheimer's disease (AD).

Sixty 6-month-old APP/PS1 mice were randomly divided into a model group, a rapamycin group, a moxibustion+ 3-methyladenine (3-MA) group and a moxibustion group, with 15 mice in each group. Fifteen C57BL/6J mice of the same age were used as the control group. The rapamycin group was given intraperitoneal injection of rapamycin (2 mg/kg). The moxibustion group was given moxibustion at ""Baihui"" (GV20),suspended moxibustion at ""Fengfu"" (GV16) and ""Dazhui"" (GV14) for 20 min. The moxibustion+3-MA group was injected with 1.5 mg/kg 3-MA on the basis of the moxibustion group. After 6 consecutive treatments, rest for 1 d, and lasted 2 weeks.HEK293T cells were cultured in vitro and transfected with miR-939-5p and its empty plasmid, and transfected with lncRNA-RP4 and Bnip3 wild-type and mutant. HT22 cells cultured in vitro were randomly divided into a control group and a model (Aβ 1-42) group. The lncRNA-RP4 overexpression group, the lncRNA-RP4 knockdown group, the miR-939-5p mimic group, the miR-939-5p inhibitor group, the Bnip3 overexpression group, the Bnip3 knockdown group and the corresponding empty plasmid group were set up, and transfection was performed on the basis of the model group. Morris water maze test was used to detect the learning and memory ability of mice. HE staining was used to observe the morphology of hippocampus in each group. The structure of nerve cells, the number and structure of autophagic vacuoles and autophagic lysosomes in hippocampal CA1 region of mice in each group were observed by transmission electron microscopy. The expression of Aβ 1-42 protein in hippocampus was detected by immunohistochemistry. The expression of mTOR, TFEB, P62, Wnt3 a, β-catenin, GSK-3β, lncRNA-RP4, miR-939-5 p and Bnip3 mRNA in hippocampus of mice in each group was detected by real-time fluorescence quantitative PCR. Western blot was used to detect the expression of mTOR, TFEB, P62, LC3 B-Ⅰ,LC3 B-Ⅱ, CTSB, Lamp1, V-ATPase, Wnt3a, β-catenin, GSK-3β and Bnip3 protein in hippocampus of mice in each group.Dual luciferase assay was used to verify the targeting relationships among lncRNA-RP4, miRNA-939-5p and Bnip3 in HEK293T cells. The concentration of Aβ 1-42 in HT22 cells of each group was detected by ELISA. The expression of lncRNA-RP4, miR-939-5p, Bnip3, Wnt3a, β-catenin and GSK-3β mRNA in HT22 cells of each group was detected by real-time fluorescence quantitative PCR. The expression of Bnip3, Wnt3a, β- catenin and GSK-3β protein in HT22 cells of each group was detected by Western blot.

Compared with the model group, the escape latency of the rapamycin group and the moxibustion group was shortened (<0.05), and the number of crossing the platform was increased (<0.05).The number of hippocampal neurons was large, and a small amount of cell necrosis was observed. The cells were arranged in an orderly manner with clear boundaries. Some neurons were deformed, atrophied and irregular, and autophagic vacuoles increased. The expression of A β 1-42 protein, mTOR, P62, GSK-3β mRNA and protein, and miR-939-5p mRNA in hippocampus was decreased (<0.05), while the expression of TFEB, Wnt3a, β-catenin, Bnip3 mRNA and protein, LC3B-Ⅰ, LC3B-Ⅱ, CTSB, Lamp1, V-ATPase protein, and lncRNA-RP4 mRNA was increased (<0.05). Compared with the rapamycin and moxibustion groups, the escape latency of the moxibustion+3-MA group was prolonged (<0.05), and the number of crossing the platform was decreased (<0.05). The number of hippocampal neurons decreased slightly, the cell necrosis was more, the cell arrangement was irregular, the boundary was blurred, and a small amount of autophagic vacuoles and more deformed neurons were occasionally seen. The expression of A β 1-42 protein, mTOR, P62, GSK-3β mRNA and protein, and miR-939-5p mRNA in hippocampus increased (<0.05), while the expression of TFEB, Wnt3a, β-catenin,Bnip3 mRNA and protein, LC3B-Ⅰ, LC3B-Ⅱ, CTSB, Lamp1, V-ATPase protein, and lncRNA-RP4 mRNA decreased (<0.05). Dual luciferase assay confirmed that there was a targeting relationship among lncRNA-RP4, miR-939-5p and Bnip3.After the intervention of lncRNA-RP4 in vitro, compared with the model group, the expression of Aβ 1-42 protein,miR-939-5p mRNA, GSK-3 β mRNA and protein in the lncRNA-RP4 overexpression group was decreased (<0.05), and the expression of lncRNA-RP4 mRNA, Bnip3, Wnt3a, β-catenin mRNA and protein was increased (<0.05). The expression of Aβ 1-42 protein, miR-939-5p mRNA, GSK-3 β mRNA and protein in lncRNA-RP4 knockdown group was increased (<0.05), while the expression of lncRNA-RP4 mRNA, Bnip3, Wnt3a and β-catenin mRNA and protein was decreased (<0.05). Compared with the lncRNA-RP4 overexpression group, the expression of Aβ 1-42 protein, miR-939-5p mRNA, GSK-3 β mRNA and protein in the lncRNA-RP4 knockdown group was increased (<0.05), and the expression of lncRNA-RP4 mRNA, Bnip3, Wnt3a, β-catenin mRNA and protein was decreased (<0.05). After intervention with miR-939-5p, compared with the model group, the expression of Aβ 1-42 protein, miR-939-5p mRNA, GSK-3 β mRNA and protein in the miR-939-5p mimic group was increased (<0.05), and the expression of lncRNA-RP4 mRNA, Bnip3, Wnt3a,β-catenin mRNA and protein was decreased (<0.05). The expression of A β 1-42 protein, miR-939-5p mRNA, GSK-3 β mRNA and protein in miR-939-5p inhibitor group was decreased (<0.05), while the expression of lncRNA-RP4 mRNA,Bnip3, Wnt3a and β-catenin mRNA and protein was increased (<0.05). Compared with the miR-939-5p mimic group, the expression of Aβ 1-42 protein, miR-939-5p mRNA, GSK-3β mRNA and protein in the miR-939-5p inhibitor group was decreased (<0.05), and the expression of lncRNA-RP4 mRNA, Bnip3, Wnt3a, β-catenin mRNA and protein was increased (<0.05). After Bnip3 intervention, compared with the model group, the expression of Aβ 1-42 protein,miR-939-5p mRNA, GSK-3 β mRNA and protein in the Bnip3 overexpression group was decreased (<0.05), while the expression of lncRNA-RP4 mRNA, Bnip3, Wnt3a and β-catenin mRNA and protein was increased (<0.05). The expression of A β 1-42 protein, miR-939-5p mRNA, GSK-3 β mRNA and protein in the Bnip3 knockdown group was increased (<0.05), while the expression of lncRNA-RP4 mRNA, Bnip3, Wnt3a and β-catenin mRNA and protein was decreased (<0.05). Compared with the Bnip3 overexpression group, the expression of Aβ 1-42 protein, miR-939-5p mRNA,GSK-3β mRNA and protein in Bnip3 knockdown group was increased (<0.05), and the expression of lncRNA-RP4 mRNA, Bnip3, Wnt3a, β-catenin mRNA and protein was decreased (<0.05).

Moxibustion at the governor vessel ameliorates AD cognitive deficits by activating the lncRNA-RP4/miR-939-5p/Bnip3 axis, enhancing Wnt/β-catenin pathway, restoring autophagosome-lysosome activity, promoting autophagy, accelerating A β 1-42 clearance, and improve cognitive dysfunction of AD. This study elucidates a novel epigenetic mechanism underlying moxibustion's therapeutic efficacy in AD.",Zhongguo zhen jiu = Chinese acupuncture & moxibustion,2025,Zhou B; Zhu C; Chen X; Li J; Gao D; Wu A; Tao L; Yuan X; Yang G; Chen X; Xie M; Cheng L; Wang X,"Animals; Alzheimer Disease; RNA, Long Noncoding; Moxibustion; Autophagy; Mice; Humans; Wnt Signaling Pathway; Male; Mice, Inbred C57BL; beta Catenin; Mice, Transgenic; MicroRNAs; Acupuncture Points; Membrane Proteins",Alzheimer's disease; Wnt/β-catenin pathway; autophagy; governor vessel; lncRNA-RP4/miR-939-5p/Bnip3 axis; moxibustion
42368464,10.3389/fnagi.2026.1807882,Plasma miR-34a-5p outperforms miR-126-3p in predicting cognitive decline in cerebral small vessel disease patients with impaired glucose regulation.,"MicroRNAs (miRNAs) are promising biomarkers for the diagnosis and prognosis of neurodegenerative diseases. Over the past few years, miR-34a-5p and miR-126-3p have become some of the most characterized miRNA, the former being associated with cellular senescence and apoptosis and the latter with the maintenance of vascular endothelial function. The present study aimed to evaluate diagnostic performance of miR-34a-5p and miR-126-3p for cognitive dysfunction in CSVD patients. In addition, we investigated whether these miR-34a-5p and miR-126-3p have mediating effect of impaired glucose regulation (IGR) status on cognitive dysfunction. The final objective was to the identification of better diagnostic biomarkers and further investigation on their value of practical application in Chinese population.

The study included 300 patients with cerebral small vessel disease (CSVD), who were further stratified by oral glucose tolerance test into those with impaired glucose regulation (IGR,= 151) and those with normal glucose metabolism (NGM,= 149), with the NGM group serving as the internal control. Concurrently, all patients were stratified according to Montreal Cognitive Assessment scores into cognitive function subgroups (normal/mild/moderate/severe impairment). Plasma levels of miR-34a-5p and miR-126-3p were measured in all participants using reverse transcription-polymerase chain reaction (RT-PCR). Mediation analysis was employed to assess the mediating role of the relevant miRNAs in the pathway from IGR to cognitive dysfunction in CSVD patients. The diagnostic performance of these miRNAs for cognitive function and long-term prognosis in CSVD patients with IGR was compared in terms of specificity, sensitivity, and accuracy. Moreover, the miR-34a-5p target genes were screened, and functional and pathway enrichment analyses were performed.

The results show that, in the analysis based on cognitive stratification, plasma miR-126-3p expression levels were negatively correlated with the severity of cognitive impairment in CSVD patients, whereas miR-34a-5p levels showed a positive correlation. miR-126-3p exhibited a stepwise decrease with increasing cognitive severity, while miR-34a-5p significantly distinguished between normal and impaired cognitive status. Mediation analysis revealed that only miR-34a-5p demonstrated a significant mediating effect in the pathway from IGR to cognitive dysfunction (indirect effect = 0.4519, 95% BootCI: 0.0277-0.8879), and it exhibited superior diagnostic performance for cognitive impairment within the CSVD cohort. Following evaluation using the Youden index, miR-34a-5p at the 2-year follow-up demonstrated a balanced diagnostic performance with an area under the curve (AUC) of 0.803, a sensitivity of 65.3%, and a specificity of 84.0% at the optimal cut-off of 2.49, indicating its potential utility for risk stratification. Compared with its performance at baseline (AUC: 0.679, sensitivity: 58.3%, specificity: 75.0%), the diagnostic performance of miR-34a-5p at the 2-year follow-up showed improvements across all metrics, particularly in specificity. In contrast, miR-126-3p (an inverse indicator) showed a moderate sensitivity (64.6-70.5%) and specificity (60.7-63.2%), which may limit its standalone diagnostic application. Enrichment analysis indicated that miR-34a-5p could be involved in the pathological aspects of cognitive impairment by regulating pathways related to apoptosis, oxidative stress, and synaptic function.

The IGR stage may represent a potential early pathological window of cognitive impairment in CSVD patients. Plasma miR-34a-5p is more valuable as diagnostic and long-term prognostic marker in IGR patients than miR-126-3p and may mediate association between IGR and cognitive decline via apoptosis, oxidative stress and synaptic pathway.",Frontiers in aging neuroscience,2026,Wang Y; Sun B; Li H; Ma Y; Wang Y; Song Y,,cerebral small vessel disease (CSVD); cognitive decline; impaired glucose regulation (IGR); miR-126-3p; miR-34a-5p
42271483,10.1186/s13018-026-06966-2,Dysregulation of exosomal miRNAs in A2 astrocytes under oxygen-glucose deprivation is associated with neuronal pyroptosis: a role for miR-139-5p in targeting NLRP3.,"A2 astrocyte exosomes are closely associated with neuronal pyroptosis. Reduced expression of miR-139-5p was detected in A2 astrocyte exosomes under oxygen-glucose deprivation (OGD) conditions. We postulate that miR-139-5p intensifies neuroinflammation by modulating the expression of neuronal NLRP3 pyroptosis protein.

To identify differentially expressed exosomal miRNAs from A2 astrocytes under OGD conditions and to evaluate their potential roles in neuronal pyroptosis.

Administer interleukin-4 (IL-4) to microglia, harvest the supernatant to induce A2 astrocytes, expose them to oxygen deprivation models to isolate exosomes, then co-culture these exosomes with both healthy neurons and neurons subjected to OGD conditions to assess pyroptosis levels in the neurons. Subsequently, execute miRNA sequencing on exosomes from various circumstances to analyze differentially expressed microRNAs and their associated pathways. Finally, the differential targeting relationship between miR-139-5p and NLRP3 was validated using a dual luciferase reporter assay.

Oxygen-glucose deprivation (OGD) reduced A2 astrocyte viability, with 1 h selected as the optimal duration (p < 0.001). Exosomes from OGD-treated astrocytes were internalized by neurons, decreasing viability (p < 0.001) and increasing pyroptosis-related proteins (p < 0.01). miRNA sequencing identified 133 differentially expressed miRNAs (62 upregulated, 71 downregulated), with miR-139-5p significantly downregulated. Dual-luciferase assays confirmed that miR-139-5p directly targets NLRP3 (p < 0.001).

Of five pyroptosis-associated exosomal miRNAs (miR-214-3p, miR-22-5p, miR-139-5p, miR-382-3p, and miR-365-5p), miR-139-5p and miR-382-3p were downregulated under OGD, and miR-139-5p directly targeted NLRP3. Thus, exosomal miRNAs, particularly miR-139-5p, warrant further therapeutic investigation in neurodegenerative diseases, including degenerative cervical myelopathy.",Journal of orthopaedic surgery and research,2026,Ma G; Qin X; Xu B; Tang X; Wang Z; Yuan D; Zhao R; Li P; Zhu L; Yin H; Yang B; Chen X,"MicroRNAs; Pyroptosis; Exosomes; Astrocytes; NLR Family, Pyrin Domain-Containing 3 Protein; Glucose; Animals; Neurons; Oxygen; Cells, Cultured; Coculture Techniques",A2 Astrocyte; Exosomes; Neuronal pyroptosis; Oxygen-glucose deprivation model; miR-139-5p
42454185,10.20517/evcna.2025.176,Comparison of extracellular vesicle isolation methods reveals method-dependent protein and miRNA profiles in saliva.,"Salivary extracellular vesicles (EVs) are promising non-invasive biomarkers for disease diagnosis and monitoring, reflecting both systemic and local physiological states. However, the diversity of EV isolation protocols and the possibility that each method enriches distinct EV subpopulations remain major barriers to reproducibility and data comparability. This study aimed to evaluate the impact of different EV isolation methods on the yield, purity, and molecular composition of salivary EVs from healthy volunteers, thereby clarifying how these methods affect the potential use of salivary EVs as a non-invasive biomarker source for disease diagnosis and monitoring.We conducted a comprehensive comparison of three EV isolation methods - ultracentrifugation (UC), polyethylene glycol (PEG)-based co-precipitation (Q), and immunoaffinity capture (M) - to evaluate their impact on EV yield, purity, and molecular composition. Salivary EVs from healthy volunteers were analyzed using proteomic and small RNA sequencing approaches.Principal component analysis revealed clear isolation method-dependent clustering, where M-derived EVs displayed the most distinct profile. The UC and Q methods yielded broader proteomic repertoires with higher total protein content, while M-isolated EVs exhibited greater purity and enrichment of trafficking- and lysosome-associated proteins. Among the 731 microRNAs (miRNAs) analyzed, 28 were consistently altered across methods and 65 uniquely enriched in M isolates. Reverse transcription quantitative polymerase chain reaction (RT-qPCR) confirmed the key directional trends. These 93 method-dependent miRNAs were predicted to target genes associated with synaptic structure and neurodegenerative pathways.These findings show that EV isolation methodology profoundly influences the cargo composition of salivary EVs and suggest that M can isolate specific EV populations that may better meet diagnostic requirements.",Extracellular vesicles and circulating nucleic acids,2026,Simphor E; Boulestreau J; Marchal R; Van TNN; Molina F; Kahli M,,EV isolation methods; Salivary extracellular vesicles; biomarker discovery; miRNA profiling; proteomics
42208531,10.1016/j.stemcr.2026.102930,ZFHX4 is necessary for dopaminergic neuron differentiation and controls cell cycle by regulating LIN28A.,"Parkinson's disease (PD) involves selective degeneration of midbrain dopaminergic neurons (mDANs), yet the regulatory networks governing their development remain incompletely understood. ZFHX4 has been linked to neurodevelopment across species and shows reduced expression in the PD midbrain. Through integrative analysis of our multiomic data of mDAN differentiation, we show that ZFHX4 is a super-enhancer-controlled transcription factor induced during mDAN specification. Importantly, ZFHX4 is necessary but not sufficient for mDAN differentiation. Genome-wide profiling of ZFHX4 binding revealed targeting to active promoters, and transcriptomic profiling after ZFHX4 depletion identified primary target genes enriched for cell-cycle regulation. Consistently, ZFHX4-depleted cells showed reduced proliferation and accumulated in G2 phase, impairing cell-cycle progression. LIN28A, an RNA-binding protein involved in stem-cell maintenance and microRNA maturation, is among the strongest upregulated genes upon ZFHX4 depletion, with direct ZFHX4 binding at the locus. Our findings indicate that ZFHX4 regulates mDAN maturation through a mechanism involving the LIN28A-miR-9 axis.",Stem cell reports,2026,Valceschini E; Gomez Ramos B; Ohnmacht J; Ginolhac A; Catillon M; Gerard D; Gaigneaux A; Kyriakis D; Grzyb K; Glaab E; Grünewald A; Skupin A; Sauter T; Krüger R; Sinkkonen L,Dopaminergic Neurons; Cell Differentiation; Cell Cycle; RNA-Binding Proteins; Animals; Humans; Super Enhancers; Protein Binding; Transcription Factors; Cell Proliferation,LIN28; Parkinson's disease; ZFHX4; cell cycle; chromatin; dopaminergic neurons; neurodevelopment; super-enhancers; transcription factors
42261156,10.2174/0115672026475503260525074433,Interplay of Genetic and Biomarker Signatures in Oxidative Stress and Inflammation: Advancing Parkinson's Disease Research Through Emerging Omics Technologies.,"Parkinson's disease (PD) is a progressive neurodegenerative illness characterized by loss of dopaminergic neurons and misfolded α-synuclein aggregation. The pathophysiology of PD involves the interplay of oxidative stress, neuroinflammation, and genetic variables. This review provides an overview of the ways oxidative stress and neuroinflammation interact with genetic and epigenetic pathways in PD, as well as how omics technologies have aided in the identification of biomarkers that can be targeted by treatments.

This study was conducted as a narrative review. Using terms such as ""Parkinson's disease,"" ""oxidative stress,"" ""neuroinflammation,"" ""biomarkers,"" ""genetics,"" and ""omics,"" a literature search was conducted in PubMed, Web of Science, and Scopus for research published between January 2012 and December 2025. Studies pertinent to PD-related molecular processes and biomarkers were included after articles were filtered based on titles and abstracts; non- English publications were eliminated.

According to recent research, oxidative stress and inflammation create a positive feedback loop that promotes neuronal death. The genes SNCA, LRRK2, and PINK1 have been associated with impaired mitochondria and mitophagy. PD-related RNA alterations, DNA methylation changes, and dysregulated miRNAs were discovered using omics approaches such as transcriptomics, epigenomics, and epitranscriptomics. BDNF, 8-OHdG, DJ-1, and phosphorylated α- synuclein are potential biomarkers for disease monitoring and diagnosis.

In PD, oxidative stress and neuroinflammation work in combination with genetic, epigenetic, and epitranscriptomic dysregulation to cause dopaminergic neurodegeneration. This highlights the importance of multi-omics integration for identifying reliable biomarkers and disease- modifying therapeutic targets.

Precision medicine is facilitated by an integrative, multi-omics-driven strategy that improves our understanding of the molecular pathophysiology of PD. Future research should focus on validating biomarkers, conducting longitudinal studies, and translating molecular discoveries into personalized treatments.",Current neurovascular research,2026,Vig H; Mishra A; Wal A,,Parkinson’s disease; biomarkers; epigenetics; miRNA; omics; oxidative stress; transcriptomics.; α-synuclein
42260294,10.1038/s41598-026-56607-1,Flunarizine changes microRNA expression in cell cultures and in a mouse model of spinal muscular atrophy.,"Spinal muscular atrophy (SMA) is caused by mutations in the Survival Motor Neuron 1 (SMN1) gene, leading to reduced SMN protein levels and widespread disruption in RNA metabolism. Despite of disease-modifying therapies, which remarkably improve patient outcomes, the long-term effects remain unknown. Dysregulated small non-coding RNAs, including microRNAs, have been reported in SMA, but their contribution to the disease remains unclear. We previously showed that flunarizine could improve the phenotype of an SMA mouse model; however its mode of action is incomplete. Here, we showed that flunarizine modulates the expression of numerous microRNAs. Using small-RNA sequencing of a flunarizine-treated SMA patient fibroblast cell line, we identified several microRNAs, which are also dysregulated in the brains and/or spinal cords of SMA mouse models at early disease stages and corrected with flunarizine. Transfection of the miR-128-3p inhibitor interferes with the flunarizine-induced neurite outgrowth in the murine neuronal NSC34 cells. Among the mRNAs modulated by flunarizine, homeodomain interacting protein kinase 2 (Hipk2) transcripts were revealed as novel miR-128-3p targets using either the mimic or its inhibitor. Our findings suggest that an early microRNA accumulation in spinal cords of SMA models can contribute to molecular dysfunctions and may represent an initiating event in pathogenesis.",Scientific reports,2026,Bon E; Delers P; Dumont F; Salman B; Sapaly D; Letourneur F; Armand AS; Lefebvre S,"Animals; MicroRNAs; Muscular Atrophy, Spinal; Mice; Disease Models, Animal; Flunarizine; Humans; Gene Expression Regulation; Cell Line; Fibroblasts; Carrier Proteins; Survival of Motor Neuron 1 Protein","Flunarizine; HIPK2; Neurodegeneration,; Spinal muscular atrophy,; miR-128; microRNAs"
42279176,10.3390/jcm15114315,Network Meta-Analysis of Cognitive Impairment and miRNA Expression in Alzheimer's Disease Patients with Hearing Loss: A Systematic Review and Cross-Validation.,"Age-related hearing loss (HL) is a significant independent risk factor for Alzheimer's disease (AD), yet the molecular mechanisms underlying this comorbidity and the comparative efficacy of hearing interventions for cognitive outcomes remain unclear. This study aims to integrate clinical evidence and molecular data to address these gaps.The objective of this study was to conduct a systematic review and network meta-analysis (NMA) in order to: (1) compare the effects of hearing interventions on cognitive function in AD patients; (2) identify and rank key microRNAs (miRNAs) associated with AD-HL comorbidity; (3) explore heterogeneity sources; and (4) cross-validate findings with internal clinical sequencing data.We systematically searched PubMed, Web of Science, Embase, and the Cochrane Library, with a cut-off date of May 2024. Included studies involved AD patients with/without HL, reporting cognitive scores (MoCA, MMSE, and AVLT) or miRNA expression data. An NMA was performed to rank interventions (cochlear implants-CIs, hearing aids-HAs, and no intervention-NI) and miRNAs using surface under the cumulative ranking (SUCRA) curves. Heterogeneity was assessed via subgroup analysis and meta-regression. Pooled miRNA expression results were cross-validated against an internal clinical sequencing dataset (LC-P20240110033,= 16) using the intraclass correlation coefficient (ICC) and Bland-Altman plots.Twelve studies (2137 patients) were included. HL was significantly associated with worse cognitive function (MoCA: SMD = -0.82, 95% CI: -1.15 to -0.49; AVLT delayed recall: SMD = -1.12, 95% CI: -1.56 to -0.68). NMA revealed that the CI group (SUCRA = 0.89) was superior to the HA group (SUCRA = 0.62) and NI (SUCRA = 0.09) for preserving MoCA scores. Among the nine differentially expressed miRNAs identified in exploratory synthesis, three met strict quantitative criteria for NMA (reported in ≥2 independent studies with comparable quantification and variance data); hsa-miR-6875-5p was the most consistent biomarker (pooled FC = 1.52, 95% CI: 1.04-2.23), showing excellent agreement with sequencing data (FC = 3.29; ICC = 0.82, 95% CI: 0.67-0.91). Heterogeneity was significantly influenced by the miRNA detection platform (= 0.04) and HL severity (= 0.03).This study demonstrates that HL exacerbates cognitive decline in AD in a dose-dependent manner. Cochlear implants may offer superior cognitive protection compared to hearing aids. The consistently dysregulated hsa-miR-6875-5p emerges as a hypothesis-generating cross-modal biomarker, bridging clinical observation and molecular pathology in AD-HL comorbidity.",Journal of clinical medicine,2026,Wang X; Wei C,,Alzheimer’s Disease; MicroRNA; biomarker; cochlear implant; cognitive impairment; cross-validation; hearing loss; network meta-analysis
42234230,10.1007/s11033-026-11965-x,Biological pathways related to mirna-125a-5p in behavioral variant of frontotemporal dementia.,"Frontotemporal dementia (FTD) comprises a group of neurodegenerative disorders that lead to progressive changes in language, behavior, personality, and movement. Accounting for approximately 60% of cases, the behavioral variant (bvFTD) represents the most common clinical presentation of FTD. MicroRNAs (miRNAs) are small non-coding RNAs involved in gene regulation and are expressed in various biological fluids. Considering bvFTD as an inflammatory disorder, this study investigated the expression of inflammation-related miRNAs in individuals with bvFTD compared with age- and sex-matched cognitively healthy controls.

Twenty patients with bvFTD and 20 cognitively healthy controls, matched for age and sex, were included in the study. Serum levels of miRNA-30c-5p and miRNA-125a-5p were analyzed.

miRNA-125a-5p expression was upregulated in individuals with bvFTD compared with controls (fold change = 2.02). No significant differences between groups were observed for miRNA-30c-5p. An inverse correlation was identified between miRNA-125a-5p expression and age within the bvFTD group. Pathway enrichment analysis revealed that miRNA-125a-5p was significantly involved in the regulation of genes associated with insulin receptor signaling, SUMOylation, SUMO E3 ligase-mediated protein modification, SUMOylation of chromatin organization proteins, estrogen-dependent gene expression, extracellular exosome pathways, neuron migration, microtubule dynamics, and nervous system development.

These findings suggest that miRNA-125a-5p may play an important role in FTD-related biological pathways, underscoring its potential as a molecular marker in the pathophysiology of this disorder.",Molecular biology reports,2026,Pereira JD; Silva LM; Ozawa M; Tosatti JAG; Lima SPO; Silva IR; Jeunon VR; das Graças Carvalho M; de Paula França Resende E; de Souza LC; Caramelli P; Gomes KB,Humans; MicroRNAs; Frontotemporal Dementia; Female; Male; Middle Aged; Aged; Case-Control Studies; Signal Transduction; Gene Expression Regulation,Biological pathways; Frontotemporal dementia behavioral variant; miRNAs
42161892,10.1021/acschemneuro.5c00771,"Molecular, Biochemical, and Epigenetic Mechanisms Involved in Environmental Neurotoxicants Exposure Induced Premature Brain Aging with Central Focus on Pesticides Role.","Environmental neurotoxicants are widely used in various industries, including agriculture and public health sectors, and are known to cause harmful effects to humans through environmental and occupational exposures. Neurotoxicants are increasingly recognized as significant contributors to premature brain aging and neurodegenerative disorders. This review delineates the literature on neurotoxicant-induced comprehensive biochemical and molecular pathways leading to brain aging by consolidating the mechanistic insights with a main focus on pesticides. Exposome research combines environmental monitoring with integrative multiomics technologies such as exposomics, proteomics, and adductomics to map the real impact of neurotoxicants in neurodegenerative disorders. We discussed the intersecting molecular genetic pathways, including genomic instability, telomere attrition, epigenetic remodeling, including aberrant DNA methylation and microRNA deregulation, and biochemical pathways, including mitochondrial dysfunction, oxidative stress, impaired proteostasis, and autophagic disruption across the lifespan. These complex and often intergenerational mechanisms can be contextualized within the exposome framework to emphasize the cumulative environmental exposures that shape premature brain aging. Neurotoxicant exposure interferes with critical neuroprotective pathways, induces systemic metabolic dysregulation, neuroinflammation, and neurodegeneration, and disturbs the gut-brain axis, further amplifying neuronal vulnerability. A mechanistic understanding is important for toxicity screening and regulatory frameworks to mitigate the long-term consequences of neurotoxic insults. This review highlights the importance of eco-friendly alternatives such as integrated pest management strategies to reduce pesticide burdens on humans and environmental health for sustainable development.",ACS chemical neuroscience,2026,M P; Golime R,"Humans; Pesticides; Epigenesis, Genetic; Brain; Environmental Exposure; Animals; Aging, Premature; Neurotoxins; Oxidative Stress",autophagy; brain aging; mitochondrial dysfunction; neurotoxicants; oxidative stress; proteostasis
42434351,10.4103/jmss.jmss_70_25,Region-specific Transcriptomic Signatures in Alzheimer's Disease: A Meta-analysis of Vulnerable Brain Regions Reveals MicroRNA-hub Gene Regulatory Networks.,"Alzheimer's disease (AD) is characterized by progressive neurodegeneration in regionally vulnerable brain areas, yet molecular insights into early pathogenic mechanisms remain limited.

We conducted a meta-analysis of transcriptomic datasets from brain regions affected in early-to-moderate AD - including entorhinal cortex, CA1 hippocampus, angular gyrus, and frontal cortex synaptoneurosomes - using data from seven mRNA and one microRNA (miRNA) microarray studies (GSE16759, GSE110226, GSE37264, GSE26972, GSE36980, GSE37263, GSE39420, and GSE157239). Preprocessing included background correction, logtransformation, quantile normalization, and batch correction via ComBat. Differentially expressed features were defined as false discovery rate <0.05 and | logFC| ≥ 1.23 (genes) or ≥ 2 (miRNAs).

We identified 172 differentially expressed genes (122 upregulated and 50 downregulated) and 82 significant miRNAs. Hub genes included Inositol-trisphosphate 3-kinase B (), Synaptotagmin 1, Dystrobrevin alpha (), X Inactive Specific Transcript, and Regulator of G protein signaling 4 (). Functional enrichment highlighted calcium signaling, synaptic failure, and neuroinflammation. Notably, hsa-miR-30d-5p was predicted to target bothand, suggesting a regulatory axis linking miRNA dysregulation to calcium dyshomeostasis. Receiver operating characteristic analysis revealed that onlyshowed moderate discriminative capacity (area under the curve [AUC] =0.70), while other hub genes (e.g.,, AUC = 0.40) exhibited below-chance performance, underscoring the limitations of single-gene classifiers in postmortem tissue.

This study provides mechanistic hypotheses - rather than diagnostic biomarkers - by uncovering region-specific, miRNA-mediated regulatory networks in AD-affected brain tissues. Future validation in accessible biofluids is essential before clinical translation.",Journal of medical signals and sensors,2026,Jaberi KR; Alashti SK; Hooshmandi S; Vatankhah P; Haghighi MR; Savardashtaki A; Aligholi H; Jaberi AR,,Alzheimer’s disease; microRNA; microarray analysis; noncoding RNA
42215422,10.1080/17410541.2026.2678221,Association between microRNA 155 gene polymorphism and sporadic Parkinson's disease.,"The functional single nucleotide polymorphism (SNP) rs767649 in the miR-155 gene has been linked to other neurological disorders, but its association with sporadic Parkinson's disease (PD) remains unclear.

The rs767649 SNP was genotyped via TaqMan assay. Serum miR-155 levels were measured by RT-qPCR. Statistical analyses included ROC analysis for assessing diagnostic value, Pearson correlation analysis with clinical scores (UPDRS-III, H-Y staging, MoCA), and logistic regression for identifying risk factors of PD.

The miR-155 rs767649 A allele served as a protective factor against PD, with AA homozygotes showing the lowest risk. The TT genotype was associated with elevated serum miR‑155, greater motor impairment (UPDRS‑III, H‑Y stage), and reduced cognitive function (MoCA) in PD patients when compared to TA or AA carriers. In PD patients, elevated serum miR-155 levels correlated with disease severity, distinguished patients from healthy controls, and emerged as an independent risk factor for PD.

The miR-155 rs767649 polymorphism might affect PD susceptibility, and its A allele potentially exerted a protective effect against PD in Han Chinese population. Elevated miR-155 levels appear to be correlated with disease severity and may be an independent risk factor, suggesting its potential as a biomarker for PD diagnosis.",Personalized medicine,2026,Luo S; Li J; Zhang Y; Zou Y,"Humans; MicroRNAs; Parkinson Disease; Female; Polymorphism, Single Nucleotide; Male; Genetic Predisposition to Disease; Aged; Middle Aged; Genotype; Risk Factors; Alleles; Asian People; Genetic Association Studies; Case-Control Studies; Severity of Illness Index",Parkinson’s disease; miR-155; polymorphism; rs767649
42067097,10.1016/j.ijbiomac.2026.152306,Circular RNA in human brain: Systematic review of synaptic functions and disease associations.,"Circular RNAs (circRNAs) are covalently closed, non-canonical transcripts, highly enriched in the mammalian brain and especially synaptic compartments. Generated via back-splicing of precursor mRNAs, their intrinsic stability and spatiotemporally regulated expression enable the modulating function for synaptic physiology through multiple mechanisms, including microRNA sequestration, RNA-binding protein (RBP) interaction, and cap-independent translation. Mounting evidence links dysregulation of brain-enriched circRNAs to the pathogenesis of diverse neurologic disorders, ranging from neurodegenerative conditions (Alzheimer's disease, Parkinson's disease) to neuropsychiatric and epileptic disorders. Beyond pathogenesis, circRNAs also hold biomedical potential, serving as biofluid biomarkers and therapeutic candidates as engineered aptamers. This review synthesizes current knowledge of circRNA biology in regulating brain synaptic function and contributing to neurologic disorders, also highlights unmet needs and key directions for advancing translational research. We introduce an online knowledge base: circrna.database4brain.com to centralize relevant resources.",International journal of biological macromolecules,2026,Chu H; Gui J; Dong M; Li R; Zhang J; Zhang F; Wen S; Yan H; Gao K; Luo H; Lu Z; Jiang Y,"Humans; RNA, Circular; Brain; Synapses; Animals; Gene Expression Regulation; RNA-Binding Proteins; Neurodegenerative Diseases",Circular RNA; Synapse; circRNA
42024084,10.1177/13872877261443968,Transcriptome-based identification and experimental validation of a key gene in Alzheimer's disease using dermal fibroblasts.,"BackgroundAlzheimer's disease (AD) is a neurodegenerative disorder primarily characterized by progressive cognitive impairment and neuronal damage. The pathogenesis of AD is complex and involves multiple pathological processes. Currently, effective methods for early diagnosis and treatment are lacking.ObjectiveTo identify key pathogenic genes and investigate their roles in Alzheimer's disease, we analyzed transcriptomic data from dermal fibroblasts of AD patients, aiming to assess their potential as novel biomarkers and therapeutic targets.MethodsTranscriptomic data from AD patient and control-derived dermal fibroblasts (DFs) were analyzed to identify differentially expressed genes. Key genes were screened using bioinformatics and a random forest algorithm. ceRNA analysis was performed to explore miRNA-mRNA interactions. The candidate gene SRSF5 was validated via overexpression and knockdown, followed by qPCR, western blotting, and reactive oxygen species (ROS) assays. The role of SRSF5 in endoplasmic reticulum (ER) stress was evaluated by measuring ER stress markers and cellular stress responses.ResultsTranscriptomic analysis revealed significant upregulation of SRSF5 in AD DFs. ceRNA analysis identified miRNAs regulating SRSF5 in AD. Overexpression of SRSF5 led to reduced neuronal proliferation, increased apoptosis, elevated ROS levels, and activation of ER stress markers (CHOP, GRP78, XBP1). SRSF5 knockdown alleviated these effects.ConclusionsSRSF5 may drive AD pathogenesis via ER and oxidative stress, serving as a potential biomarker and therapeutic target for early diagnosis and intervention.",Journal of Alzheimer's disease : JAD,2026,Xie M; Niu X; Sun F; Shi L,Humans; Fibroblasts; Endoplasmic Reticulum Chaperone BiP; Alzheimer Disease; Serine-Arginine Splicing Factors; Transcriptome; Reactive Oxygen Species; Endoplasmic Reticulum Stress; MicroRNAs; Gene Expression Profiling; Apoptosis,Alzheimer's disease; SRSF5; dermal fibroblasts; endoplasmic reticulum stress; oxidative stress
41962421,10.1016/j.parkreldis.2026.108305,Up-regulation of tRNA-derived miR-1274b in tears of Parkinson's disease patients.,"Parkinson's disease (PD) is a complex neurodegenerative disorder characterized by motor and non-motor symptoms. Early diagnosis remains challenging due to the lack of reliable, non-invasive biomarkers. Here, we explored the potential of tear fluid (TF) as a diagnostic source by profiling its microRNA (miRNA) content.

The study included a discovery (8 PD, 7 healthy controls (HC)) and a replication cohort (9 PD, 9 HC). miRNA expression was assessed using TaqMan Human MicroRNA arrays. Independent in-silico validation was conducted using a qPCR-based miRNA array dataset comprising pooled cDNA samples from controls (n = 10) and PD patients (n = 29). The relationship between microRNA expression and composite clinical scores in PD patients was explored. Target gene prediction, pathway enrichment, and interaction network analyses were performed.

The t-RNA-derived miR-1274b was consistently upregulated in the TF of PD patients across the discovery and replication cohorts, with additional in-silico support from the independent dataset. Increased expression was particularly evident in a PD subgroup characterized by combined non-motor autonomic symptoms. Predicted target genes were associated with neurodegeneration and cellular dysfunction. Over-representation analysis highlighted pathways related to negative regulation of synaptic transmission, while network analysis revealed interactions between miRNA targets and key PD-related genes, supporting a potential role in disease mechanisms.

Our findings identify miR-1274b as a TF-based miRNA associated with PD, supporting its potential as a non-invasive biomarker. Further studies with larger cohorts and other neurodegenerative diseases are needed to validate these results and explore their clinical applicability.",Parkinsonism & related disorders,2026,Salvi E; Vannetiello I; Cazzaniga FA; Ciullini A; Demleitner AF; Andreasi NG; Tomé S; Elia AE; Leta V; Lingor P; Eleopra R; Catania M; Devigili G; Moda F,Humans; MicroRNAs; Parkinson Disease; Female; Male; Up-Regulation; Aged; Middle Aged; Tears; Biomarkers; Cohort Studies,Biomarker; Noncoding RNA; Parkinson's disease; Tear fluid
41921918,10.1016/j.ctim.2026.103378,"Molecules in motion: A narrative review on exercise, exosomes and eating disorders.","Exercise plays a dual role in eating disorders: maladaptive exercise contributes to their development and maintenance, while supervised and adapted exercise can support recovery. The mechanisms underlying these opposing effects remain unclear. Exosomes, i.e., key mediators of organ crosstalk, may help explain both harmful and therapeutic exercise responses. This narrative review examines how exosomes and their cargo may serve as biomarkers of exercise effects in the context of eating disorders. We synthesized current evidence on exosome biology, exercise-induced exosomal signaling, and insights from related clinical conditions. Current knowledgebase shows that exercise alters exosome release and cargo, including myomiRs involved in muscle regeneration, neuroplasticity, and metabolic regulation. Findings from populations with depression or neurodegenerative disorders suggest that exercise-responsive exosomes can influence various factors of brain health, though these mechanisms have not yet been studied in eating disorders. The exosomal cargo sensitivity to stressors such as exercise and low energy availability, indicate that exosomes may offer a promising pathway for diagnostic and therapeutic biomarker development. Future research must replicate research from other clinical conditions on exercise-induced release and alteration of exosome and their cargo to populations with eating disorders to clearly establish this mechanism in eating disorders treatment.",Complementary therapies in medicine,2026,Stoeren MS; Goleva-Fjellet S; Edlund K; Bratland-Sanda S,Humans; Exosomes; Feeding and Eating Disorders; Exercise; Biomarkers,Exerkines; Kinesiology; Medicine; MiRNA; Molecular biology; Myokines; MyomiRs; Psychiatry; Psychobiology; Sport
40145964,10.4103/NRR.NRR-D-24-01165,RBAD: The first database dedicated alterations of blood RNA in individuals with Alzheimer's disease and their clinical relevance.,"JOURNAL/nrgr/04.03/01300535-202606000-00070/figure1/v/2026-02-11T151048Z/r/image-tiff Alzheimer's disease-associated transcriptomic landscapes have been defined in brain tissue. However, changes in blood RNA and their clinical relevance remain poorly understood. In this study, we developed an RNA profile based on 1468 blood samples from both human and mouse studies, which include bulk RNA sequencing (RNA-seq), microRNA-seq, and single-cell RNA-seq data. We developed a comprehensive analysis pipeline that conducted over 11 million comparisons and correlations to identify more than 20,000 blood features. With these findings, we established a blood RNA database related to Alzheimer's disease, RNAs in Blood of AD (RBAD, http://www.bioinform.cn/RBAD/ ). Using RBAD, we initially validated well-established Alzheimer's disease-related pathways, including olfactory transduction. We then observed a decrease in both the proportion and functionality of erythroid cells, likely attributed to their elevated CD45 levels and interactions with GZMK+CD8+ T cells. Furthermore, we identified 449 blood RNAs linked to patients' overall survival, along with two mRNAs ( H4C3 and CTU1 ) associated with cognitive decline. In summary, RBAD is the first web-based analysis platform dedicated to investigating blood RNA changes in Alzheimer's disease, and provides valuable insights into potential peripheral biomarkers and pathogenic mechanisms related to Alzheimer's disease.",Neural regeneration research,2025,Duan T; Chu J; Li J; Pan S; Liu D; Cheng G; Luo Y; Zhou W; Wang Z; Tan W; Wu Q; Zeng Y; Hu F,,Alzheimer’s disease; RNA; biomarker; blood; clinical relevance; erythroid cells; high throughput sequencing; mild cognitive impairment; olfactory transduction
42290958,10.3389/fncel.2026.1760593,Intensive multidisciplinary rehabilitation modulates serum-synuclein and miRNA expression in Parkinson's disease: preliminary results of a randomized study.,"Parkinson's disease is a progressive neurodegenerative condition, and unfortunately, there are currently no treatments available that can halt or slow down its progression. However, recent research on intensive and multidisciplinary rehabilitation shows great promise, indicating that vigorous exercise may offer benefits to patients. This study is a randomized, single-blind, controlled, two-arm trial comparing an intensive outpatient multidisciplinary rehabilitation program with a home-based self-administered stretching program in Persons with Parkinson's disease (PwPD). This study aims to assess the effects of an intensive rehabilitation program compared to a home-based self-treatment plan on the serum expression of four molecular biomarkers: brain-derived neurotrophic factor (BDNF), total-synuclein, miR-223-3p, and miR-7-1-5p in PwPD.

We enrolled seventy PwPD in mild-to-moderate stages (average age: 71.15 ± 16.19 years, disease duration: 7.67 ± 5.61 years; UPDRS: 38.06 ± 13.07). Out of these, 36 participants (19 males and 17 females) were assigned to an outpatient daily intensive multidisciplinary rehabilitation treatment (EXP-PwPD), while 34 (22 males and 12 females) participated in a home-based self-treatment stretching program (CTRL-PwPD). Serum samples were taken at baseline (T0), at the end of the intervention period (T1, 6 weeks after T0), and at T2 (3 months after T1). We measured the protein concentrations (BDNF and-synuclein) and circulating miRNAs (miR-223-3p and miR-7-1-5p) in the serum, and compared results between the groups.

The intensive rehabilitation program led to a significant increase in serum BDNF and-synuclein expression. Notably, the rise in serum α-synuclein was dependent on exercise, returning to baseline concentration at T2, while serum BDNF remained significantly elevated even 2 months post-program completion (T2) ( = 0.03). Among the miRNAs studied, miR-7-1-5p reflected the pattern of BDNF, showing a notable increase after intensive rehabilitation ( = 0.05) and persistence at follow-up ( = 0.04). There were no significant changes for miR-223-3p. In conclusion, this study indicates that intensive rehabilitation can modify circulating biomarkers in PD. Our findings indicate that intensive exercise induces a sustained elevation of serum BDNF and miR-7-1-5p, reflecting enhanced neuroplastic and neurotrophic activity.

ClinicalTrials.gov, identifier: NCT05452655.",Frontiers in cellular neuroscience,2026,Agostini S; Meloni M; Mancuso R; Nuzzi R; Ferraro G; Salvatore A; Arcuri P; Castagna A; Navarro J; Saibene FL; Clerici M,,"Parkinson’s disease; biomarkers; brain-derived neurotrophic factor (BDNF); intensive outpatient multidisciplinary rehabilitation program; miRNAs; randomized, single-blind, controlled, two-arm trial"
42278353,10.3390/ijms27114824,Neuroinflammation and Secretase Regulation in Alzheimer's Disease: From Molecular Cross-Talk to Multi-Target Therapeutics.,"Alzheimer's disease (AD) is a progressive neurodegenerative disorder characterized by amyloid-β (Aβ) plaque deposition, neurofibrillary tau tangles, synaptic dysfunction, and progressive cognitive decline. AD is increasingly recognized as a condition in which chronic neuroinflammation actively shifts amyloid precursor protein (APP) processing toward the amyloidogenic pathway, driving Aβ production and accumulation rather than merely accompanying amyloid deposition. In this review, we examine the molecular cross-talk between inflammatory signalling and secretase regulation, highlighting how pro-inflammatory mediators promote amyloidogenic processing and contribute to downstream synaptic dysfunction. We discuss the major pathways linking glial activation to aberrant APP cleavage, including STAT3-dependent BACE1 upregulation, immune-mediated modulation of γ-secretase through IFITM3, and activation of the C/EBPβ/δ-secretase axis, which connects inflammatory stress to both amyloid and tau pathology. We further address the contribution of epigenetic mechanisms, particularly microRNA-mediated derepression of BACE1 and suppression of ADAM10, as well as SIRT3-related impairment of Aβ clearance. These interconnected processes establish a feed-forward pathogenic network in which neuroinflammation amplifies secretase imbalance, amyloidogenesis, and synaptic vulnerability. Finally, we discuss emerging multi-target therapeutic strategies aimed at modulating inflammatory signalling, restoring non-amyloidogenic APP processing, and preserving proteostatic and synaptic resilience. Collectively, this framework supports the view that targeting the inflammatory control of secretase activity may represent a biologically relevant strategy for disease modification in AD.",International journal of molecular sciences,2026,Cipriano GL; Anchesi I; Raffaele I; Astorino MF; Minuti A; Calabrò M; Crisafulli C,Humans; Alzheimer Disease; Amyloid Precursor Protein Secretases; Animals; Neuroinflammatory Diseases; Signal Transduction; Amyloid beta-Protein Precursor; Aspartic Acid Endopeptidases; Amyloid beta-Peptides,ADAM10; Alzheimer’s disease; BACE1; amyloidogenesis; microRNA; neuroinflammation; secretases; synaptic dysfunction; γ-secretase; δ-secretase
42204625,10.1186/s12967-026-08313-9,MicroRNA-7: a versatile player and core target in brain disorders.,"This article provides a systematic review of the biological characteristics, regulatory mechanisms, and roles of MicroRNA-7 (miR-7) in the nervous system, as well as explores its clinical translation potential and challenges.

A review analysis integrating the progress of basic and clinical research related to miR-7.

Characteristics and Regulation: miR-7 is highly expressed in mammalian brain tissues, with its function finely regulated by ceRNA networks (such as ciRS-7 and lncRNA SNHG1) and epigenetic modifications, forming a multi-layer dynamic regulatory system.

It plays multi-faceted intervention roles in protein aggregation, neuroinflammation, mitochondrial dysfunction, and tumor progression by targeting key factors such as α-synuclein, NLRP3 inflammasome, EGFR/PI3K/AKT/mTOR pathway, and mitochondrial-related proteins (e.g. VDAC1). Role in Disease: It has significant pathophysiological implications in diseases such as Parkinson's disease, Alzheimer's disease, ischemic stroke, cerebral hemorrhage, and glioblastoma. Translational Potential: Changes in miR-7 expression in bodily fluids (blood, cerebrospinal fluid) and extracellular vesicles demonstrate diagnostic and prognostic potential; delivery systems based on nanomedicine (e.g. liposomes, graphene oxide, AAV vectors) and their combination therapy strategies (e.g. in conjunction with chemotherapy and immunotherapy) enhance its brain targeting and therapeutic efficiency.

miR-7 is a key regulatory molecule in brain diseases, with significant value for basic research and clinical translation. Future advancements should leverage cutting-edge technologies such as single-cell sequencing, spatial transcriptomics, and intelligent responsive nanocarriers to deepen the understanding of its regulatory networks and address challenges such as mechanism complexity, delivery system targeting, and the lack of clinical translation standards, to accelerate its transition from basic research to clinical application.",Journal of translational medicine,2026,Deng J; Li D; Li Z; Pan Y; Xiong J,"Humans; MicroRNAs; Brain Diseases; Animals; RNA, Competitive Endogenous",Brain diseases; CeRNA network; Epigenetic regulation; Nano-delivery system; miR-7
41876051,10.1016/j.neuroscience.2026.03.036,Amyloid precursor protein derivatives differentially alter the microRNA cargo of astrocyte-derived extracellular vesicles.,"Alterations to the protein and microRNA cargo of extracellular vesicles (EVs) occur in Alzheimer's disease (AD) and may contribute to disease progression. We previously showed that ingestion of amyloid-beta (Aβ) by both murine and human astrocytes leads to alterations to the protein cargo of EVs that induce significant neuronal impairment and apoptosis. Here, we hypothesised that pathological changes to the microRNA cargo of astrocyte-derived EVs (ADEVs) would also occur following exposure of astrocytes to Aβ, whereas treatment of astrocytes with the neuroprotective protein secreted amyloid precursor protein-alpha (sAPPα) would induce neuroprotective changes in microRNA expression in ADEVs. Primary murine astrocytes were treated with vehicle, 0.1 μM Aβ protofibrils (AβPF), 1 nM sAPPα, or 1 nM sAPPα in conjunction with 0.1 μM AβPF (sAPPα + AβPF). Differentially expressed microRNA in ADEVs were detected by RT-qPCR using highly sensitive TaqMan Advanced microRNA arrays representing 168 neurodegeneration-associated microRNA. ADEVs from AβPF-exposed astrocytes contained significantly higher amounts of let-7c-5p, miR-29a-3p and miR-34a-5p, while miR-99b-5p and miR-181d-5p were significantly increased in ADEVs from sAPPα- and sAPPα + AβPF-treated astrocytes, respectively. Bioinformatic analysis revealed that gene targets of microRNA upregulated in ADEVs following astrocytic exposure to either AβPF or sAPPα + AβPF were enriched in numerous pathways with known links to AD pathology, with gene targets of the sAPPα + AβPF group also enriched in immune system-related pathways. In contrast, gene targets of miR-99b-5p are known to directly target pathways that are involved in AD, suggesting that ADEVs secreted by sAPPα-treated astrocytes have neuroprotective potential.",Neuroscience,2026,Chu AJ; Erlandsson A; Williams JM,"Animals; Astrocytes; MicroRNAs; Extracellular Vesicles; Amyloid beta-Protein Precursor; Cells, Cultured; Amyloid beta-Peptides; Mice; Mice, Inbred C57BL; Peptide Fragments",Alzheimer’s disease; Amyloid-beta; Astrocytes; Extracellular vesicles; MicroRNA; Secreted amyloid precursor protein-alpha
42178743,10.1080/15257770.2026.2662373,"Gene therapy, RNA-based drugs, and CRISPR in neuroprotection.","Neurodegenerative diseases are associated with progressive neural malfunction, which is driven by common molecular pathologies that encompass protein aggregations, mitochondrial dysfunction, aberrant RNA metabolism and impaired intracellular clearance. Conventional treatments are largely symptomatic with no treatment of the underlying pathology. Gene therapies, RNA-based therapeutic platforms and CRISPR-based genome-editing technologies provide more targeted methods to regulate the pathological pathways and restore neuronal homeostasis. Nevertheless, these interventions can have transient, reversible or long-term effects instead of a consistent irreversible effect depending on the platform being used. Engineered viral vectors, particularly adeno-associated viruses, enable cell-type-specific and circuit-resolved delivery within the central nervous system. Although constrained by a limited packaging capacity (∼4.7 kb), innovations such as dual-vector systems and capsid engineering are expanding their functional utility. RNA therapeutics, such as antisense oligonucleotides, siRNA/miRNA and synthetic mRNA, provide reversible gene expression regulation, whereas CRISPR can be used to disrupt, correct or regulate the expression of specific genes. Together, these platforms constitute a multifaceted and evolving toolkit for neuroprotection, with the potential to modify disease progression in neurodegenerative disorders. However, most approaches remain at preclinical or early clinical stages, and further validation is required to establish long-term efficacy and safety.","Nucleosides, nucleotides & nucleic acids",2026,Taufiq A; Dar SA; Singh S; Jawed A; Singh T,,CRISPR genome editing; Neurodegenerative diseases; RNA-based therapeutics; adeno-associated virus vectors; gene therapy
42227493,10.2174/0113862073456087260329192856,Identification and Regulation of Common Key Genes in COPD and AD.,"Chronic obstructive pulmonary disease (COPD) is a prevalent comorbidity in Alzheimer's disease (AD) patients. Despite their potential links, the shared pathology of AD and COPD is unclear. This study used bioinformatics to identify key genes involved in both diseases.

Transcriptome data of AD and COPD were obtained from the Gene Expression Omnibus (GEO) database, and common differentially expressed genes (DEGs) of the two diseases were screened by differential expression analysis. Hub genes were identified using topological analysis algorithms in the protein-protein interaction (PPI) network. Receiver operating characteristic (ROC) curve analysis, gene set enrichment analysis (GSEA), as well as the prediction of regulatory transcription factors (TFs) and microRNAs (miRNAs) were performed for these hub genes.

Thirty common DEGs were identified, with enrichment analysis linking them to neurodegeneration pathways. From the PPI network, five key genes (PDP1, SERPINI1, PPP3CA, ATP2B1, and VSNL1) were found to have significant diagnostic value (area under the curve > 0.6). GSEA revealed their functional roles, and a regulatory network suggested that TFs (e.g., ZNF76, KLF8) regulate these genes. Finally, a disease-miRNA-mRNA network was constructed, linking AD/COPD, four mRNAs, and seven miRNAs (e.g., hsa-miR-206).

This study preliminarily elucidated the cross-regulatory relationship between COPD and AD via bioinformatics, laying a theoretical foundation for investigating their comorbidity mechanism. However, all findings are based on bioinformatics analyses and require further experimental validation.

This study identified five key genes linking AD and COPD, providing insights into their shared pathogenesis and potential diagnostic biomarkers for this comorbidity.",Combinatorial chemistry & high throughput screening,2026,Yang H; Li Y,,Alzheimer's disease; bioinformatics; chronic obstructive pulmonary disease; differentially expressed gene; enrichment analysis; regulatory network.
